Task,Instance,Family,Method,N,EqualityRank,ReducedOrder,SDPSeconds,Post,P1,P2,Total,Objective,Bound,Gap,Proved,Status,Phase1Status,Iterations,Residual,Mu,RecoveryResidual,MinEig,Products,Nodes,SolverStatus,ObjectiveErrorBound,IntegerObjective,ValidatedProved,ValidatedGap,Validation
1,chr12a,qap,ADMM,144,23,122,0.784696,0.067599,0.852295,0.349465,1.20176,9552,9552,1.90430213939055e-14,1,OPTIMAL,CONVERGED,263,0.000782926904603392,0.00131229841321811,1.14786977837962e-14,8.62250715033005e-05,8667,1,OPTIMAL,0,1,1,0.0,OK
2,chr12a,qap,CB,144,23,122,50.592468,0.041854,50.634322,15.404061,66.038383,9552,9552.00000000745,0,1,OPTIMAL,ORACLE_FAILURE_WITH_SNAPSHOT,NaN,NaN,NaN,NaN,NaN,3918,10576,OPTIMAL,0,1,1,0.0,OK
3,chr12a,qap,GUROBI,144,23,122,0,0.002567,0.002567,1.943125,1.945692,9552,9552,0,1,OPTIMAL,NA,NaN,NaN,NaN,NaN,NaN,0,5523,OPTIMAL,0,1,1,0.0,OK
4,chr12b,qap,ADMM,144,23,122,0.765459,0.060412,0.825871,0.431961,1.257832,9742,9742,0,1,OPTIMAL,CONVERGED,254,0.000815782582298698,1.20245281102959,7.63210235306391e-15,0.000155447996469188,8675,1,OPTIMAL,0,1,1,0.0,OK
5,chr12b,qap,CB,144,23,122,460.047901,0.056669,460.10457,0.877156,460.981726,9742,9741.99401207735,6.14650241606497e-05,1,OPTIMAL,"1, relative precision criterion satisfied",NaN,NaN,NaN,NaN,NaN,5626,3,OPTIMAL,0,1,1,6.146502412330644e-05,OK
6,chr12b,qap,GUROBI,144,23,122,0,0.003556,0.003556,0.650296,0.653852,9742,9742,0,1,OPTIMAL,NA,NaN,NaN,NaN,NaN,NaN,0,1049,OPTIMAL,0,1,1,0.0,OK
7,chr12c,qap,ADMM,144,23,122,1.110561,0.061907,1.172468,0.41208,1.584548,11156,11156,3.261006460283e-14,1,OPTIMAL,CONVERGED,386,0.000841033202682084,0.192594343579843,1.11737752574027e-14,6.42253991026719e-05,8641,1,OPTIMAL,0,1,1,0.0,OK
8,chr12c,qap,CB,144,23,122,901.29411,0.056525,901.350635,1.235878,902.586513,11156,11156.0000000037,0,1,OPTIMAL,TIME_LIMIT_WITH_CHECKPOINT,NaN,NaN,NaN,NaN,NaN,4357,345,OPTIMAL,0,1,1,0.0,OK
9,chr12c,qap,GUROBI,144,23,122,0,0.001001,0.001001,13.932252,13.933253,11156,11156,0,1,OPTIMAL,NA,NaN,NaN,NaN,NaN,NaN,0,13285,OPTIMAL,0,1,1,0.0,OK
10,chr15a,qap,ADMM,225,29,197,5.304345,0.07257,5.376915,0.65858,6.035495,9896,9896,0,1,OPTIMAL,CONVERGED,557,0.000992715822461945,2.54769550167295,1.48195017708977e-14,0.000100391184892166,21712,1,OPTIMAL,0,1,1,0.0,OK
11,chr15a,qap,CB,225,29,197,342.469092,0.059472,342.528564,2003.442112,2345.970676,9896,9896,0,1,OPTIMAL,ORACLE_FAILURE_WITH_SNAPSHOT,NaN,NaN,NaN,NaN,NaN,7086,858861,OPTIMAL,0,1,1,0.0,OK
12,chr15a,qap,GUROBI,225,29,197,0,0.001448,0.001448,71.417932,71.41938,9896,9896,0,1,OPTIMAL,NA,NaN,NaN,NaN,NaN,NaN,0,87979,OPTIMAL,0,1,1,0.0,OK
13,chr15b,qap,ADMM,225,29,197,5.175865,0.069155,5.24502,0.669821,5.914841,7990,7990,0,1,OPTIMAL,CONVERGED,549,1.1184416840242e-07,-3.29131622458195e-07,9.05757313595639e-15,0.00014838154805206,22036,1,OPTIMAL,0,1,1,0.0,OK
14,chr15b,qap,CB,225,29,197,338.988214,0.060612,339.048826,224.697741,563.746567,7990,7990.00000013411,0,1,OPTIMAL,ORACLE_FAILURE_WITH_SNAPSHOT,NaN,NaN,NaN,NaN,NaN,8330,74050,OPTIMAL,0,1,1,0.0,OK
15,chr15b,qap,GUROBI,225,29,197,0,0.001129,0.001129,5.747993,5.749122,7990,7990,0,1,OPTIMAL,NA,NaN,NaN,NaN,NaN,NaN,0,14911,OPTIMAL,0,1,1,0.0,OK
16,chr15c,qap,ADMM,225,29,197,3.166175,0.067595,3.23377,0.657371,3.891141,9504,9504,3.82783965392647e-14,1,OPTIMAL,CONVERGED,327,2.26364485179936e-08,-0.000222025814245372,2.04783786239999e-14,7.18331315228865e-05,22029,1,OPTIMAL,0,1,1,0.0,OK
17,chr15c,qap,CB,225,29,197,347.120852,0.053296,347.174148,2316.580174,2663.754322,9504,9504.00000011921,0,1,OPTIMAL,ORACLE_FAILURE_WITH_SNAPSHOT,NaN,NaN,NaN,NaN,NaN,7271,1025498,OPTIMAL,0,1,1,0.0,OK
18,chr15c,qap,GUROBI,225,29,197,0,0.001288,0.001288,181.240832,181.24212,9504,9504,0,1,OPTIMAL,NA,NaN,NaN,NaN,NaN,NaN,0,268177,OPTIMAL,0,1,1,0.0,OK
19,chr18a,qap,ADMM,324,35,290,16.254882,0.096397,16.351279,3.133555,19.484834,11098,11098,0,1,OPTIMAL,CONVERGED,659,0.000918174496316482,2.03582771407615,9.61552752092865e-15,0.000208902907131911,46420,5,OPTIMAL,0,1,1,0.0,OK
20,chr18a,qap,CB,324,35,290,901.386655,0.062808,901.449463,2699.036682,3600.486145,13070,-9721.92798409456,174.383534690854,0,TIME_LIMIT,TIME_LIMIT_WITH_CHECKPOINT,NaN,NaN,NaN,NaN,NaN,18272,269664,TIME_LIMIT,0,1,0,174.38353469085357,OK
21,chr18a,qap,GUROBI,324,35,290,0,0.001972,0.001972,358.6612,358.663172,11098,11098,0,1,OPTIMAL,NA,NaN,NaN,NaN,NaN,NaN,0,306175,OPTIMAL,0,1,1,0.0,OK
22,chr18b,qap,ADMM,324,35,290,8.752109,0.090901,8.84301,100.671213,109.514223,1534,1534,0,1,OPTIMAL,CONVERGED,354,0.000915535249644284,0.0592662845038183,4.27383867870487e-14,1.99474510852742e-06,44029,2288,OPTIMAL,0,1,1,0.0,OK
23,chr18b,qap,CB,324,35,290,881.742672,0.09125,881.833922,2718.554385,3600.388307,1596,290.002978197485,81.8293873309846,0,TIME_LIMIT,ORACLE_FAILURE_WITH_SNAPSHOT,NaN,NaN,NaN,NaN,NaN,20988,157287,TIME_LIMIT,0,1,0,81.82938733098466,OK
24,chr18b,qap,GUROBI,324,35,290,0,0.001636,0.001636,48.070948,48.072584,1534,1534,0,1,OPTIMAL,NA,NaN,NaN,NaN,NaN,NaN,0,10202,OPTIMAL,0,1,1,0.0,OK
25,chr20a,qap,ADMM,400,39,362,41.27748,0.13426,41.41174,3.760303,45.172043,2192,2192,0,1,OPTIMAL,CONVERGED,886,0.00040536527654259,0.144024051380755,2.47097186087157e-14,1.64531374455882e-05,71928,1,OPTIMAL,0,1,1,0.0,OK
26,chr20a,qap,CB,400,39,362,900.994192,0.097792,901.091984,2699.078326,3600.17031,2834,-9552.01757070346,437.050725854039,0,TIME_LIMIT,TIME_LIMIT_WITH_CHECKPOINT,NaN,NaN,NaN,NaN,NaN,37374,10682,TIME_LIMIT,0.000122349474658279,1,0,437.05072585403883,OK
27,chr20a,qap,GUROBI,400,39,362,0,0.001029,0.001029,67.879576,67.880605,2192,2192,0,1,OPTIMAL,NA,NaN,NaN,NaN,NaN,NaN,0,51799,OPTIMAL,0,1,1,0.0,OK
28,chr20b,qap,ADMM,400,39,362,40.941194,0.117929,41.059123,3.134302,44.193425,2298,2298,9.89441581563238e-14,1,OPTIMAL,CONVERGED,925,8.20376259661644e-05,-2.65714863745598e-05,3.04257610164924e-14,7.15438020054189e-06,71781,1,OPTIMAL,0,1,1,0.0,OK
29,chr20b,qap,CB,400,39,362,900.700869,0.076429,900.777298,2699.480108,3600.257406,2718,-7045.62112424148,359.220791914698,0,TIME_LIMIT,TIME_LIMIT_WITH_CHECKPOINT,NaN,NaN,NaN,NaN,NaN,34197,87827,TIME_LIMIT,0.000174055434465031,1,0,359.22079191469754,OK
30,chr20b,qap,GUROBI,400,39,362,0,0.002459,0.002459,3601.092226,3601.094685,2368,954,59.7128378378378,0,TIME_LIMIT,NA,NaN,NaN,NaN,NaN,NaN,0,829911,TIME_LIMIT,0,1,0,59.71283783783784,OK
31,chr20c,qap,ADMM,400,39,362,29.081354,0.123041,29.204395,4.19819,33.402585,14142,14141.9998181702,1.28574298743117e-06,1,OPTIMAL,CONVERGED,612,0.000797214935114072,4.99147769382805,1.42278180842649e-14,0.000323529400338653,71967,7,OPTIMAL,0,1,1,1.2857431803659798e-06,OK
32,chr20c,qap,CB,400,39,362,900.717931,0.086449,900.80438,2699.383311,3600.187691,18220,-86873.3793432738,576.802301554741,0,TIME_LIMIT,TIME_LIMIT_WITH_CHECKPOINT,NaN,NaN,NaN,NaN,NaN,39596,18834,TIME_LIMIT,0,1,0,576.802301554741,OK
33,chr20c,qap,GUROBI,400,39,362,0,0.002717,0.002717,20.297036,20.299753,14142,14142,0,1,OPTIMAL,NA,NaN,NaN,NaN,NaN,NaN,0,38278,OPTIMAL,0,1,1,0.0,OK
34,chr22a,qap,ADMM,484,43,442,91.243409,0.153552,91.396961,5.037701,96.434662,6156,6155.99999999999,1.47741179625232e-13,1,OPTIMAL,CONVERGED,1116,2.79929009434013e-06,-1.24842940493482e-06,8.18802964798057e-14,1.51738940128235e-05,106693,1,OPTIMAL,0,1,1,1.625152975877552e-13,OK
35,chr22a,qap,CB,484,43,442,900.832065,0.097463,900.929528,2699.280018,3600.209546,6774,-30626.4667491911,552.117902999573,0,TIME_LIMIT,TIME_LIMIT_WITH_CHECKPOINT,NaN,NaN,NaN,NaN,NaN,63328,10204,TIME_LIMIT,0,1,0,552.1179029995733,OK
36,chr22a,qap,GUROBI,484,43,442,0,0.001177,0.001177,3605.426549,3605.427726,6234,3692,40.7763875521335,0,TIME_LIMIT,NA,NaN,NaN,NaN,NaN,NaN,0,6025817,TIME_LIMIT,0,1,0,40.776387552133464,OK
37,chr22b,qap,ADMM,484,43,442,129.415098,0.200391,129.615489,12.499468,142.114957,6194,6194,7.34173960100846e-14,1,OPTIMAL,CONVERGED,1423,0.000257578840640196,0.0641880785209479,1.12815940653666e-13,1.00841591489119e-05,105969,3,OPTIMAL,0,1,1,0.0,OK
38,chr22b,qap,CB,484,43,442,900.908545,0.103337,901.011882,2699.226202,3600.238084,6916,-37374.3345858438,640.403912461593,0,TIME_LIMIT,TIME_LIMIT_WITH_CHECKPOINT,NaN,NaN,NaN,NaN,NaN,70526,12653,TIME_LIMIT,0.000276062758159751,1,0,640.4039124615933,OK
39,chr22b,qap,GUROBI,484,43,442,0,0.000976,0.000976,3601.342416,3601.343392,6374,2626,58.8013806087229,0,TIME_LIMIT,NA,NaN,NaN,NaN,NaN,NaN,0,706383,TIME_LIMIT,0,1,0,58.80138060872294,OK
40,chr25a,qap,ADMM,625,49,577,214.399519,0.322998,214.722517,22.191263,236.91378,3796,3796,0,1,OPTIMAL,CONVERGED,1152,0.00043754293589666,0.0297548536823624,4.07913046074659e-14,3.694675634827e-05,179450,6,OPTIMAL,0,1,1,0.0,OK
41,chr25a,qap,CB,625,49,577,901.377708,0.175118,901.552826,2698.78251,3600.335336,19750,-69660.2878488883,452.710318222219,0,TIME_LIMIT,TIME_LIMIT_WITH_CHECKPOINT,NaN,NaN,NaN,NaN,NaN,117274,1,TIME_LIMIT,0.00129526699407649,1,0,452.71031822221926,OK
42,chr25a,qap,GUROBI,625,49,577,0,0.001262,0.001262,3603.128946,3603.130208,4220,1014,75.9715639810426,0,TIME_LIMIT,NA,NaN,NaN,NaN,NaN,NaN,0,2626901,TIME_LIMIT,0,1,0,75.97156398104265,OK
43,els19,qap,ADMM,361,37,325,17.395646,0.107612,17.503258,5.696216,23.199474,17212548,17212548,0,1,OPTIMAL,CONVERGED,520,0.000991920881983813,10322.7153256934,6.98520005645932e-15,0.293497120772164,57211,71,OPTIMAL,0,1,1,0.0,OK
44,els19,qap,CB,361,37,325,243.168262,0.097244,243.265506,3356.947156,3600.212662,20265368,-120.316953713693,100.000593707224,0,TIME_LIMIT,"1, relative precision criterion satisfied",NaN,NaN,NaN,NaN,NaN,55459,5000,TIME_LIMIT,0.384601980716403,1,0,100.00059370722364,OK
45,els19,qap,GUROBI,361,37,325,0,0.001691,0.001691,40.224307,40.225998,17212548,17212548,0,1,OPTIMAL,NA,NaN,NaN,NaN,NaN,NaN,0,54798,OPTIMAL,0,1,1,0.0,OK
46,esc16a,qap,ADMM,256,31,226,2.798403,0.090889,2.889292,3597.739019,3600.628311,68,67.9371373215859,0.0924451153148203,1,TIME_LIMIT,CONVERGED,219,0.000894977603820948,0.0173395002024794,7.23887584285404e-15,8.90746520195159e-07,24144,2196421,TIME_LIMIT,0,1,1,0.09244511531486206,OK
47,esc16a,qap,CB,256,31,226,900.595229,0.057967,900.653196,2700.195541,3600.848737,68,60.7830135725386,10.613215334502,0,TIME_LIMIT,TIME_LIMIT_WITH_CHECKPOINT,NaN,NaN,NaN,NaN,NaN,8674,914169,TIME_LIMIT,0.000124119995585065,1,0,10.613215334502058,OK
48,esc16a,qap,GUROBI,256,31,226,0,0.001309,0.001309,14.189773,14.191082,68,68,0,1,OPTIMAL,NA,NaN,NaN,NaN,NaN,NaN,0,1450,OPTIMAL,0,1,1,0.0,OK
49,esc16b,qap,ADMM,256,31,226,1.718663,0.082077,1.80074,3601.171093,3602.971833,292,291.968091370648,0.0109276127918841,1,TIME_LIMIT,CONVERGED,132,0.000775506994925255,0.00808185908495174,1.8977551852108e-14,6.95919155550611e-07,13279,4355811,TIME_LIMIT,0,1,1,0.010927612791786718,OK
50,esc16b,qap,CB,256,31,226,900.540921,0.056833,900.597754,2701.032993,3601.630747,292,284.893582347163,2.43370467562902,0,TIME_LIMIT,TIME_LIMIT_WITH_CHECKPOINT,NaN,NaN,NaN,NaN,NaN,5234,1771255,TIME_LIMIT,0,1,0,2.4337046756291176,OK
51,esc16b,qap,GUROBI,256,31,226,0,0.001339,0.001339,3601.664236,3601.665575,292,20.8143331899749,92.8718037020634,0,TIME_LIMIT,NA,NaN,NaN,NaN,NaN,NaN,0,7103780,TIME_LIMIT,0,1,0,92.87180370206339,OK
52,esc16c,qap,ADMM,256,31,226,3.333506,0.117443,3.450949,3597.191418,3600.642367,160,154.060895873954,3.71194007877849,0,TIME_LIMIT,CONVERGED,184,0.000412565484832793,0.00378545373427427,4.24221802608304e-15,2.27849350067479e-06,22021,608963,TIME_LIMIT,0,1,0,3.7119400787787526,OK
53,esc16c,qap,CB,256,31,226,363.638268,0.113561,363.751829,3237.147642,3600.899471,160,38.2576000662274,76.0889999586079,0,TIME_LIMIT,ORACLE_FAILURE_WITH_SNAPSHOT,NaN,NaN,NaN,NaN,NaN,14871,395785,TIME_LIMIT,0.000249608882986863,1,0,76.08899995860787,OK
54,esc16c,qap,GUROBI,256,31,226,0,0.00159,0.00159,3603.145595,3603.147185,160,96,40,0,TIME_LIMIT,NA,NaN,NaN,NaN,NaN,NaN,0,2912166,TIME_LIMIT,0,1,0,40.0,OK
55,esc16d,qap,ADMM,256,31,226,2.28658,0.083274,2.369854,3599.374175,3601.744029,16,15.4642587706268,3.34838268358252,1,TIME_LIMIT,CONVERGED,186,0.000809077844806626,0.0111933227774991,3.56351291449189e-15,7.25505181687449e-07,26769,4794319,TIME_LIMIT,0,1,1,3.348382683582496,OK
56,esc16d,qap,CB,256,31,226,900.795083,0.064289,900.859372,2700.210193,3601.069565,16,10.7691734940268,32.6926656623326,0,TIME_LIMIT,TIME_LIMIT_WITH_CHECKPOINT,NaN,NaN,NaN,NaN,NaN,8430,949340,TIME_LIMIT,9.07835022094478e-05,1,0,32.6926656623325,OK
57,esc16d,qap,GUROBI,256,31,226,0,0.000833,0.000833,14.079424,14.080257,16,16,0,1,OPTIMAL,NA,NaN,NaN,NaN,NaN,NaN,0,1239,OPTIMAL,0,1,1,0.0,OK
58,esc16e,qap,ADMM,256,31,226,3.477914,0.123998,3.601912,3599.955385,3603.557297,28,27.8947599363614,0.37585737013782,1,TIME_LIMIT,CONVERGED,185,0.000753053797368381,0.0315986682702516,6.65450343590555e-15,1.07757844739948e-06,26524,5183092,TIME_LIMIT,0,1,1,0.3758573701378585,OK
59,esc16e,qap,CB,256,31,226,804.843693,0.107628,804.951321,2795.954571,3600.905892,28,15.2840485262621,45.414112406207,0,TIME_LIMIT,ORACLE_FAILURE_WITH_SNAPSHOT,NaN,NaN,NaN,NaN,NaN,10243,469969,TIME_LIMIT,0.000257896746804208,1,0,45.414112406206776,OK
60,esc16e,qap,GUROBI,256,31,226,0,0.001129,0.001129,3.616699,3.617828,28,28,0,1,OPTIMAL,NA,NaN,NaN,NaN,NaN,NaN,0,4681,OPTIMAL,0,1,1,0.0,OK
61,esc16f,qap,ADMM,256,31,226,0.105039,0.095052,0.200091,0.588507,0.788598,0,3.97046694025453e-23,0,1,OPTIMAL,CONVERGED,5,2.66772201195115e-14,2.33267120107278e-33,5.72305226711167e-47,1e-08,28546,0,OPTIMAL,0,1,1,0.0,OK
62,esc16f,qap,CB,256,31,226,5.787658,0.04745,5.835108,0.126461,5.961569,0,-1.6940658945086e-21,1.6940658945086e-19,1,OPTIMAL,"1, relative precision criterion satisfied",NaN,NaN,NaN,NaN,NaN,3720,0,OPTIMAL,0,1,1,1.6940658945086e-19,OK
63,esc16f,qap,GUROBI,256,31,226,0,0.00109,0.00109,0.301116,0.302206,0,0,0,1,OPTIMAL,NA,NaN,NaN,NaN,NaN,NaN,0,0,OPTIMAL,0,1,1,0.0,OK
64,esc16g,qap,ADMM,256,31,226,2.504018,0.06177,2.565788,3599.792658,3602.358446,26,25.9155193637116,0.324925524185993,1,TIME_LIMIT,CONVERGED,196,0.00092720945052097,0.0216667514273071,5.4074982346275e-15,9.28885579199299e-07,27018,6368772,TIME_LIMIT,0,1,1,0.3249255241861567,OK
65,esc16g,qap,CB,256,31,226,444.320822,0.073659,444.394481,3156.194169,3600.58865,26,14.4645479115993,44.3671234169258,0,TIME_LIMIT,ORACLE_FAILURE_WITH_SNAPSHOT,NaN,NaN,NaN,NaN,NaN,12855,616701,TIME_LIMIT,0.000616632955236237,1,0,44.36712341692577,OK
66,esc16g,qap,GUROBI,256,31,226,0,0.001152,0.001152,6.733617,6.734769,26,26,0,1,OPTIMAL,NA,NaN,NaN,NaN,NaN,NaN,0,24533,OPTIMAL,0,1,1,0.0,OK
67,esc16h,qap,ADMM,256,31,226,2.055377,0.126421,2.181798,3599.656684,3601.838482,996,994.913676929722,0.109068581353226,0,TIME_LIMIT,CONVERGED,160,0.000741981211354023,0.184383113682213,5.54141117338412e-15,9.67783984034519e-06,14107,5469434,TIME_LIMIT,0,1,0,0.10906858135321415,OK
68,esc16h,qap,CB,256,31,226,900.861696,0.055784,900.91748,2700.108718,3601.026198,996,910.703529610473,8.56390264955087,0,TIME_LIMIT,TIME_LIMIT_WITH_CHECKPOINT,NaN,NaN,NaN,NaN,NaN,7126,1105792,TIME_LIMIT,0,1,0,8.563902649550906,OK
69,esc16h,qap,GUROBI,256,31,226,0,0.001019,0.001019,31.883336,31.884355,996,996,0,1,OPTIMAL,NA,NaN,NaN,NaN,NaN,NaN,0,15062,OPTIMAL,0,1,1,0.0,OK
70,esc16i,qap,ADMM,256,31,226,3.268125,0.063738,3.331863,3599.489481,3602.821344,14,13.9858634501234,0.100975356261707,1,TIME_LIMIT,CONVERGED,256,0.000958598659557428,0.00235124566132206,8.21955803806753e-15,9.14929834619039e-07,27346,4724713,TIME_LIMIT,0,1,1,0.10097535626142827,OK
71,esc16i,qap,CB,256,31,226,900.860143,0.055455,900.915598,2701.144105,3602.059703,14,12.7044981266383,9.25358480972678,0,TIME_LIMIT,TIME_LIMIT_WITH_CHECKPOINT,NaN,NaN,NaN,NaN,NaN,6499,2600236,TIME_LIMIT,9.28385823222875e-05,1,0,9.253584809726423,OK
72,esc16i,qap,GUROBI,256,31,226,0,0.000957,0.000957,15.699941,15.700898,14,14,0,1,OPTIMAL,NA,NaN,NaN,NaN,NaN,NaN,0,41022,OPTIMAL,0,1,1,0.0,OK
73,esc16j,qap,ADMM,256,31,226,3.359346,0.058586,3.417932,3600.546675,3603.964607,8,7.98289120289698,0.213859963787788,1,TIME_LIMIT,CONVERGED,272,0.000966657081216768,0.00323196516630861,6.81057024490031e-15,5.13256800751734e-07,27802,8466644,TIME_LIMIT,0,1,1,0.21385996378775474,OK
74,esc16j,qap,CB,256,31,226,900.865525,0.046677,900.912202,2700.287647,3601.199849,8,7.48709132631084,6.41135842111453,1,TIME_LIMIT,TIME_LIMIT_WITH_CHECKPOINT,NaN,NaN,NaN,NaN,NaN,5571,3596259,TIME_LIMIT,0.00102343964094215,1,1,6.4113584211145,OK
75,esc16j,qap,GUROBI,256,31,226,0,0.00183,0.00183,0.899503,0.901333,8,8,0,1,OPTIMAL,NA,NaN,NaN,NaN,NaN,NaN,0,1621,OPTIMAL,0,1,1,0.0,OK
76,had12,qap,ADMM,144,23,122,1.548009,0.072495,1.620504,0.353911,1.974415,1652,1652,0,1,OPTIMAL,CONVERGED,539,0.000680594303273313,0.0794729157732918,1.08430800574844e-14,4.18091603257103e-06,8087,1,OPTIMAL,0,1,1,0.0,OK
77,had12,qap,CB,144,23,122,219.973191,0.045735,220.018926,0.96979,220.988716,1652,1651.99959253976,2.46646635491137e-05,1,OPTIMAL,"1, relative precision criterion satisfied",NaN,NaN,NaN,NaN,NaN,7267,15,OPTIMAL,0.000407460008997163,1,1,2.4664663439005416e-05,OK
78,had12,qap,GUROBI,144,23,122,0,0.001701,0.001701,3603.606673,3603.608374,1652,1498,9.32203389830508,0,TIME_LIMIT,NA,NaN,NaN,NaN,NaN,NaN,0,10218082,TIME_LIMIT,0,1,0,9.322033898305085,OK
79,had14,qap,ADMM,196,27,170,4.939492,0.051402,4.990894,1.442247,6.433141,2724,2724,0,1,OPTIMAL,CONVERGED,775,0.000996310110690502,0.374173349189585,6.38553141722569e-15,8.24467428476786e-06,13197,16,OPTIMAL,0,1,1,0.0,OK
80,had14,qap,CB,196,27,170,900.805414,0.059187,900.864601,2.956117,903.820718,2724,2723.99912223827,3.22232645323121e-05,1,OPTIMAL,TIME_LIMIT_WITH_CHECKPOINT,NaN,NaN,NaN,NaN,NaN,14149,71,OPTIMAL,0.000877761493189411,1,1,3.2223264682559046e-05,OK
81,had14,qap,GUROBI,196,27,170,0,0.001605,0.001605,3604.201321,3604.202926,2724,1846,32.2320117474302,0,TIME_LIMIT,NA,NaN,NaN,NaN,NaN,NaN,0,6275942,TIME_LIMIT,0,1,0,32.23201174743025,OK
82,had16,qap,ADMM,256,31,226,10.160878,0.069903,10.230781,3.129208,13.359989,3720,3720,1.22243911528619e-14,1,OPTIMAL,CONVERGED,767,0.000977519816991611,0.495502463062732,6.03928552938935e-15,1.1299216357962e-05,23437,28,OPTIMAL,0,1,1,0.0,OK
83,had16,qap,CB,256,31,226,900.814435,0.050053,900.864488,116.515391,1017.379879,3720,3719.9993721832,1.68767958281825e-05,1,OPTIMAL,TIME_LIMIT_WITH_CHECKPOINT,NaN,NaN,NaN,NaN,NaN,19692,1255,OPTIMAL,0.000627816804984249,1,1,1.687679569371422e-05,OK
84,had16,qap,GUROBI,256,31,226,0,0.001262,0.001262,3602.599461,3602.600723,3722,1854,50.1880709296077,0,TIME_LIMIT,NA,NaN,NaN,NaN,NaN,NaN,0,3340041,TIME_LIMIT,0,1,0,50.18807092960774,OK
85,had18,qap,ADMM,324,35,290,14.469621,0.079492,14.549113,134.151087,148.7002,5358,5357.99918687624,1.51758821314145e-05,1,OPTIMAL,CONVERGED,601,0.000988449822002643,0.871192470598673,9.31013729528048e-15,1.60285509063009e-05,35684,3392,OPTIMAL,0,1,1,1.5175882046541869e-05,OK
86,had18,qap,CB,324,35,290,901.005777,0.073744,901.079521,1388.895893,2289.975414,5358,5357.99865527894,2.50974442196098e-05,1,OPTIMAL,TIME_LIMIT_WITH_CHECKPOINT,NaN,NaN,NaN,NaN,NaN,27714,75214,OPTIMAL,0.00063776129348625,1,1,2.5097444202635243e-05,OK
87,had18,qap,GUROBI,324,35,290,0,0.001412,0.001412,3601.683479,3601.684891,5358,1848,65.5095184770437,0,TIME_LIMIT,NA,NaN,NaN,NaN,NaN,NaN,0,1970079,TIME_LIMIT,0,1,0,65.50951847704367,OK
88,had20,qap,ADMM,400,39,362,32.855255,0.164808,33.020063,218.688999,251.709062,6922,6921.99999999999,7.88351373972489e-14,1,OPTIMAL,CONVERGED,719,0.000993987955577471,1.10425189010759,1.09257221919362e-14,2.11182437177402e-05,52137,2937,OPTIMAL,0,1,1,1.4453108522828967e-13,OK
89,had20,qap,CB,400,39,362,901.090557,0.083039,901.173596,2699.066148,3600.239744,6944,6699.35222837508,3.52315339321602,0,TIME_LIMIT,TIME_LIMIT_WITH_CHECKPOINT,NaN,NaN,NaN,NaN,NaN,50800,48695,TIME_LIMIT,0.000457232423762832,1,0,3.523153393216015,OK
90,had20,qap,GUROBI,400,39,362,0,0.00144,0.00144,3601.168927,3601.170367,6990,1766,74.7353361945637,0,TIME_LIMIT,NA,NaN,NaN,NaN,NaN,NaN,0,1243196,TIME_LIMIT,0,1,0,74.73533619456366,OK
91,kra30a,qap,ADMM,900,59,842,237.720089,0.467148,238.187237,3362.369537,3600.556774,96060,86687.9711536712,9.75643227808535,0,TIME_LIMIT,CONVERGED,496,0.00097707081918282,4.71396784818074,1.26554283624505e-14,0.000624965067157351,306996,2293,TIME_LIMIT,0,1,0,9.756432278085365,OK
92,kra30a,qap,CB,900,59,842,902.022624,0.1553,902.177924,2698.119083,3600.297007,97490,0,100,0,TIME_LIMIT,TIME_LIMIT_WITH_CHECKPOINT,NaN,NaN,NaN,NaN,NaN,25665,142208,TIME_LIMIT,0,1,0,100.0,OK
93,kra30a,qap,GUROBI,900,59,842,0,0.001539,0.001539,3600.938692,3600.940231,91620,11490.0000000001,87.4590700720366,0,TIME_LIMIT,NA,NaN,NaN,NaN,NaN,NaN,0,872701,TIME_LIMIT,0,1,0,87.45907007203657,OK
94,kra30b,qap,ADMM,900,59,842,215.010281,0.457055,215.467336,3385.090903,3600.558239,95540,87703.6394352305,8.20217768973155,0,TIME_LIMIT,CONVERGED,473,0.000960137818303139,4.97987415252493,1.30559712586193e-14,0.00068349350774485,309345,4216,TIME_LIMIT,0,1,0,8.202177689731519,OK
95,kra30b,qap,CB,900,59,842,902.02541,0.148375,902.173785,2698.082158,3600.255943,93410,0,100,0,TIME_LIMIT,TIME_LIMIT_WITH_CHECKPOINT,NaN,NaN,NaN,NaN,NaN,25665,175229,TIME_LIMIT,0,1,0,100.0,OK
96,kra30b,qap,GUROBI,900,59,842,0,0.001469,0.001469,3600.857347,3600.858816,92790,11339.9999999999,87.7788554801165,0,TIME_LIMIT,NA,NaN,NaN,NaN,NaN,NaN,0,857208,TIME_LIMIT,0,1,0,87.7788554801165,OK
97,nug12,qap,ADMM,144,23,122,1.048829,0.064188,1.113017,15.361368,16.474385,578,578,1.96690030660235e-14,1,OPTIMAL,CONVERGED,360,0.000960368932620173,0.0154971666976996,3.89897205482074e-15,3.51155272853686e-06,6071,3191,OPTIMAL,0,1,1,0.0,OK
98,nug12,qap,CB,144,23,122,9.060488,0.039976,9.100464,3591.795717,3600.896181,578,457.628023295708,20.8256015059328,0,TIME_LIMIT,ORACLE_FAILURE_WITH_SNAPSHOT,NaN,NaN,NaN,NaN,NaN,6121,1898395,TIME_LIMIT,0,1,0,20.825601505932877,OK
99,nug12,qap,GUROBI,144,23,122,0,0.000969,0.000969,321.779288,321.780257,578,578,0,1,OPTIMAL,NA,NaN,NaN,NaN,NaN,NaN,0,1171231,OPTIMAL,0,1,1,0.0,OK
100,nug14,qap,ADMM,196,27,170,1.798147,0.068967,1.867114,24.282183,26.149297,1014,1014,0,1,OPTIMAL,CONVERGED,280,0.000962041203079431,0.221847882793122,3.17820322646977e-15,4.28510274611808e-06,11172,2145,OPTIMAL,0,1,1,0.0,OK
101,nug14,qap,CB,196,27,170,900.860466,0.062899,900.923365,44.552274,945.475639,1014,1013.9996286548,3.66218150379582e-05,1,OPTIMAL,TIME_LIMIT_WITH_CHECKPOINT,NaN,NaN,NaN,NaN,NaN,10936,3352,OPTIMAL,0.000371345204505138,1,1,3.662181460070116e-05,OK
102,nug14,qap,GUROBI,196,27,170,0,0.00113,0.00113,3604.415618,3604.416748,1014,888,12.4260355029586,0,TIME_LIMIT,NA,NaN,NaN,NaN,NaN,NaN,0,9439878,TIME_LIMIT,0,1,0,12.42603550295858,OK
103,nug15,qap,ADMM,225,29,197,3.191036,0.130567,3.321603,70.82305,74.144653,1150,1150,0,1,OPTIMAL,CONVERGED,325,0.000967432724278909,0.0403205410566123,5.24687325303254e-15,4.76940792457741e-06,15714,4077,OPTIMAL,0,1,1,0.0,OK
104,nug15,qap,CB,225,29,197,900.899385,0.058491,900.957876,154.449725,1055.407601,1150,1149.99949303049,4.40843049664577e-05,1,OPTIMAL,TIME_LIMIT_WITH_CHECKPOINT,NaN,NaN,NaN,NaN,NaN,13695,13391,OPTIMAL,0.000506969740017543,1,1,4.4084305223488784e-05,OK
105,nug15,qap,GUROBI,225,29,197,0,0.001437,0.001437,3605.627728,3605.629165,1160,912,21.3793103448276,0,TIME_LIMIT,NA,NaN,NaN,NaN,NaN,NaN,0,8757504,TIME_LIMIT,0,1,0,21.379310344827587,OK
106,nug16a,qap,ADMM,256,31,226,5.05961,0.060952,5.120562,180.770614,185.891176,1610,1610,0,1,OPTIMAL,CONVERGED,364,0.000972319794178767,0.364560640661656,3.94720751283455e-15,9.61460848569937e-06,18720,10344,OPTIMAL,0,1,1,0.0,OK
107,nug16a,qap,CB,256,31,226,900.904962,0.053934,900.958896,840.357015,1741.315911,1610,1609.99960603822,2.44696760159544e-05,1,OPTIMAL,TIME_LIMIT_WITH_CHECKPOINT,NaN,NaN,NaN,NaN,NaN,17941,21167,OPTIMAL,0.0003939608526317,1,1,2.446967577587044e-05,OK
108,nug16a,qap,GUROBI,256,31,226,0,0.001403,0.001403,3604.766531,3604.767934,1636,984.000000000002,39.8533007334962,0,TIME_LIMIT,NA,NaN,NaN,NaN,NaN,NaN,0,6055088,TIME_LIMIT,0,1,0,39.853300733496205,OK
109,nug16b,qap,ADMM,256,31,226,4.419013,0.063848,4.482861,216.121539,220.6044,1240,1239.99994764471,4.22220079687371e-06,1,OPTIMAL,CONVERGED,326,0.000946014393338325,0.0652178746045051,5.11803937696385e-15,5.47206363457015e-06,21670,15712,OPTIMAL,0,1,1,4.2222008152103014e-06,OK
110,nug16b,qap,CB,256,31,226,900.898663,0.059896,900.958559,2025.187558,2926.146117,1240,1239.99999999987,1.05618739560727e-11,1,OPTIMAL,TIME_LIMIT_WITH_CHECKPOINT,NaN,NaN,NaN,NaN,NaN,14725,291336,OPTIMAL,0,1,1,1.0488527609155544e-11,OK
111,nug16b,qap,GUROBI,256,31,226,0,0.001367,0.001367,3604.846989,3604.848356,1252,974,22.2044728434505,0,TIME_LIMIT,NA,NaN,NaN,NaN,NaN,NaN,0,7723417,TIME_LIMIT,0,1,0,22.20447284345048,OK
112,nug17,qap,ADMM,289,33,257,7.303253,0.066172,7.369425,1333.813708,1341.183133,1732,1732,0,1,OPTIMAL,CONVERGED,401,0.000974254217065629,0.0800533847825928,3.79873734816374e-15,1.02865406343667e-05,25833,76074,OPTIMAL,0,1,1,0.0,OK
113,nug17,qap,CB,289,33,257,900.928055,0.056419,900.984474,2699.203387,3600.187861,1732,1700.11855548961,1.84073005256266,0,TIME_LIMIT,TIME_LIMIT_WITH_CHECKPOINT,NaN,NaN,NaN,NaN,NaN,22183,232144,TIME_LIMIT,9.756234341191e-05,1,0,1.8407300525629393,OK
114,nug17,qap,GUROBI,289,33,257,0,0.001416,0.001416,3603.589603,3603.591019,1736,993.999999999999,42.741935483871,0,TIME_LIMIT,NA,NaN,NaN,NaN,NaN,NaN,0,4842727,TIME_LIMIT,0,1,0,42.741935483871025,OK
115,nug18,qap,ADMM,324,35,290,8.836668,0.17584,9.012508,3591.154888,3600.167396,1930,1920.1948978037,0.508036383228022,0,TIME_LIMIT,CONVERGED,350,0.000950886138954501,0.127235085738901,4.39931658750968e-15,1.08082407836801e-05,34613,144157,TIME_LIMIT,0,1,0,0.5080363832279747,OK
116,nug18,qap,CB,324,35,290,900.831824,0.073021,900.904845,2699.317769,3600.222614,1970,1818.44158342905,7.69332063811954,0,TIME_LIMIT,TIME_LIMIT_WITH_CHECKPOINT,NaN,NaN,NaN,NaN,NaN,28608,136506,TIME_LIMIT,0.000665346581879514,1,0,7.693320638119285,OK
117,nug18,qap,GUROBI,324,35,290,0,0.001393,0.001393,3603.235199,3603.236592,1964,1004,48.8798370672098,0,TIME_LIMIT,NA,NaN,NaN,NaN,NaN,NaN,0,3902265,TIME_LIMIT,0,1,0,48.87983706720978,OK
118,nug20,qap,ADMM,400,39,362,16.485002,0.119075,16.604077,3583.701894,3600.305971,2580,2513.0714812944,2.5941286319999,0,TIME_LIMIT,CONVERGED,355,0.000954898082798661,0.152181267675398,6.45235495192828e-15,1.15837174416955e-05,52513,79626,TIME_LIMIT,0,1,0,2.5941286319999923,OK
119,nug20,qap,CB,400,39,362,900.937714,0.082147,901.019861,2699.215108,3600.234969,2632,2118.66679546713,19.5035412056562,0,TIME_LIMIT,TIME_LIMIT_WITH_CHECKPOINT,NaN,NaN,NaN,NaN,NaN,49915,52374,TIME_LIMIT,0.000420751588043864,1,0,19.50354120565615,OK
120,nug20,qap,GUROBI,400,39,362,0,0.001457,0.001457,3601.554999,3601.556456,2632,1028,60.9422492401217,0,TIME_LIMIT,NA,NaN,NaN,NaN,NaN,NaN,0,1776137,TIME_LIMIT,0,1,0,60.94224924012158,OK
121,nug21,qap,ADMM,441,41,401,24.929949,0.145486,25.075435,3575.216199,3600.291634,2442,2383.86080914364,2.38080224637034,0,TIME_LIMIT,CONVERGED,400,0.0009778427860244,0.161928478899326,5.17918780657861e-15,1.72174039313603e-05,64976,63676,TIME_LIMIT,0,1,0,2.3808022463701914,OK
122,nug21,qap,CB,441,41,401,314.820157,0.087115,314.907272,3285.314543,3600.221815,2546,-217.894825135041,108.558319918894,0,TIME_LIMIT,ORACLE_FAILURE_WITH_SNAPSHOT,NaN,NaN,NaN,NaN,NaN,50941,25543,TIME_LIMIT,0.000305200137496715,1,0,108.55831991889399,OK
123,nug21,qap,GUROBI,441,41,401,0,0.00184,0.00184,3601.593687,3601.595527,2492,1208,51.5248796147673,0,TIME_LIMIT,NA,NaN,NaN,NaN,NaN,NaN,0,2030017,TIME_LIMIT,0,1,0,51.52487961476726,OK
124,nug22,qap,ADMM,484,43,442,36.23526,0.134615,36.369875,3563.937678,3600.307553,3618,3530.02820200848,2.43150353763179,0,TIME_LIMIT,CONVERGED,474,0.000982859587982212,0.194453416736644,5.69088882647498e-15,2.78672043101847e-05,81828,43360,TIME_LIMIT,0,1,0,2.4315035376318384,OK
125,nug22,qap,CB,484,43,442,901.218994,0.113353,901.332347,2698.910151,3600.242498,3776,1303.89632149125,65.4688474181343,0,TIME_LIMIT,TIME_LIMIT_WITH_CHECKPOINT,NaN,NaN,NaN,NaN,NaN,76873,11416,TIME_LIMIT,0.000245349328556799,1,0,65.46884741813426,OK
126,nug22,qap,GUROBI,484,43,442,0,0.001211,0.001211,3601.497051,3601.498262,3642,1442,60.4063701263042,0,TIME_LIMIT,NA,NaN,NaN,NaN,NaN,NaN,0,1737290,TIME_LIMIT,0,1,0,60.40637012630423,OK
127,nug24,qap,ADMM,576,47,530,51.287854,0.299672,51.587526,3548.741508,3600.329034,3562,3397.2462609412,4.62531552663686,0,TIME_LIMIT,CONVERGED,380,0.000964531080620904,0.226677081583353,6.45238499992653e-15,2.13100894057808e-05,111141,20938,TIME_LIMIT,0,1,0,4.6253155266367205,OK
128,nug24,qap,CB,576,47,530,901.357616,0.125488,901.483104,2698.779864,3600.262968,3622,394.464404006811,89.1092102703807,0,TIME_LIMIT,TIME_LIMIT_WITH_CHECKPOINT,NaN,NaN,NaN,NaN,NaN,97054,3349,TIME_LIMIT,0.000295122950079269,1,0,89.1092102703807,OK
129,nug24,qap,GUROBI,576,47,530,0,0.001369,0.001369,3601.093139,3601.094508,3562,1018,71.4205502526669,0,TIME_LIMIT,NA,NaN,NaN,NaN,NaN,NaN,0,1026655,TIME_LIMIT,0,1,0,71.42055025266704,OK
130,nug25,qap,ADMM,625,49,577,52.250981,0.224803,52.475784,3547.841204,3600.316988,3804,3614.51806318946,4.98112347030853,0,TIME_LIMIT,CONVERGED,300,0.000956904915619067,0.607397106479424,8.82462189386522e-15,1.98301052389584e-05,134887,14858,TIME_LIMIT,0,1,0,4.9811234703086225,OK
131,nug25,qap,CB,625,49,577,901.451862,0.138412,901.590274,22.167058,923.757332,4838,4837.96604070288,0.000701928423286469,1,OPTIMAL,TIME_LIMIT_WITH_CHECKPOINT,NaN,NaN,NaN,NaN,NaN,102311,1,OPTIMAL,0.033768218597181,1,0,nan,bound exceeds verified incumbent
132,nug25,qap,GUROBI,625,49,577,0,0.001155,0.001155,3601.486672,3601.487827,3866,950,75.4267977237455,0,TIME_LIMIT,NA,NaN,NaN,NaN,NaN,NaN,0,1418078,TIME_LIMIT,0,1,0,75.42679772374548,OK
133,nug27,qap,ADMM,729,53,677,90.339667,0.297468,90.637135,3509.780109,3600.417244,5292,5112.57868266059,3.39042549772126,0,TIME_LIMIT,CONVERGED,354,0.000974821460574081,0.752954994878592,1.02359580778202e-14,4.00514616177239e-05,183805,10202,TIME_LIMIT,0,1,0,3.3904254977212784,OK
134,nug27,qap,CB,729,53,677,901.734069,0.168639,901.902708,2698.39016,3600.292868,6048,-1090.58581062831,118.03217279478,0,TIME_LIMIT,TIME_LIMIT_WITH_CHECKPOINT,NaN,NaN,NaN,NaN,NaN,137328,1,TIME_LIMIT,0.575267985392839,1,0,118.03217279478025,OK
135,nug27,qap,GUROBI,729,53,677,0,0.001106,0.001106,3601.195924,3601.19703,5472,148.000000000001,97.2953216374269,0,TIME_LIMIT,NA,NaN,NaN,NaN,NaN,NaN,0,1115428,TIME_LIMIT,0,1,0,97.29532163742688,OK
136,nug28,qap,ADMM,784,55,730,109.951333,0.35986,110.311193,3490.103282,3600.414475,5484,5008.94473918198,8.66256857800904,0,TIME_LIMIT,CONVERGED,336,0.000972257435609252,0.644069261555152,1.10213518945779e-14,3.64113842861024e-05,217405,3985,TIME_LIMIT,0,1,0,8.66256857800911,OK
137,nug28,qap,CB,784,55,730,901.607634,0.205634,901.813268,2698.533018,3600.346286,5968,-212.649850668525,103.563167739084,0,TIME_LIMIT,TIME_LIMIT_WITH_CHECKPOINT,NaN,NaN,NaN,NaN,NaN,167528,12,TIME_LIMIT,2.11015530371081,1,0,103.56316773908387,OK
138,nug28,qap,GUROBI,784,55,730,0,0.001054,0.001054,3600.819568,3600.820622,5284,150,97.1612414837245,0,TIME_LIMIT,NA,NaN,NaN,NaN,NaN,NaN,0,668069,TIME_LIMIT,0,1,0,97.16124148372445,OK
139,nug30,qap,ADMM,900,59,842,176.28825,0.458021,176.746271,3423.738509,3600.48478,7376,5937.66646853672,19.5001834525933,0,TIME_LIMIT,CONVERGED,362,0.000969381320283233,0.394898114641386,9.73250956503619e-15,3.96115058223197e-05,284081,1225,TIME_LIMIT,0,1,0,19.50018345259328,OK
140,nug30,qap,CB,900,59,842,901.609448,0.167136,901.776584,2698.461166,3600.23775,6276,0,100,0,TIME_LIMIT,TIME_LIMIT_WITH_CHECKPOINT,NaN,NaN,NaN,NaN,NaN,25665,105551,TIME_LIMIT,0,1,0,100.0,OK
141,nug30,qap,GUROBI,900,59,842,0,0.001211,0.001211,3600.668738,3600.669949,6314,422.000000000006,93.316439657903,0,TIME_LIMIT,NA,NaN,NaN,NaN,NaN,NaN,0,507927,TIME_LIMIT,0,1,0,93.31643965790298,OK
142,rou12,qap,ADMM,144,23,122,1.648666,0.105093,1.753759,0.712083,2.465842,235528,235528,0,1,OPTIMAL,CONVERGED,530,0.000993610117849165,47.3974308147056,6.0859405153613e-15,0.00082601006328299,4654,97,OPTIMAL,0,1,1,0.0,OK
143,rou12,qap,CB,144,23,122,831.429102,0.057525,831.486627,1.993508,833.480135,235528,235527.99999997,1.2653409525702e-11,1,OPTIMAL,"64, limit of calls to evaluation oracle exceeded",NaN,NaN,NaN,NaN,NaN,5119,456,OPTIMAL,0,1,1,1.2739907442381564e-11,OK
144,rou12,qap,GUROBI,144,23,122,0,0.001129,0.001129,1503.103515,1503.104644,235528,235528,0,1,OPTIMAL,NA,NaN,NaN,NaN,NaN,NaN,0,6339913,OPTIMAL,0,1,1,0.0,OK
145,rou15,qap,ADMM,225,29,197,3.125803,0.050918,3.176721,80.744258,83.920979,354210,354210,0,1,OPTIMAL,CONVERGED,321,0.000951270332805973,15.8025602838,5.57039959354972e-15,0.00129920360826163,12362,8049,OPTIMAL,0,1,1,0.0,OK
146,rou15,qap,CB,225,29,197,900.575634,0.046799,900.622433,193.240904,1093.863337,354210,354209.999999762,6.73099514699084e-11,1,OPTIMAL,TIME_LIMIT_WITH_CHECKPOINT,NaN,NaN,NaN,NaN,NaN,11822,26929,OPTIMAL,0,1,1,6.71949198145643e-11,OK
147,rou15,qap,GUROBI,225,29,197,0,0.001098,0.001098,3604.871283,3604.872381,363394,174778,51.903994012009,0,TIME_LIMIT,NA,NaN,NaN,NaN,NaN,NaN,0,5847513,TIME_LIMIT,0,1,0,51.903994012009,OK
148,rou20,qap,ADMM,400,39,362,12.473148,0.10834,12.581488,3587.6752,3600.256688,740928,696456.347470029,6.00215574657335,0,TIME_LIMIT,CONVERGED,273,0.000921432624658729,17.6311731673764,7.80871258969531e-15,0.00249485871807742,42789,87263,TIME_LIMIT,0,1,0,6.002155746573348,OK
149,rou20,qap,CB,400,39,362,444.230101,0.062102,444.292203,3156.946071,3601.238274,725662,307109.452772218,57.6787191871397,0,TIME_LIMIT,"1, relative precision criterion satisfied",NaN,NaN,NaN,NaN,NaN,7410,1445052,TIME_LIMIT,0,1,0,57.67871918713974,OK
150,rou20,qap,GUROBI,400,39,362,0,0.001195,0.001195,3602.938306,3602.939501,734588,65895.9999999999,91.0295294777481,0,TIME_LIMIT,NA,NaN,NaN,NaN,NaN,NaN,0,2957984,TIME_LIMIT,0,1,0,91.02952947774808,OK
151,scr12,qap,ADMM,144,23,122,1.203384,0.093021,1.296405,0.681885,1.97829,31410,31410,0,1,OPTIMAL,CONVERGED,386,0.000897009373466184,0.0304818400401175,7.83206952909481e-15,0.000165463427426815,8294,55,OPTIMAL,0,1,1,0.0,OK
152,scr12,qap,CB,144,23,122,900.776601,0.048375,900.824976,2.067472,902.892448,31410,31410,0,1,OPTIMAL,TIME_LIMIT_WITH_CHECKPOINT,NaN,NaN,NaN,NaN,NaN,4808,613,OPTIMAL,0,1,1,0.0,OK
153,scr12,qap,GUROBI,144,23,122,0,0.001028,0.001028,17.044529,17.045557,31410,31410,0,1,OPTIMAL,NA,NaN,NaN,NaN,NaN,NaN,0,70555,OPTIMAL,0,1,1,0.0,OK
154,scr15,qap,ADMM,225,29,197,4.819204,0.058739,4.877943,0.66581,5.543753,51140,51139.9975786024,4.73484088481711e-06,1,OPTIMAL,CONVERGED,492,0.000643908516374705,10.3474983316533,7.90779392549365e-15,0.00035806681535551,21797,1,OPTIMAL,0,1,1,4.734840827906999e-06,OK
155,scr15,qap,CB,225,29,197,900.787408,0.049281,900.836689,39.110261,939.94695,51140,51140,0,1,OPTIMAL,TIME_LIMIT_WITH_CHECKPOINT,NaN,NaN,NaN,NaN,NaN,10841,3308,OPTIMAL,0,1,1,0.0,OK
156,scr15,qap,GUROBI,225,29,197,0,0.001083,0.001083,704.20009,704.201173,51140,51140,0,1,OPTIMAL,NA,NaN,NaN,NaN,NaN,NaN,0,2139558,OPTIMAL,0,1,1,0.0,OK
157,scr20,qap,ADMM,400,39,362,26.947491,0.117571,27.065062,3046.976666,3074.041728,110030,110030,9.2577848403679e-14,1,OPTIMAL,CONVERGED,611,0.000978117853673733,10.9908032225154,7.33457180629154e-15,0.00127297492464426,64840,36127,OPTIMAL,0,1,1,0.0,OK
158,scr20,qap,CB,400,39,362,900.802567,0.088331,900.890898,2699.276506,3600.167404,117522,-8818.10933338008,107.503369014636,0,TIME_LIMIT,TIME_LIMIT_WITH_CHECKPOINT,NaN,NaN,NaN,NaN,NaN,46579,13751,TIME_LIMIT,0,1,0,107.50336901463564,OK
159,scr20,qap,GUROBI,400,39,362,0,0.000987,0.000987,3602.598292,3602.599279,111898,12142,89.1490464530197,0,TIME_LIMIT,NA,NaN,NaN,NaN,NaN,NaN,0,3340700,TIME_LIMIT,0,1,0,89.14904645301971,OK
160,tai10a,qap,ADMM,100,19,82,0.652891,0.087291,0.740182,0.186528,0.92671,135028,135028,4.31078449754624e-14,1,OPTIMAL,CONVERGED,471,1.23424793544044e-06,-0.00101174431253055,4.01567639202725e-15,0.000506312676144972,4021,1,OPTIMAL,0,1,1,0.0,OK
161,tai10a,qap,CB,100,19,82,148.319382,0.043488,148.36287,0.208,148.57087,135028,135028,0,1,OPTIMAL,"1, relative precision criterion satisfied",NaN,NaN,NaN,NaN,NaN,2743,1,OPTIMAL,0,1,1,0.0,OK
162,tai10a,qap,GUROBI,100,19,82,0,0.001554,0.001554,34.612815,34.614369,135028,135028,0,1,OPTIMAL,NA,NaN,NaN,NaN,NaN,NaN,0,139665,OPTIMAL,0,1,1,0.0,OK
163,tai12a,qap,ADMM,144,23,122,0.952326,0.050548,1.002874,0.310522,1.313396,224416,224416,0,1,OPTIMAL,CONVERGED,301,2.17973579405599e-07,-0.023146148901306,8.01415597878104e-15,0.00066922204087319,8668,1,OPTIMAL,0,1,1,0.0,OK
164,tai12a,qap,CB,144,23,122,23.319858,0.039689,23.359547,428.880168,452.239715,224416,224415.820752902,7.9872690940828e-05,1,OPTIMAL,"1, relative precision criterion satisfied",NaN,NaN,NaN,NaN,NaN,1518,1855838,OPTIMAL,0,1,1,7.987269090192195e-05,OK
165,tai12a,qap,GUROBI,144,23,122,0,0.000986,0.000986,764.253651,764.254637,224416,224416,9.07808771197846e-14,1,OPTIMAL,NA,NaN,NaN,NaN,NaN,NaN,0,2210753,OPTIMAL,0,1,1,0.0,OK
166,tai15a,qap,ADMM,225,29,197,2.702678,0.055469,2.758147,1142.921727,1145.679874,388214,388214,1.49937047384864e-14,1,OPTIMAL,CONVERGED,275,0.000892075840796522,9.60360364304263,5.66969891554365e-15,0.00129249586182369,12880,166436,OPTIMAL,0,1,1,0.0,OK
167,tai15a,qap,CB,225,29,197,73.68957,0.049079,73.738649,3532.207975,3605.946624,391170,250312.602001362,36.0092537767821,0,TIME_LIMIT,"1, relative precision criterion satisfied",NaN,NaN,NaN,NaN,NaN,3045,7597130,TIME_LIMIT,0,1,0,36.00925377678197,OK
168,tai15a,qap,GUROBI,225,29,197,0,0.000925,0.000925,3604.570761,3604.571686,401046,105842,73.6085137365788,0,TIME_LIMIT,NA,NaN,NaN,NaN,NaN,NaN,0,6574754,TIME_LIMIT,0,1,0,73.60851373657884,OK
169,tai17a,qap,ADMM,289,33,257,5.245261,0.116035,5.361296,3594.879394,3600.24069,493662,483961.697226905,1.96496849526493,0,TIME_LIMIT,CONVERGED,273,0.000912550085291394,18.6911418987282,5.07730732408497e-15,0.0021988016505439,22516,235253,TIME_LIMIT,0,1,0,1.9649684952649844,OK
170,tai17a,qap,CB,289,33,257,900.681278,0.069893,900.751171,2699.552464,3600.303635,507994,466847.520765759,8.09979630354718,0,TIME_LIMIT,TIME_LIMIT_WITH_CHECKPOINT,NaN,NaN,NaN,NaN,NaN,18642,235069,TIME_LIMIT,0,1,0,8.099796303547091,OK
171,tai17a,qap,GUROBI,289,33,257,0,0.001301,0.001301,3604.231037,3604.232338,511192,94453.9999999998,81.5227937839403,0,TIME_LIMIT,NA,NaN,NaN,NaN,NaN,NaN,0,5320343,TIME_LIMIT,0,1,0,81.52279378394033,OK
172,tai20a,qap,ADMM,400,39,362,13.798387,0.155325,13.953712,3586.332178,3600.28589,715710,673264.932168111,5.93048411114682,0,TIME_LIMIT,CONVERGED,290,0.000927628451007872,13.6777826098873,7.45786759221782e-15,0.00261714382614967,42632,77673,TIME_LIMIT,0,1,0,5.930484111146837,OK
173,tai20a,qap,CB,400,39,362,900.78415,0.087175,900.871325,2699.390698,3600.262023,749406,573528.790030273,23.4688820171879,0,TIME_LIMIT,TIME_LIMIT_WITH_CHECKPOINT,NaN,NaN,NaN,NaN,NaN,43711,57115,TIME_LIMIT,0,1,0,23.468882017187877,OK
174,tai20a,qap,GUROBI,400,39,362,0,0.001845,0.001845,3602.620419,3602.622264,745086,60278.0000000001,91.9099271761917,0,TIME_LIMIT,NA,NaN,NaN,NaN,NaN,NaN,0,2968292,TIME_LIMIT,0,1,0,91.90992717619172,OK
175,tai25a,qap,ADMM,625,49,577,60.062405,0.250199,60.312604,3540.00203,3600.314634,1242176,1096472.59709769,11.7296907122916,0,TIME_LIMIT,CONVERGED,348,0.000941766933908526,6.80091499318666,1.11823037407382e-14,0.00385065548689034,104056,21170,TIME_LIMIT,0,1,0,11.729690712291173,OK
176,tai25a,qap,CB,625,49,577,901.215831,0.149231,901.365062,2698.883266,3600.248328,1431716,311282.936298386,78.2580528332165,0,TIME_LIMIT,TIME_LIMIT_WITH_CHECKPOINT,NaN,NaN,NaN,NaN,NaN,105324,1,TIME_LIMIT,0,1,0,78.25805283321651,OK
177,tai25a,qap,GUROBI,625,49,577,0,0.002164,0.002164,3600.813306,3600.81547,1214612,79073.9999999991,93.4897728657383,0,TIME_LIMIT,NA,NaN,NaN,NaN,NaN,NaN,0,805865,TIME_LIMIT,0,1,0,93.48977286573827,OK
178,tai30a,qap,ADMM,900,59,842,156.115534,0.449632,156.565166,3443.850535,3600.415701,1970314,1705485.82401722,13.4409122598113,0,TIME_LIMIT,CONVERGED,335,0.000887793873490312,41.2282698199634,1.57128551633224e-14,0.00501794582157224,224545,2875,TIME_LIMIT,0,1,0,13.440912259811382,OK
179,tai30a,qap,CB,900,59,842,902.048822,0.239372,902.288194,2698.097581,3600.385775,2064752,398084.201851201,80.7199992129224,0,TIME_LIMIT,TIME_LIMIT_WITH_CHECKPOINT,NaN,NaN,NaN,NaN,NaN,197965,620,TIME_LIMIT,1.9261583132373,1,0,80.71999921292237,OK
180,tai30a,qap,GUROBI,900,59,842,0,0.001467,0.001467,3600.563602,3600.565069,1877184,10149.9999999999,99.4592964781289,0,TIME_LIMIT,NA,NaN,NaN,NaN,NaN,NaN,0,458411,TIME_LIMIT,0,1,0,99.45929647812895,OK
181,tho30,qap,ADMM,900,59,842,155.167594,0.487829,155.655423,3444.873766,3600.529189,170488,141817.166587613,16.816921667441,0,TIME_LIMIT,CONVERGED,326,0.000960585197709635,65.8829447431364,7.29874687070515e-15,0.00174382140247926,312857,2620,TIME_LIMIT,0,1,0,16.81692166744111,OK
182,tho30,qap,CB,900,59,842,901.950523,0.252904,902.203427,2698.274716,3600.478143,184958,-364.609514176209,100.197130977939,0,TIME_LIMIT,TIME_LIMIT_WITH_CHECKPOINT,NaN,NaN,NaN,NaN,NaN,229972,1,TIME_LIMIT,1.00324567509653,1,0,100.19713097793888,OK
183,tho30,qap,GUROBI,900,59,842,0,0.001352,0.001352,3600.575568,3600.57692,152470,16330.0000000002,89.2896963337049,0,TIME_LIMIT,NA,NaN,NaN,NaN,NaN,NaN,0,435299,TIME_LIMIT,0,1,0,89.28969633370485,OK
184,kcluster120_025_30_1,kcluster,ADMM,120,1,120,0.885697,0.104273,0.98997,724.167049,725.157019,-198,-198.000009862228,4.9809233675862e-06,1,OPTIMAL,CONVERGED,311,0.000945960010905041,2.51351931898255,4.52427952242655e-15,3.01004630114505e-07,3787,448138,OPTIMAL,0,1,1,4.980923238396615e-06,OK
185,kcluster120_025_30_1,kcluster,CB,120,1,120,57.890051,0.045216,57.935267,3542.157193,3600.09246,-198,-201.735553553741,1.88664320895993,0,TIME_LIMIT,"64, limit of calls to evaluation oracle exceeded",NaN,NaN,NaN,NaN,NaN,7140,15809,TIME_LIMIT,0,1,0,1.8866432089601006,OK
186,kcluster120_025_30_1,kcluster,GUROBI,120,1,120,0,0.001209,0.001209,3600.372867,3600.374076,-186,-348,87.0967741935484,0,TIME_LIMIT,NA,NaN,NaN,NaN,NaN,NaN,0,193142,TIME_LIMIT,0,1,0,87.09677419354838,OK
187,kcluster120_025_30_2,kcluster,ADMM,120,1,120,1.068335,0.061376,1.129711,3017.677046,3018.806757,-199,-199.000188436261,9.46915882843597e-05,1,OPTIMAL,CONVERGED,393,0.00093222442305754,2.59046422605675,4.54998660001494e-15,3.12021724500495e-07,3748,1853224,OPTIMAL,0,1,1,9.469158844146464e-05,OK
188,kcluster120_025_30_2,kcluster,CB,120,1,120,57.437686,0.044842,57.482528,3542.63167,3600.114198,-198,-204.887055278723,3.47831074682956,0,TIME_LIMIT,"64, limit of calls to evaluation oracle exceeded",NaN,NaN,NaN,NaN,NaN,7140,15846,TIME_LIMIT,0,1,0,3.4783107468298033,OK
189,kcluster120_025_30_2,kcluster,GUROBI,120,1,120,0,0.001253,0.001253,3600.315575,3600.316828,-194,-343,76.8041237113402,0,TIME_LIMIT,NA,NaN,NaN,NaN,NaN,NaN,0,184147,TIME_LIMIT,0,1,0,76.80412371134021,OK
190,kcluster120_025_30_3,kcluster,ADMM,120,1,120,0.942893,0.049855,0.992748,969.999308,970.992056,-197,-197.000194662319,9.88133599075532e-05,1,OPTIMAL,CONVERGED,347,0.000951017066373821,2.56983257322654,4.50539261600355e-15,3.08036136535926e-07,3757,592958,OPTIMAL,0,1,1,9.881335989312593e-05,OK
191,kcluster120_025_30_3,kcluster,CB,120,1,120,55.423199,0.049372,55.472571,3544.625739,3600.09831,-197,-201.583503821046,2.32665168581008,0,TIME_LIMIT,"64, limit of calls to evaluation oracle exceeded",NaN,NaN,NaN,NaN,NaN,7140,12430,TIME_LIMIT,0,1,0,2.3266516858101567,OK
192,kcluster120_025_30_3,kcluster,GUROBI,120,1,120,0,0.001875,0.001875,3600.393706,3600.395581,-193,-344,78.2383419689119,0,TIME_LIMIT,NA,NaN,NaN,NaN,NaN,NaN,0,186609,TIME_LIMIT,0,1,0,78.23834196891191,OK
193,kcluster120_025_30_4,kcluster,ADMM,120,1,120,0.921883,0.085902,1.007785,1055.771845,1056.77963,-198,-198.000073527614,3.71351588186867e-05,1,OPTIMAL,CONVERGED,321,0.000915836229394244,2.51905503092358,4.52541326944076e-15,3.09423971853553e-07,3631,711951,OPTIMAL,0,1,1,3.7135158589016366e-05,OK
194,kcluster120_025_30_4,kcluster,CB,120,1,120,57.771247,0.043157,57.814404,3542.292098,3600.106502,-198,-202.194610049532,2.11848992400609,0,TIME_LIMIT,"64, limit of calls to evaluation oracle exceeded",NaN,NaN,NaN,NaN,NaN,7140,15202,TIME_LIMIT,0,1,0,2.1184899240060617,OK
195,kcluster120_025_30_4,kcluster,GUROBI,120,1,120,0,0.00136,0.00136,3600.350404,3600.351764,-196,-345,76.0204081632653,0,TIME_LIMIT,NA,NaN,NaN,NaN,NaN,NaN,0,169172,TIME_LIMIT,0,1,0,76.0204081632653,OK
196,kcluster120_025_30_5,kcluster,ADMM,120,1,120,0.909335,0.098158,1.007493,2242.374021,2243.381514,-199,-199.000181200871,9.10557139406053e-05,1,OPTIMAL,CONVERGED,315,0.000945160833236905,2.57187686908578,4.44561523074995e-15,3.05417855500205e-07,3706,1279295,OPTIMAL,0,1,1,9.105571406914565e-05,OK
197,kcluster120_025_30_5,kcluster,CB,120,1,120,56.750818,0.041831,56.792649,3543.330104,3600.122753,-199,-203.692638254243,2.35810967549894,0,TIME_LIMIT,"64, limit of calls to evaluation oracle exceeded",NaN,NaN,NaN,NaN,NaN,7140,14070,TIME_LIMIT,0,1,0,2.3581096754989987,OK
198,kcluster120_025_30_5,kcluster,GUROBI,120,1,120,0,0.001752,0.001752,3600.39484,3600.396592,-198,-348,75.7575757575758,0,TIME_LIMIT,NA,NaN,NaN,NaN,NaN,NaN,0,182896,TIME_LIMIT,0,1,0,75.75757575757575,OK
199,kcluster120_025_60_1,kcluster,ADMM,120,1,120,3.363253,0.048543,3.411796,351.850817,355.262613,-600,-600.000508556139,8.47593565064623e-05,1,OPTIMAL,CONVERGED,1338,0.000926383611351372,3.55765770147491,3.87578178461293e-15,3.45952552809684e-07,3597,438065,OPTIMAL,0,1,1,8.475935650646231e-05,OK
200,kcluster120_025_60_1,kcluster,CB,120,1,120,20.942842,0.045854,20.988696,3579.124281,3600.112977,-600,-601.530824755969,0.255137459328239,0,TIME_LIMIT,"1, relative precision criterion satisfied",NaN,NaN,NaN,NaN,NaN,7140,34902,TIME_LIMIT,0,1,0,0.2551374593281632,OK
201,kcluster120_025_60_1,kcluster,GUROBI,120,1,120,0,0.001691,0.001691,3600.737753,3600.739444,-598,-781,30.6020066889632,0,TIME_LIMIT,NA,NaN,NaN,NaN,NaN,NaN,0,685419,TIME_LIMIT,0,1,0,30.60200668896321,OK
202,kcluster120_025_60_2,kcluster,ADMM,120,1,120,3.678855,0.053346,3.732201,909.196346,912.928547,-611,-611.000574271312,9.39887581324079e-05,1,OPTIMAL,CONVERGED,1487,0.000943000983589469,3.53945579081733,3.92604411540723e-15,3.46652399632447e-07,3727,843753,OPTIMAL,0,1,1,9.398875809519448e-05,OK
203,kcluster120_025_60_2,kcluster,CB,120,1,120,25.493802,0.042809,25.536611,3124.069931,3149.606542,-611,-611.000000004715,7.71656388541876e-10,1,OPTIMAL,"1, relative precision criterion satisfied",NaN,NaN,NaN,NaN,NaN,7140,43520,OPTIMAL,0,1,1,7.716936019093786e-10,OK
204,kcluster120_025_60_2,kcluster,GUROBI,120,1,120,0,0.000997,0.000997,3600.61731,3600.618307,-611,-776,27.0049099836334,0,TIME_LIMIT,NA,NaN,NaN,NaN,NaN,NaN,0,652195,TIME_LIMIT,0,1,0,27.00490998363339,OK
205,kcluster120_025_60_3,kcluster,ADMM,120,1,120,3.583559,0.05346,3.637019,3597.575288,3601.212307,-598,-599.924872662109,0.321885060553327,0,TIME_LIMIT,CONVERGED,1445,0.000933830783050301,3.52211546848093,4.05802696069243e-15,3.44907654740618e-07,3529,4820286,TIME_LIMIT,0,1,0,0.32188506055334615,OK
206,kcluster120_025_60_3,kcluster,CB,120,1,120,20.848371,0.040986,20.889357,3579.221772,3600.111129,-598,-602.946205123393,0.82712460257403,0,TIME_LIMIT,"1, relative precision criterion satisfied",NaN,NaN,NaN,NaN,NaN,7140,15071,TIME_LIMIT,0,1,0,0.8271246025740874,OK
207,kcluster120_025_60_3,kcluster,GUROBI,120,1,120,0,0.000994,0.000994,3600.703245,3600.704239,-591,-776,31.3028764805415,0,TIME_LIMIT,NA,NaN,NaN,NaN,NaN,NaN,0,709468,TIME_LIMIT,0,1,0,31.302876480541457,OK
208,kcluster120_025_60_4,kcluster,ADMM,120,1,120,3.617434,0.054494,3.671928,3597.758255,3601.430183,-600,-602.725520311834,0.454253385305663,0,TIME_LIMIT,CONVERGED,1454,0.000921454924166951,3.48205390826838,4.17382005121901e-15,3.55848100262775e-07,3708,4014282,TIME_LIMIT,0,1,0,0.4542533853056625,OK
209,kcluster120_025_60_4,kcluster,CB,120,1,120,19.489551,0.041937,19.531488,3580.581547,3600.113035,-600,-604.762743090555,0.79379051509242,0,TIME_LIMIT,"1, relative precision criterion satisfied",NaN,NaN,NaN,NaN,NaN,7140,16150,TIME_LIMIT,0,1,0,0.7937905150924962,OK
210,kcluster120_025_60_4,kcluster,GUROBI,120,1,120,0,0.000956,0.000956,3600.751449,3600.752405,-597,-779,30.4857621440536,0,TIME_LIMIT,NA,NaN,NaN,NaN,NaN,NaN,0,744070,TIME_LIMIT,0,1,0,30.485762144053602,OK
211,kcluster120_025_60_5,kcluster,ADMM,120,1,120,3.404454,0.103883,3.508337,1730.913376,1734.421713,-604,-604.000614210997,0.000101690562476036,1,OPTIMAL,CONVERGED,1360,0.000930647560268531,3.56485871148116,4.11931824443064e-15,3.40780310378385e-07,3502,2431294,OPTIMAL,0,1,1,0.0001016905624195691,OK
212,kcluster120_025_60_5,kcluster,CB,120,1,120,22.245011,0.037075,22.282086,3577.837013,3600.119099,-604,-607.565212372976,0.590266949168291,0,TIME_LIMIT,"1, relative precision criterion satisfied",NaN,NaN,NaN,NaN,NaN,7140,21120,TIME_LIMIT,0,1,0,0.5902669491682153,OK
213,kcluster120_025_60_5,kcluster,GUROBI,120,1,120,0,0.002399,0.002399,3600.760173,3600.762572,-604,-780,29.1390728476821,0,TIME_LIMIT,NA,NaN,NaN,NaN,NaN,NaN,0,666104,TIME_LIMIT,0,1,0,29.13907284768212,OK
214,kcluster120_050_30_1,kcluster,ADMM,120,1,120,1.172514,0.100718,1.273232,674.748909,676.022141,-315,-315.0003138982,9.9650222070508e-05,1,OPTIMAL,CONVERGED,434,0.000899432288951769,2.61881259899338,5.4349648829483e-15,3.40456832753037e-07,3413,416060,OPTIMAL,0,1,1,9.965022221487223e-05,OK
215,kcluster120_050_30_1,kcluster,CB,120,1,120,55.273708,0.046734,55.320442,3544.785929,3600.106371,-315,-319.917871459795,1.56122903485559,0,TIME_LIMIT,"64, limit of calls to evaluation oracle exceeded",NaN,NaN,NaN,NaN,NaN,7140,12010,TIME_LIMIT,0,1,0,1.5612290348555493,OK
216,kcluster120_050_30_1,kcluster,GUROBI,120,1,120,0,0.001769,0.001769,3613.769049,3613.770818,-313,-755.5,141.373801916933,0,TIME_LIMIT,NA,NaN,NaN,NaN,NaN,NaN,0,17348913,TIME_LIMIT,0,1,0,141.3738019169329,OK
217,kcluster120_050_30_2,kcluster,ADMM,120,1,120,1.215713,0.058081,1.273794,754.989645,756.263439,-314,-314,0,1,OPTIMAL,CONVERGED,454,0.00087196415078732,2.713268759858,5.30029855258907e-15,3.40090401058433e-07,3524,414564,OPTIMAL,0,1,1,0.0,OK
218,kcluster120_050_30_2,kcluster,CB,120,1,120,44.566559,0.047855,44.614414,3555.493904,3600.108318,-314,-318.54142311887,1.44631309518153,0,TIME_LIMIT,"1, relative precision criterion satisfied",NaN,NaN,NaN,NaN,NaN,7140,13962,TIME_LIMIT,0,1,0,1.4463130951815286,OK
219,kcluster120_050_30_2,kcluster,GUROBI,120,1,120,0,0.001768,0.001768,3613.941734,3613.943502,-309,-754,144.012944983819,0,TIME_LIMIT,NA,NaN,NaN,NaN,NaN,NaN,0,17467884,TIME_LIMIT,0,1,0,144.01294498381878,OK
220,kcluster120_050_30_3,kcluster,ADMM,120,1,120,1.26623,0.050769,1.316999,1071.599004,1072.916003,-314,-314.000271189302,8.63660196358932e-05,1,OPTIMAL,CONVERGED,476,0.000899298820136266,2.69481676819723,5.21296168347706e-15,3.40316081360123e-07,3801,687976,OPTIMAL,0,1,1,8.63660197445112e-05,OK
221,kcluster120_050_30_3,kcluster,CB,120,1,120,47.118188,0.03772,47.155908,3552.948038,3600.103946,-314,-319.700370119981,1.81540449680917,0,TIME_LIMIT,"1, relative precision criterion satisfied",NaN,NaN,NaN,NaN,NaN,7140,11764,TIME_LIMIT,0,1,0,1.8154044968092409,OK
222,kcluster120_050_30_3,kcluster,GUROBI,120,1,120,0,0.001557,0.001557,3613.403213,3613.40477,-311,-753.5,142.282958199357,0,TIME_LIMIT,NA,NaN,NaN,NaN,NaN,NaN,0,17789027,TIME_LIMIT,0,1,0,142.28295819935693,OK
223,kcluster120_050_30_4,kcluster,ADMM,120,1,120,1.368744,0.045875,1.414619,1192.542369,1193.956988,-311,-311.000284610796,9.15147253931317e-05,1,OPTIMAL,CONVERGED,528,0.000841759410888942,2.73326257397172,5.27508544178122e-15,3.40663175590199e-07,3549,809616,OPTIMAL,0,1,1,9.15147253931317e-05,OK
224,kcluster120_050_30_4,kcluster,CB,120,1,120,44.872486,0.046502,44.918988,3555.161991,3600.080979,-311,-317.260343775307,2.01297227501832,0,TIME_LIMIT,"1, relative precision criterion satisfied",NaN,NaN,NaN,NaN,NaN,7140,11711,TIME_LIMIT,0,1,0,2.012972275018321,OK
225,kcluster120_050_30_4,kcluster,GUROBI,120,1,120,0,0.00114,0.00114,3613.584336,3613.585476,-311,-756.5,143.247588424437,0,TIME_LIMIT,NA,NaN,NaN,NaN,NaN,NaN,0,17324504,TIME_LIMIT,0,1,0,143.2475884244373,OK
226,kcluster120_050_30_5,kcluster,ADMM,120,1,120,1.165451,0.100527,1.265978,1646.675922,1647.9419,-315,-315.000286495153,9.09508421789233e-05,1,OPTIMAL,CONVERGED,433,0.000915278716855334,2.62320794551475,5.36063812926937e-15,3.39092639890907e-07,3594,1137075,OPTIMAL,0,1,1,9.095084221501435e-05,OK
227,kcluster120_050_30_5,kcluster,CB,120,1,120,53.577156,0.048699,53.625855,3546.492898,3600.118753,-315,-321.32189434454,2.00695058556818,0,TIME_LIMIT,"64, limit of calls to evaluation oracle exceeded",NaN,NaN,NaN,NaN,NaN,7140,11494,TIME_LIMIT,0,1,0,2.0069505855682537,OK
228,kcluster120_050_30_5,kcluster,GUROBI,120,1,120,0,0.001139,0.001139,3613.307648,3613.308787,-312,-756,142.307692307692,0,TIME_LIMIT,NA,NaN,NaN,NaN,NaN,NaN,0,17168186,TIME_LIMIT,0,1,0,142.30769230769232,OK
229,kcluster120_050_60_1,kcluster,ADMM,120,1,120,3.479643,0.050816,3.530459,3597.627208,3601.157667,-1060,-1062.65249754324,0.250235617286972,0,TIME_LIMIT,CONVERGED,1392,0.000963873090474108,3.84213130587735,4.1874084484524e-15,4.18684948212784e-07,3451,4601482,TIME_LIMIT,0,1,0,0.25023561728680077,OK
230,kcluster120_050_60_1,kcluster,CB,120,1,120,14.945733,0.038167,14.9839,3585.118844,3600.102744,-1060,-1066.26104918541,0.59066501749181,0,TIME_LIMIT,"1, relative precision criterion satisfied",NaN,NaN,NaN,NaN,NaN,7140,12744,TIME_LIMIT,0,1,0,0.5906650174915096,OK
231,kcluster120_050_60_1,kcluster,GUROBI,120,1,120,0,0.001114,0.001114,3613.413697,3613.414811,-1060,-1643,55,0,TIME_LIMIT,NA,NaN,NaN,NaN,NaN,NaN,0,16449628,TIME_LIMIT,0,1,0,55.0,OK
232,kcluster120_050_60_2,kcluster,ADMM,120,1,120,3.450003,0.04279,3.492793,1641.116544,1644.609337,-1061,-1061.00103787629,9.78205740898396e-05,1,OPTIMAL,CONVERGED,1392,0.000947991978360702,3.83242612690719,4.21559466974343e-15,4.29002180802726e-07,3408,2285703,OPTIMAL,0,1,1,9.782057398268896e-05,OK
233,kcluster120_050_60_2,kcluster,CB,120,1,120,14.618539,0.046738,14.665277,3585.442437,3600.107714,-1061,-1065.44207240459,0.418668464146251,0,TIME_LIMIT,"1, relative precision criterion satisfied",NaN,NaN,NaN,NaN,NaN,7140,23047,TIME_LIMIT,0,1,0,0.4186684641460799,OK
234,kcluster120_050_60_2,kcluster,GUROBI,120,1,120,0,0.001115,0.001115,3612.761643,3612.762758,-1059,-1642.5,55.0991501416431,0,TIME_LIMIT,NA,NaN,NaN,NaN,NaN,NaN,0,16356299,TIME_LIMIT,0,1,0,55.09915014164306,OK
235,kcluster120_050_60_3,kcluster,ADMM,120,1,120,3.665551,0.045051,3.710602,2257.861014,2261.571616,-1061,-1061.00105044625,9.9005301389787e-05,1,OPTIMAL,CONVERGED,1485,0.000903908876670858,3.91994092834512,4.11848580142254e-15,4.03851729321912e-07,3478,3234058,OPTIMAL,0,1,1,9.90053016040883e-05,OK
236,kcluster120_050_60_3,kcluster,CB,120,1,120,13.374665,0.040117,13.414782,3586.674757,3600.089539,-1061,-1066.08935569286,0.479675371617616,0,TIME_LIMIT,"1, relative precision criterion satisfied",NaN,NaN,NaN,NaN,NaN,7140,27350,TIME_LIMIT,0,1,0,0.47967537161733775,OK
237,kcluster120_050_60_3,kcluster,GUROBI,120,1,120,0,0.000907,0.000907,3613.011441,3613.012348,-1061,-1641.5,54.7125353440151,0,TIME_LIMIT,NA,NaN,NaN,NaN,NaN,NaN,0,16300342,TIME_LIMIT,0,1,0,54.71253534401508,OK
238,kcluster120_050_60_4,kcluster,ADMM,120,1,120,3.646688,0.047326,3.694014,3290.028911,3293.722925,-1054,-1054.0010602851,0.000100596308956409,1,OPTIMAL,CONVERGED,1458,0.000929290668863034,3.85907986918871,3.98547170326786e-15,3.76506738803538e-07,3596,3914325,OPTIMAL,0,1,1,0.00010059630930156804,OK
239,kcluster120_050_60_4,kcluster,CB,120,1,120,12.002843,0.047099,12.049942,3588.062266,3600.112208,-1054,-1060.27435864544,0.595290194064115,0,TIME_LIMIT,"1, relative precision criterion satisfied",NaN,NaN,NaN,NaN,NaN,7140,14348,TIME_LIMIT,0,1,0,0.5952901940645245,OK
240,kcluster120_050_60_4,kcluster,GUROBI,120,1,120,0,0.000989,0.000989,3613.188631,3613.18962,-1054,-1643.5,55.9297912713472,0,TIME_LIMIT,NA,NaN,NaN,NaN,NaN,NaN,0,16501433,TIME_LIMIT,0,1,0,55.92979127134725,OK
241,kcluster120_050_60_5,kcluster,ADMM,120,1,120,3.40065,0.045968,3.446618,1003.945727,1007.392345,-1073,-1073.00103690874,9.66364158627906e-05,1,OPTIMAL,CONVERGED,1355,0.000970755460681077,3.87903492100158,4.10615572802537e-15,4.00685992381863e-07,3479,1195476,OPTIMAL,0,1,1,9.663641565088593e-05,OK
242,kcluster120_050_60_5,kcluster,CB,120,1,120,14.908671,0.044753,14.953424,3585.155628,3600.109052,-1073,-1077.05863531758,0.378251194555872,0,TIME_LIMIT,"1, relative precision criterion satisfied",NaN,NaN,NaN,NaN,NaN,7140,21931,TIME_LIMIT,0,1,0,0.37825119455544787,OK
243,kcluster120_050_60_5,kcluster,GUROBI,120,1,120,0,0.000968,0.000968,3612.357589,3612.358557,-1073,-1643.5,53.1686859273066,0,TIME_LIMIT,NA,NaN,NaN,NaN,NaN,NaN,0,16435880,TIME_LIMIT,0,1,0,53.16868592730662,OK
244,kcluster120_075_30_1,kcluster,ADMM,120,1,120,1.700064,0.106617,1.806681,1314.202047,1316.008728,-404,-404.000257946166,6.38480607825264e-05,1,OPTIMAL,CONVERGED,694,0.000952227392749832,1.88785825806702,5.59434492298725e-15,2.29698090323678e-07,3446,955256,OPTIMAL,0,1,1,6.384806089508767e-05,OK
245,kcluster120_075_30_1,kcluster,CB,120,1,120,32.326203,0.047232,32.373435,3567.763615,3600.13705,-404,-408.620327126854,1.14364532842927,0,TIME_LIMIT,"1, relative precision criterion satisfied",NaN,NaN,NaN,NaN,NaN,7140,11611,TIME_LIMIT,0,1,0,1.1436453284292134,OK
246,kcluster120_075_30_1,kcluster,GUROBI,120,1,120,0,0.001201,0.001201,3612.519479,3612.52068,-402,-1142,184.07960199005,0,TIME_LIMIT,NA,NaN,NaN,NaN,NaN,NaN,0,15559388,TIME_LIMIT,0,1,0,184.07960199004975,OK
247,kcluster120_075_30_2,kcluster,ADMM,120,1,120,1.45088,0.105385,1.556265,106.297953,107.854218,-408,-408.000296547267,7.26831536342963e-05,1,OPTIMAL,CONVERGED,569,0.000910176101481112,1.80487555795422,5.35776602905082e-15,2.32949329356772e-07,3492,50254,OPTIMAL,0,1,1,7.268315367609295e-05,OK
248,kcluster120_075_30_2,kcluster,CB,120,1,120,34.556627,0.039339,34.595966,3565.482033,3600.077999,-408,-410.918619871949,0.715348007830743,0,TIME_LIMIT,"1, relative precision criterion satisfied",NaN,NaN,NaN,NaN,NaN,7140,2949,TIME_LIMIT,0,1,0,0.7153480078306316,OK
249,kcluster120_075_30_2,kcluster,GUROBI,120,1,120,0,0.001724,0.001724,3612.068211,3612.069935,-408,-1141,179.656862745098,0,TIME_LIMIT,NA,NaN,NaN,NaN,NaN,NaN,0,15545021,TIME_LIMIT,0,1,0,179.65686274509804,OK
250,kcluster120_075_30_3,kcluster,ADMM,120,1,120,1.470624,0.086272,1.556896,1943.881387,1945.438283,-404,-404.000402754573,9.96917260540433e-05,1,OPTIMAL,CONVERGED,579,0.000860482717976621,1.8164312371236,5.34505042484718e-15,2.33981447767814e-07,3538,1415274,OPTIMAL,0,1,1,9.969172598369252e-05,OK
251,kcluster120_075_30_3,kcluster,CB,120,1,120,32.032268,0.045059,32.077327,3568.022115,3600.099442,-404,-409.579574145687,1.38108270932846,0,TIME_LIMIT,"1, relative precision criterion satisfied",NaN,NaN,NaN,NaN,NaN,7140,11648,TIME_LIMIT,0,1,0,1.381082709328463,OK
252,kcluster120_075_30_3,kcluster,GUROBI,120,1,120,0,0.001607,0.001607,3612.416941,3612.418548,-402,-1142,184.07960199005,0,TIME_LIMIT,NA,NaN,NaN,NaN,NaN,NaN,0,15490920,TIME_LIMIT,0,1,0,184.07960199004975,OK
253,kcluster120_075_30_4,kcluster,ADMM,120,1,120,1.525783,0.048481,1.574264,3599.36761,3600.941874,-400,-402.530569373618,0.632642343404569,0,TIME_LIMIT,CONVERGED,608,0.000901650058145688,1.99180399047906,6.26597403071716e-15,2.40934997540377e-07,3692,2544173,TIME_LIMIT,0,1,0,0.6326423434044983,OK
254,kcluster120_075_30_4,kcluster,CB,120,1,120,34.758056,0.036016,34.794072,3565.28882,3600.082892,-400,-407.016519670902,1.75412991772544,0,TIME_LIMIT,"1, relative precision criterion satisfied",NaN,NaN,NaN,NaN,NaN,7140,10618,TIME_LIMIT,0,1,0,1.754129917725507,OK
255,kcluster120_075_30_4,kcluster,GUROBI,120,1,120,0,0.001929,0.001929,3612.050088,3612.052017,-398,-1143,187.185929648241,0,TIME_LIMIT,NA,NaN,NaN,NaN,NaN,NaN,0,15826205,TIME_LIMIT,0,1,0,187.1859296482412,OK
256,kcluster120_075_30_5,kcluster,ADMM,120,1,120,1.484492,0.071499,1.555991,265.569708,267.125699,-406,-406.000405620758,9.99065906374114e-05,1,OPTIMAL,CONVERGED,587,0.000936846704378906,1.81792335474386,5.51976252113097e-15,2.38797329667932e-07,3614,161464,OPTIMAL,0,1,1,9.990659063741135e-05,OK
257,kcluster120_075_30_5,kcluster,CB,120,1,120,47.343958,0.054639,47.398597,3552.718174,3600.116771,-406,-409.116812963291,0.767687921992748,0,TIME_LIMIT,"1, relative precision criterion satisfied",NaN,NaN,NaN,NaN,NaN,7140,12911,TIME_LIMIT,0,1,0,0.7676879219928598,OK
258,kcluster120_075_30_5,kcluster,GUROBI,120,1,120,0,0.002411,0.002411,3611.367858,3611.370269,-403,-1144,183.870967741935,0,TIME_LIMIT,NA,NaN,NaN,NaN,NaN,NaN,0,15468112,TIME_LIMIT,0,1,0,183.8709677419355,OK
259,kcluster120_075_60_1,kcluster,ADMM,120,1,120,3.972366,0.049207,4.021573,243.90327,247.924843,-1478,-1478.00114735633,7.76289806842666e-05,1,OPTIMAL,CONVERGED,1627,0.000897278261749745,3.16915589909647,4.53827937346403e-15,3.06052221739786e-07,3297,394259,OPTIMAL,0,1,1,7.762898037658912e-05,OK
260,kcluster120_075_60_1,kcluster,CB,120,1,120,9.051531,0.044068,9.095599,3591.012844,3600.108443,-1478,-1481.35644449456,0.227093673515626,0,TIME_LIMIT,"1, relative precision criterion satisfied",NaN,NaN,NaN,NaN,NaN,7140,14999,TIME_LIMIT,0,1,0,0.2270936735155641,OK
261,kcluster120_075_60_1,kcluster,GUROBI,120,1,120,0,0.002226,0.002226,3610.593745,3610.595971,-1478,-2471.5,67.2192151556157,0,TIME_LIMIT,NA,NaN,NaN,NaN,NaN,NaN,0,14963257,TIME_LIMIT,0,1,0,67.2192151556157,OK
262,kcluster120_075_60_2,kcluster,ADMM,120,1,120,3.312724,0.097802,3.410526,1283.293922,1286.704448,-1483,-1483.00149214523,0.000100616670770753,1,OPTIMAL,CONVERGED,1309,0.000949017989810772,3.12410444639257,4.59634680294563e-15,3.08331900902873e-07,3474,1631544,OPTIMAL,0,1,1,0.00010061667093940547,OK
263,kcluster120_075_60_2,kcluster,CB,120,1,120,10.026952,0.044615,10.071567,3590.048746,3600.120313,-1483,-1487.09552771199,0.276165051381899,0,TIME_LIMIT,"1, relative precision criterion satisfied",NaN,NaN,NaN,NaN,NaN,7140,25260,TIME_LIMIT,0,1,0,0.27616505138165315,OK
264,kcluster120_075_60_2,kcluster,GUROBI,120,1,120,0,0.002541,0.002541,3611.863627,3611.866168,-1483,-2470.5,66.5879973027647,0,TIME_LIMIT,NA,NaN,NaN,NaN,NaN,NaN,0,14792900,TIME_LIMIT,0,1,0,66.58799730276466,OK
265,kcluster120_075_60_3,kcluster,ADMM,120,1,120,3.615138,0.049978,3.665116,2055.394951,2059.060067,-1480,-1480.00149625305,0.000101098179019007,1,OPTIMAL,CONVERGED,1468,0.000898678494814073,3.09071264191888,4.83430486816343e-15,3.32756675744657e-07,3418,2985946,OPTIMAL,0,1,1,0.00010109817904973366,OK
266,kcluster120_075_60_3,kcluster,CB,120,1,120,10.917155,0.03913,10.956285,3589.162041,3600.118326,-1480,-1484.82082551335,0.325731453604851,0,TIME_LIMIT,"1, relative precision criterion satisfied",NaN,NaN,NaN,NaN,NaN,7140,17231,TIME_LIMIT,0,1,0,0.32573145360472794,OK
267,kcluster120_075_60_3,kcluster,GUROBI,120,1,120,0,0.002349,0.002349,3611.130977,3611.133326,-1480,-2471,66.9594594594595,0,TIME_LIMIT,NA,NaN,NaN,NaN,NaN,NaN,0,14757342,TIME_LIMIT,0,1,0,66.95945945945945,OK
268,kcluster120_075_60_4,kcluster,ADMM,120,1,120,3.92675,0.052691,3.979441,2183.43697,2187.416411,-1467,-1467.00145355328,9.90833866920375e-05,1,OPTIMAL,CONVERGED,1605,0.000919664952064733,3.0725053497901,5.1387413777303e-15,2.98443681535067e-07,3324,3731447,OPTIMAL,0,1,1,9.908338650604681e-05,OK
269,kcluster120_075_60_4,kcluster,CB,120,1,120,7.50325,0.039412,7.542662,3592.554257,3600.096919,-1466,-1472.39461342995,0.436194640514908,0,TIME_LIMIT,"1, relative precision criterion satisfied",NaN,NaN,NaN,NaN,NaN,7140,23921,TIME_LIMIT,0,1,0,0.4361946405150009,OK
270,kcluster120_075_60_4,kcluster,GUROBI,120,1,120,0,0.001226,0.001226,3611.414775,3611.416001,-1464,-2471,68.7841530054645,0,TIME_LIMIT,NA,NaN,NaN,NaN,NaN,NaN,0,14894792,TIME_LIMIT,0,1,0,68.78415300546447,OK
271,kcluster120_075_60_5,kcluster,ADMM,120,1,120,3.293901,0.046934,3.340835,415.909936,419.250771,-1482,-1482.00134732275,9.09124661702368e-05,1,OPTIMAL,CONVERGED,1303,0.000941598205664166,3.04588591835863,4.89132012560771e-15,3.10022858427705e-07,3424,566610,OPTIMAL,0,1,1,9.091246626229093e-05,OK
272,kcluster120_075_60_5,kcluster,CB,120,1,120,10.742503,0.041821,10.784324,3589.323776,3600.1081,-1482,-1485.23773441097,0.218470608027328,0,TIME_LIMIT,"1, relative precision criterion satisfied",NaN,NaN,NaN,NaN,NaN,7140,23881,TIME_LIMIT,0,1,0,0.21847060802766574,OK
273,kcluster120_075_60_5,kcluster,GUROBI,120,1,120,0,0.001428,0.001428,3611.559758,3611.561186,-1482,-2473,66.8690958164642,0,TIME_LIMIT,NA,NaN,NaN,NaN,NaN,NaN,0,14407470,TIME_LIMIT,0,1,0,66.86909581646424,OK
274,kcluster160_025_40_1,kcluster,ADMM,160,1,160,2.566118,0.050757,2.616875,3597.94285,3600.559725,-338,-343.174808343165,1.5310083855518,0,TIME_LIMIT,CONVERGED,494,0.000897291063725002,3.03673171058105,5.43566938319809e-15,4.09663941765852e-07,6530,845918,TIME_LIMIT,0,1,0,1.5310083855517786,OK
275,kcluster160_025_40_1,kcluster,CB,160,1,160,122.22761,0.049764,122.277374,3477.82767,3600.105044,-338,-348.027455225271,2.96670272937,0,TIME_LIMIT,"64, limit of calls to evaluation oracle exceeded",NaN,NaN,NaN,NaN,NaN,12720,570,TIME_LIMIT,0,1,0,2.966702729370122,OK
276,kcluster160_025_40_1,kcluster,GUROBI,160,1,160,0,0.001295,0.001295,3600.239279,3600.240574,-336,-668,98.8095238095238,0,TIME_LIMIT,NA,NaN,NaN,NaN,NaN,NaN,0,74486,TIME_LIMIT,0,1,0,98.80952380952381,OK
277,kcluster160_025_40_2,kcluster,ADMM,160,1,160,2.488853,0.106399,2.595252,3597.811653,3600.406905,-338,-341.74718140555,1.10863355193792,0,TIME_LIMIT,CONVERGED,482,0.000948266973326,3.09619464136657,5.21968862124912e-15,4.04294264326337e-07,6553,1067534,TIME_LIMIT,0,1,0,1.1086335519378725,OK
278,kcluster160_025_40_2,kcluster,CB,160,1,160,125.882392,0.041577,125.923969,3474.189342,3600.113311,-338,-346.661792444962,2.56266048667507,0,TIME_LIMIT,"64, limit of calls to evaluation oracle exceeded",NaN,NaN,NaN,NaN,NaN,12720,589,TIME_LIMIT,0,1,0,2.5626604866751403,OK
279,kcluster160_025_40_2,kcluster,GUROBI,160,1,160,0,0.00111,0.00111,3600.253902,3600.255012,-335,-670,100,0,TIME_LIMIT,NA,NaN,NaN,NaN,NaN,NaN,0,73420,TIME_LIMIT,0,1,0,100.0,OK
280,kcluster160_025_40_3,kcluster,ADMM,160,1,160,2.833397,0.06478,2.898177,3597.39142,3600.289597,-333,-335.27566797852,0.683383777333386,0,TIME_LIMIT,CONVERGED,561,0.000934691379724386,3.18605768432452,5.19752578894987e-15,3.93133827867058e-07,6239,1099556,TIME_LIMIT,0,1,0,0.6833837773333348,OK
281,kcluster160_025_40_3,kcluster,CB,160,1,160,122.092113,0.046955,122.139068,3477.964675,3600.103743,-333,-341.552378384096,2.56828179702583,0,TIME_LIMIT,"64, limit of calls to evaluation oracle exceeded",NaN,NaN,NaN,NaN,NaN,12720,326,TIME_LIMIT,0,1,0,2.568281797025831,OK
282,kcluster160_025_40_3,kcluster,GUROBI,160,1,160,0,0.002102,0.002102,3600.282175,3600.284277,-321,-670,108.722741433022,0,TIME_LIMIT,NA,NaN,NaN,NaN,NaN,NaN,0,73686,TIME_LIMIT,0,1,0,108.72274143302181,OK
283,kcluster160_025_40_4,kcluster,ADMM,160,1,160,2.794698,0.105342,2.90004,3597.958907,3600.858947,-333,-341.009840338433,2.40535745898885,0,TIME_LIMIT,CONVERGED,553,0.000910883484261294,3.16578882524978,5.36970770446092e-15,4.03212340719088e-07,6563,1106674,TIME_LIMIT,0,1,0,2.405357458988883,OK
284,kcluster160_025_40_4,kcluster,CB,160,1,160,121.887384,0.047378,121.934762,3478.194223,3600.128985,-333,-345.915168164231,3.87842887814753,0,TIME_LIMIT,"64, limit of calls to evaluation oracle exceeded",NaN,NaN,NaN,NaN,NaN,12720,544,TIME_LIMIT,0,1,0,3.8784288781474405,OK
285,kcluster160_025_40_4,kcluster,GUROBI,160,1,160,0,0.001316,0.001316,3600.273559,3600.274875,-326,-673,106.441717791411,0,TIME_LIMIT,NA,NaN,NaN,NaN,NaN,NaN,0,71900,TIME_LIMIT,0,1,0,106.44171779141104,OK
286,kcluster160_025_40_5,kcluster,ADMM,160,1,160,3.0722,0.057695,3.129895,3597.619297,3600.749192,-328,-334.986410541063,2.13000321373866,0,TIME_LIMIT,CONVERGED,611,0.000936665678706016,3.24310443286134,5.22110767810208e-15,3.92923692792044e-07,6462,1069549,TIME_LIMIT,0,1,0,2.1300032137387137,OK
287,kcluster160_025_40_5,kcluster,CB,160,1,160,120.892681,0.043221,120.935902,3479.170706,3600.106608,-328,-340.253282607104,3.73575689240984,0,TIME_LIMIT,"64, limit of calls to evaluation oracle exceeded",NaN,NaN,NaN,NaN,NaN,12720,541,TIME_LIMIT,0,1,0,3.7357568924097513,OK
288,kcluster160_025_40_5,kcluster,GUROBI,160,1,160,0,0.001342,0.001342,3600.271234,3600.272576,-322,-670,108.074534161491,0,TIME_LIMIT,NA,NaN,NaN,NaN,NaN,NaN,0,75145,TIME_LIMIT,0,1,0,108.07453416149069,OK
289,kcluster160_025_80_1,kcluster,ADMM,160,1,160,8.737078,0.078049,8.815127,3592.343425,3601.158552,-1047,-1053.99719683043,0.66830915285876,0,TIME_LIMIT,CONVERGED,1815,0.000935174643648964,4.1371672035935,5.39368898060629e-15,4.58900355942087e-07,6406,2098814,TIME_LIMIT,0,1,0,0.6683091528586518,OK
290,kcluster160_025_80_1,kcluster,CB,160,1,160,47.518868,0.047152,47.56602,3552.532477,3600.098497,-1047,-1053.97796037844,0.666471860404598,0,TIME_LIMIT,"1, relative precision criterion satisfied",NaN,NaN,NaN,NaN,NaN,12720,7117,TIME_LIMIT,0,1,0,0.6664718604049668,OK
291,kcluster160_025_80_1,kcluster,GUROBI,160,1,160,0,0.00167,0.00167,3600.326353,3600.328023,-1045,-1458,39.5215311004785,0,TIME_LIMIT,NA,NaN,NaN,NaN,NaN,NaN,0,254742,TIME_LIMIT,0,1,0,39.52153110047847,OK
292,kcluster160_025_80_2,kcluster,ADMM,160,1,160,8.282874,0.055959,8.338833,3593.060221,3601.399054,-1042,-1049.61268242771,0.730583726267936,0,TIME_LIMIT,CONVERGED,1705,0.000945566082808833,4.14245158962249,5.77385039201932e-15,4.35107262327111e-07,6259,2449344,TIME_LIMIT,0,1,0,0.730583726267761,OK
293,kcluster160_025_80_2,kcluster,CB,160,1,160,46.107928,0.054306,46.162234,3553.971588,3600.133822,-1042,-1049.69610843068,0.738590060525863,0,TIME_LIMIT,"1, relative precision criterion satisfied",NaN,NaN,NaN,NaN,NaN,12720,10202,TIME_LIMIT,0,1,0,0.7385900605259061,OK
294,kcluster160_025_80_2,kcluster,GUROBI,160,1,160,0,0.001476,0.001476,3600.33502,3600.336496,-1041,-1465,40.7300672430355,0,TIME_LIMIT,NA,NaN,NaN,NaN,NaN,NaN,0,198447,TIME_LIMIT,0,1,0,40.73006724303554,OK
295,kcluster160_025_80_3,kcluster,ADMM,160,1,160,7.866884,0.205381,8.072265,3593.591196,3601.663461,-1026,-1031.0365944163,0.49089614193948,0,TIME_LIMIT,CONVERGED,1620,0.000978762099089204,4.32332532792139,5.5175114742637e-15,4.3122402625801e-07,6122,3454807,TIME_LIMIT,0,1,0,0.4908961419395689,OK
296,kcluster160_025_80_3,kcluster,CB,160,1,160,32.149966,0.052817,32.202783,3567.94166,3600.144443,-1026,-1035.09834020396,0.886777797657396,0,TIME_LIMIT,"1, relative precision criterion satisfied",NaN,NaN,NaN,NaN,NaN,12720,563,TIME_LIMIT,0,1,0,0.8867777976569304,OK
297,kcluster160_025_80_3,kcluster,GUROBI,160,1,160,0,0.001557,0.001557,3600.392813,3600.39437,-1025,-1464,42.8292682926829,0,TIME_LIMIT,NA,NaN,NaN,NaN,NaN,NaN,0,260406,TIME_LIMIT,0,1,0,42.829268292682926,OK
298,kcluster160_025_80_4,kcluster,ADMM,160,1,160,8.402877,0.052241,8.455118,3593.204343,3601.659461,-1033,-1043.05948859193,0.9738130292285,0,TIME_LIMIT,CONVERGED,1745,0.000965110193287963,4.21690237117607,5.13141051212722e-15,4.51164933638804e-07,6350,2709046,TIME_LIMIT,0,1,0,0.9738130292284558,OK
299,kcluster160_025_80_4,kcluster,CB,160,1,160,35.360724,0.040604,35.401328,3564.718697,3600.120025,-1033,-1043.87955743077,1.05320013850626,0,TIME_LIMIT,"1, relative precision criterion satisfied",NaN,NaN,NaN,NaN,NaN,12720,9493,TIME_LIMIT,0,1,0,1.0532001385063012,OK
300,kcluster160_025_80_4,kcluster,GUROBI,160,1,160,0,0.001612,0.001612,3600.360268,3600.36188,-1032,-1463,41.7635658914729,0,TIME_LIMIT,NA,NaN,NaN,NaN,NaN,NaN,0,240031,TIME_LIMIT,0,1,0,41.763565891472865,OK
301,kcluster160_025_80_5,kcluster,ADMM,160,1,160,8.476674,0.08172,8.558394,3593.133618,3601.692012,-1021,-1029.09205957852,0.7925621526461,0,TIME_LIMIT,CONVERGED,1736,0.00094837297091354,4.11920263183003,5.7229824259489e-15,4.02113845757157e-07,6325,3074545,TIME_LIMIT,0,1,0,0.7925621526464341,OK
302,kcluster160_025_80_5,kcluster,CB,160,1,160,32.35681,0.05469,32.4115,3567.688754,3600.100254,-1021,-1032.1853842318,1.09553224601343,0,TIME_LIMIT,"1, relative precision criterion satisfied",NaN,NaN,NaN,NaN,NaN,12720,557,TIME_LIMIT,0,1,0,1.0955322460137191,OK
303,kcluster160_025_80_5,kcluster,GUROBI,160,1,160,0,0.001154,0.001154,3600.350111,3600.351265,-1020,-1469,44.0196078431373,0,TIME_LIMIT,NA,NaN,NaN,NaN,NaN,NaN,0,179228,TIME_LIMIT,0,1,0,44.01960784313726,OK
304,kcluster160_050_40_1,kcluster,ADMM,160,1,160,2.891809,0.084601,2.97641,3597.739888,3600.716298,-544,-551.304931718963,1.3428183306917,0,TIME_LIMIT,CONVERGED,562,0.000932243392214846,3.28592076108024,5.72696880706291e-15,4.46287766930908e-07,6468,929903,TIME_LIMIT,0,1,0,1.342818330691721,OK
305,kcluster160_050_40_1,kcluster,CB,160,1,160,95.825443,0.057271,95.882714,3504.22139,3600.104104,-543,-556.959764922489,2.57085910174755,0,TIME_LIMIT,"1, relative precision criterion satisfied",NaN,NaN,NaN,NaN,NaN,12720,474,TIME_LIMIT,0,1,0,2.5708591017475033,OK
306,kcluster160_050_40_1,kcluster,GUROBI,160,1,160,0,0.00103,0.00103,3608.518231,3608.519261,-540,-1421,163.148148148148,0,TIME_LIMIT,NA,NaN,NaN,NaN,NaN,NaN,0,10998456,TIME_LIMIT,0,1,0,163.14814814814815,OK
307,kcluster160_050_40_2,kcluster,ADMM,160,1,160,3.031718,0.051751,3.083469,3597.63103,3600.714499,-544,-550.72963755548,1.23706572711022,0,TIME_LIMIT,CONVERGED,593,0.000872749580997295,3.35507730007688,5.46958095083864e-15,4.56578270134295e-07,6412,1086059,TIME_LIMIT,0,1,0,1.2370657271103038,OK
308,kcluster160_050_40_2,kcluster,CB,160,1,160,77.280423,0.049384,77.329807,3522.770782,3600.100589,-543,-556.659793156311,2.51561568256195,0,TIME_LIMIT,"1, relative precision criterion satisfied",NaN,NaN,NaN,NaN,NaN,12720,435,TIME_LIMIT,0,1,0,2.515615682561883,OK
309,kcluster160_050_40_2,kcluster,GUROBI,160,1,160,0,0.001117,0.001117,3608.373309,3608.374426,-538,-1420.5,164.033457249071,0,TIME_LIMIT,NA,NaN,NaN,NaN,NaN,NaN,0,11204623,TIME_LIMIT,0,1,0,164.03345724907064,OK
310,kcluster160_050_40_3,kcluster,ADMM,160,1,160,2.874728,0.101269,2.975997,3597.592267,3600.568264,-547,-551.598651401776,0.840704095388605,0,TIME_LIMIT,CONVERGED,562,0.000918000048130839,3.29665399964115,5.74649767661425e-15,4.69412920598882e-07,6349,1119554,TIME_LIMIT,0,1,0,0.8407040953886673,OK
311,kcluster160_050_40_3,kcluster,CB,160,1,160,111.378648,0.050434,111.429082,3488.687884,3600.116966,-545,-558.188148328521,2.41984373000384,0,TIME_LIMIT,"1, relative precision criterion satisfied",NaN,NaN,NaN,NaN,NaN,12720,387,TIME_LIMIT,0,1,0,2.41984373000386,OK
312,kcluster160_050_40_3,kcluster,GUROBI,160,1,160,0,0.001357,0.001357,3608.536245,3608.537602,-547,-1422,159.963436928702,0,TIME_LIMIT,NA,NaN,NaN,NaN,NaN,NaN,0,11003233,TIME_LIMIT,0,1,0,159.963436928702,OK
313,kcluster160_050_40_4,kcluster,ADMM,160,1,160,2.839478,0.099453,2.938931,3597.71006,3600.648991,-543,-549.025322121386,1.10963574979487,0,TIME_LIMIT,CONVERGED,562,0.000961642399260916,3.36218176548657,5.65345124901066e-15,4.54400011282962e-07,6365,1091251,TIME_LIMIT,0,1,0,1.1096357497948457,OK
314,kcluster160_050_40_4,kcluster,CB,160,1,160,106.341968,0.053838,106.395806,3493.704815,3600.100621,-541,-555.256724673814,2.63525409867174,0,TIME_LIMIT,"1, relative precision criterion satisfied",NaN,NaN,NaN,NaN,NaN,12720,499,TIME_LIMIT,0,1,0,2.63525409867172,OK
315,kcluster160_050_40_4,kcluster,GUROBI,160,1,160,0,0.001579,0.001579,3608.743056,3608.744635,-537,-1423,164.990689013035,0,TIME_LIMIT,NA,NaN,NaN,NaN,NaN,NaN,0,11116325,TIME_LIMIT,0,1,0,164.9906890130354,OK
316,kcluster160_050_40_5,kcluster,ADMM,160,1,160,3.552756,0.05029,3.603046,3597.271263,3600.874309,-532,-545.374053807544,2.51391988863613,0,TIME_LIMIT,CONVERGED,717,0.000963108007106158,3.46484955995405,5.55170857014854e-15,4.55097240372526e-07,6311,1008917,TIME_LIMIT,0,1,0,2.513919888636088,OK
317,kcluster160_050_40_5,kcluster,CB,160,1,160,80.142625,0.046227,80.188852,3519.915557,3600.104409,-532,-550.687643424064,3.51271492933533,0,TIME_LIMIT,"1, relative precision criterion satisfied",NaN,NaN,NaN,NaN,NaN,12720,522,TIME_LIMIT,0,1,0,3.5127149293353477,OK
318,kcluster160_050_40_5,kcluster,GUROBI,160,1,160,0,0.001595,0.001595,3609.10731,3609.108905,-532,-1419.5,166.823308270677,0,TIME_LIMIT,NA,NaN,NaN,NaN,NaN,NaN,0,11375447,TIME_LIMIT,0,1,0,166.8233082706767,OK
319,kcluster160_050_80_1,kcluster,ADMM,160,1,160,7.683421,0.061088,7.744509,3593.266027,3601.010536,-1879,-1883.01160438057,0.213496773846166,0,TIME_LIMIT,CONVERGED,1569,0.000988551088093525,4.6462840113958,6.06138471213562e-15,5.44280870786349e-07,6275,2485848,TIME_LIMIT,0,1,0,0.2134967738461898,OK
320,kcluster160_050_80_1,kcluster,CB,160,1,160,28.24928,0.047526,28.296806,3571.828522,3600.125328,-1879,-1884.76548667668,0.306838034948207,0,TIME_LIMIT,"1, relative precision criterion satisfied",NaN,NaN,NaN,NaN,NaN,12720,10202,TIME_LIMIT,0,1,0,0.30683803494837597,OK
321,kcluster160_050_80_1,kcluster,GUROBI,160,1,160,0,0.001636,0.001636,3608.207481,3608.209117,-1879,-3004.5,59.8988823842469,0,TIME_LIMIT,NA,NaN,NaN,NaN,NaN,NaN,0,10598731,TIME_LIMIT,0,1,0,59.89888238424694,OK
322,kcluster160_050_80_2,kcluster,ADMM,160,1,160,8.569509,0.05441,8.623919,3592.536293,3601.160212,-1871,-1877.12357968112,0.327289133144014,0,TIME_LIMIT,CONVERGED,1781,0.000955853656576551,4.57337806647018,4.9439273280652e-15,5.28658271941263e-07,6174,2555691,TIME_LIMIT,0,1,0,0.32728913314377145,OK
323,kcluster160_050_80_2,kcluster,CB,160,1,160,23.81117,0.088075,23.899245,3576.400171,3600.299416,-1871,-1879.55604123108,0.457297767561995,0,TIME_LIMIT,"1, relative precision criterion satisfied",NaN,NaN,NaN,NaN,NaN,12720,6872,TIME_LIMIT,0,1,0,0.45729776756172724,OK
324,kcluster160_050_80_2,kcluster,GUROBI,160,1,160,0,0.015407,0.015407,3608.247176,3608.262583,-1870,-3004.5,60.668449197861,0,TIME_LIMIT,NA,NaN,NaN,NaN,NaN,NaN,0,10410957,TIME_LIMIT,0,1,0,60.668449197860966,OK
325,kcluster160_050_80_3,kcluster,ADMM,160,1,160,11.628782,0.14376,11.772542,3589.902189,3601.674731,-1866,-1874.37094241904,0.448603559433836,0,TIME_LIMIT,CONVERGED,1791,0.000995464833649363,4.57156985931325,5.87409245054924e-15,5.15159677041803e-07,6287,2613620,TIME_LIMIT,0,1,0,0.4486035594340793,OK
326,kcluster160_050_80_3,kcluster,CB,160,1,160,32.319319,0.092212,32.411531,3567.888925,3600.300456,-1866,-1878.17356341426,0.652388178684821,0,TIME_LIMIT,"1, relative precision criterion satisfied",NaN,NaN,NaN,NaN,NaN,12720,560,TIME_LIMIT,0,1,0,0.6523881786848815,OK
327,kcluster160_050_80_3,kcluster,GUROBI,160,1,160,0,0.004939,0.004939,3608.300209,3608.305148,-1866,-3006,61.0932475884244,0,TIME_LIMIT,NA,NaN,NaN,NaN,NaN,NaN,0,10377321,TIME_LIMIT,0,1,0,61.09324758842444,OK
328,kcluster160_050_80_4,kcluster,ADMM,160,1,160,9.06379,0.162159,9.225949,3592.641672,3601.867621,-1853,-1863.43293483018,0.563029402600285,0,TIME_LIMIT,CONVERGED,1877,0.000962859687082461,4.66391527249816,5.7770263209283e-15,5.14073640993865e-07,6221,2724921,TIME_LIMIT,0,1,0,0.5630294026001135,OK
329,kcluster160_050_80_4,kcluster,CB,160,1,160,29.454489,0.091354,29.545843,3570.743552,3600.289395,-1852,-1866.83780767793,0.801177520406512,0,TIME_LIMIT,"1, relative precision criterion satisfied",NaN,NaN,NaN,NaN,NaN,12720,547,TIME_LIMIT,0,1,0,0.8011775204065853,OK
330,kcluster160_050_80_4,kcluster,GUROBI,160,1,160,0,0.001097,0.001097,3608.165435,3608.166532,-1852,-3006.5,62.3380129589633,0,TIME_LIMIT,NA,NaN,NaN,NaN,NaN,NaN,0,10592538,TIME_LIMIT,0,1,0,62.33801295896328,OK
331,kcluster160_050_80_5,kcluster,ADMM,160,1,160,8.415574,0.062023,8.477597,3593.401069,3601.878666,-1849,-1860.03003936969,0.596540798793428,0,TIME_LIMIT,CONVERGED,1731,0.00096647469012405,4.52649414339987,5.19976810707783e-15,5.08596007002265e-07,6173,2948314,TIME_LIMIT,0,1,0,0.5965407987934035,OK
332,kcluster160_050_80_5,kcluster,CB,160,1,160,27.105122,0.056097,27.161219,3572.937346,3600.098565,-1849,-1862.69592373776,0.740720591550177,0,TIME_LIMIT,"1, relative precision criterion satisfied",NaN,NaN,NaN,NaN,NaN,12720,7305,TIME_LIMIT,0,1,0,0.7407205915500292,OK
333,kcluster160_050_80_5,kcluster,GUROBI,160,1,160,0,0.001091,0.001091,3608.440524,3608.441615,-1848,-3004,62.5541125541126,0,TIME_LIMIT,NA,NaN,NaN,NaN,NaN,NaN,0,10756910,TIME_LIMIT,0,1,0,62.55411255411256,OK
334,kcluster160_075_40_1,kcluster,ADMM,160,1,160,3.799127,0.060958,3.860085,3597.188843,3601.048928,-704,-712.672779209324,1.23192886496082,0,TIME_LIMIT,CONVERGED,768,0.000942327095065504,2.55812816775953,7.51795828863129e-15,3.34050175345015e-07,6201,1369596,TIME_LIMIT,0,1,0,1.2319288649607882,OK
335,kcluster160_075_40_1,kcluster,CB,160,1,160,60.013027,0.050935,60.063962,3540.040233,3600.104195,-702,-717.897113620897,2.26454609984291,0,TIME_LIMIT,"1, relative precision criterion satisfied",NaN,NaN,NaN,NaN,NaN,12720,869,TIME_LIMIT,0,1,0,2.26454609984288,OK
336,kcluster160_075_40_1,kcluster,GUROBI,160,1,160,0,0.001304,0.001304,3607.715625,3607.716929,-697,-2144.5,207.675753228121,0,TIME_LIMIT,NA,NaN,NaN,NaN,NaN,NaN,0,9557533,TIME_LIMIT,0,1,0,207.67575322812053,OK
337,kcluster160_075_40_2,kcluster,ADMM,160,1,160,3.259037,0.105456,3.364493,3597.257861,3600.622354,-716,-718.757274703052,0.385094232269764,0,TIME_LIMIT,CONVERGED,650,0.000973541014469672,2.35745360101567,8.26071010327093e-15,3.11472975336286e-07,6498,1276277,TIME_LIMIT,0,1,0,0.38509423226982714,OK
338,kcluster160_075_40_2,kcluster,CB,160,1,160,60.493268,0.040816,60.534084,3539.564208,3600.098292,-715,-723.552363768958,1.19613479286128,0,TIME_LIMIT,"1, relative precision criterion satisfied",NaN,NaN,NaN,NaN,NaN,12720,574,TIME_LIMIT,0,1,0,1.1961347928612591,OK
339,kcluster160_075_40_2,kcluster,GUROBI,160,1,160,0,0.00097,0.00097,3607.204104,3607.205074,-716,-2144.5,199.511173184358,0,TIME_LIMIT,NA,NaN,NaN,NaN,NaN,NaN,0,9484965,TIME_LIMIT,0,1,0,199.51117318435755,OK
340,kcluster160_075_40_3,kcluster,ADMM,160,1,160,3.648297,0.057178,3.705475,3597.211667,3600.917142,-706,-714.402105942854,1.19009999190561,0,TIME_LIMIT,CONVERGED,739,0.000791804198611295,2.53391098508276,7.49153446460278e-15,3.20250008844689e-07,6385,1282671,TIME_LIMIT,0,1,0,1.1900999919056587,OK
341,kcluster160_075_40_3,kcluster,CB,160,1,160,55.081801,0.052626,55.134427,3545.020521,3600.154948,-702,-719.928860078627,2.55396867216906,0,TIME_LIMIT,"1, relative precision criterion satisfied",NaN,NaN,NaN,NaN,NaN,12720,540,TIME_LIMIT,0,1,0,2.5539686721690957,OK
342,kcluster160_075_40_3,kcluster,GUROBI,160,1,160,0,0.001175,0.001175,3607.748817,3607.749992,-700,-2145.5,206.5,0,TIME_LIMIT,NA,NaN,NaN,NaN,NaN,NaN,0,8896144,TIME_LIMIT,0,1,0,206.5,OK
343,kcluster160_075_40_4,kcluster,ADMM,160,1,160,3.603974,0.094752,3.698726,3597.095759,3600.794485,-711,-716.28201691115,0.742899706209529,0,TIME_LIMIT,CONVERGED,679,0.000778035238497075,2.42961243256925,7.9716423267841e-15,3.2635776511113e-07,6399,1085285,TIME_LIMIT,0,1,0,0.7428997062095613,OK
344,kcluster160_075_40_4,kcluster,CB,160,1,160,58.702635,0.047554,58.750189,3541.373932,3600.124121,-711,-721.600262326771,1.49089484202119,0,TIME_LIMIT,"1, relative precision criterion satisfied",NaN,NaN,NaN,NaN,NaN,12720,488,TIME_LIMIT,0,1,0,1.490894842021242,OK
345,kcluster160_075_40_4,kcluster,GUROBI,160,1,160,0,0.001035,0.001035,3607.990046,3607.991081,-706,-2145.5,203.895184135977,0,TIME_LIMIT,NA,NaN,NaN,NaN,NaN,NaN,0,9010471,TIME_LIMIT,0,1,0,203.89518413597733,OK
346,kcluster160_075_40_5,kcluster,ADMM,160,1,160,3.905917,0.050654,3.956571,3597.029685,3600.986256,-706,-713.472887226936,1.05848261004756,0,TIME_LIMIT,CONVERGED,739,0.000993479583957748,2.54922988862094,7.5173016357754e-15,3.23466913136652e-07,6342,1197750,TIME_LIMIT,0,1,0,1.0584826100475915,OK
347,kcluster160_075_40_5,kcluster,CB,160,1,160,90.420915,0.122368,90.543283,3509.984792,3600.528075,-706,-718.864327954779,1.82214276979876,0,TIME_LIMIT,"1, relative precision criterion satisfied",NaN,NaN,NaN,NaN,NaN,12720,539,TIME_LIMIT,0,1,0,1.8221427697987274,OK
348,kcluster160_075_40_5,kcluster,GUROBI,160,1,160,0,0.001159,0.001159,3609.497155,3609.498314,-706,-2148,204.249291784703,0,TIME_LIMIT,NA,NaN,NaN,NaN,NaN,NaN,0,9208453,TIME_LIMIT,0,1,0,204.24929178470256,OK
349,kcluster160_075_80_1,kcluster,ADMM,160,1,160,10.415113,0.066308,10.481421,3592.133269,3602.61469,-2592,-2605.45099741853,0.518942801640741,0,TIME_LIMIT,CONVERGED,2169,0.000944020973892531,3.68349052516125,5.96031110999022e-15,3.80243787359953e-07,6133,3298956,TIME_LIMIT,0,1,0,0.5189428016408111,OK
350,kcluster160_075_80_1,kcluster,CB,160,1,160,16.457412,0.047747,16.505159,3583.621942,3600.127101,-2592,-2608.23441001598,0.626327546912926,0,TIME_LIMIT,"1, relative precision criterion satisfied",NaN,NaN,NaN,NaN,NaN,12720,7955,TIME_LIMIT,0,1,0,0.6263275469128028,OK
351,kcluster160_075_80_1,kcluster,GUROBI,160,1,160,0,0.002781,0.002781,3607.859606,3607.862387,-2590,-4519,74.4787644787645,0,TIME_LIMIT,NA,NaN,NaN,NaN,NaN,NaN,0,8792093,TIME_LIMIT,0,1,0,74.47876447876448,OK
352,kcluster160_075_80_2,kcluster,ADMM,160,1,160,8.81141,0.072782,8.884192,578.651991,587.536183,-2636,-2636.0022817559,8.65613012209822e-05,1,OPTIMAL,CONVERGED,1811,0.000960766283589169,3.77113713607804,6.52650509269932e-15,4.14659387877154e-07,6095,398474,OPTIMAL,0,1,1,8.656130122098216e-05,OK
353,kcluster160_075_80_2,kcluster,CB,160,1,160,21.319937,0.049839,21.369776,3578.767528,3600.137304,-2636,-2638.66617915326,0.101144884417925,0,TIME_LIMIT,"1, relative precision criterion satisfied",NaN,NaN,NaN,NaN,NaN,12720,10269,TIME_LIMIT,0,1,0,0.10114488441806319,OK
354,kcluster160_075_80_2,kcluster,GUROBI,160,1,160,0,0.002253,0.002253,3607.737759,3607.740012,-2636,-4519,71.4339908952959,0,TIME_LIMIT,NA,NaN,NaN,NaN,NaN,NaN,0,8788065,TIME_LIMIT,0,1,0,71.4339908952959,OK
355,kcluster160_075_80_3,kcluster,ADMM,160,1,160,9.459233,0.067349,9.526582,3592.56288,3602.089462,-2607,-2616.67908233669,0.371272816904001,0,TIME_LIMIT,CONVERGED,1948,0.000990211621124469,3.62189614001966,6.00765113205559e-15,3.99056343596982e-07,6057,2888897,TIME_LIMIT,0,1,0,0.371272816904106,OK
356,kcluster160_075_80_3,kcluster,CB,160,1,160,15.281137,0.050697,15.331834,3584.803683,3600.135517,-2607,-2621.01338751978,0.537529248936877,0,TIME_LIMIT,"1, relative precision criterion satisfied",NaN,NaN,NaN,NaN,NaN,12720,546,TIME_LIMIT,0,1,0,0.5375292489367022,OK
357,kcluster160_075_80_3,kcluster,GUROBI,160,1,160,0,0.002794,0.002794,3607.900013,3607.902807,-2607,-4518,73.3026467203682,0,TIME_LIMIT,NA,NaN,NaN,NaN,NaN,NaN,0,8953604,TIME_LIMIT,0,1,0,73.30264672036824,OK
358,kcluster160_075_80_4,kcluster,ADMM,160,1,160,9.641751,0.065956,9.707707,3591.419131,3601.126838,-2617,-2620.43353982602,0.13120136897294,0,TIME_LIMIT,CONVERGED,1990,0.000952091100107261,3.68534865399867,6.34004274199693e-15,4.051455830884e-07,6140,2749867,TIME_LIMIT,0,1,0,0.1312013689728706,OK
359,kcluster160_075_80_4,kcluster,CB,160,1,160,17.343991,0.05119,17.395181,3582.72738,3600.122561,-2617,-2625.22546334974,0.314308878476797,0,TIME_LIMIT,"1, relative precision criterion satisfied",NaN,NaN,NaN,NaN,NaN,12720,565,TIME_LIMIT,0,1,0,0.31430887847688344,OK
360,kcluster160_075_80_4,kcluster,GUROBI,160,1,160,0,0.003071,0.003071,3607.860721,3607.863792,-2616,-4518.5,72.7255351681957,0,TIME_LIMIT,NA,NaN,NaN,NaN,NaN,NaN,0,8820787,TIME_LIMIT,0,1,0,72.72553516819572,OK
361,kcluster160_075_80_5,kcluster,ADMM,160,1,160,9.825007,0.065471,9.890478,3592.816592,3602.70707,-2593,-2603.79560738849,0.416336574951539,0,TIME_LIMIT,CONVERGED,2043,0.00096222343250589,3.76521764267431,5.61205708256717e-15,3.99432164618596e-07,6125,3508597,TIME_LIMIT,0,1,0,0.41633657495141635,OK
362,kcluster160_075_80_5,kcluster,CB,160,1,160,15.978872,0.045474,16.024346,3584.099886,3600.124232,-2593,-2608.01714057285,0.579141556993836,0,TIME_LIMIT,"1, relative precision criterion satisfied",NaN,NaN,NaN,NaN,NaN,12720,542,TIME_LIMIT,0,1,0,0.579141556993836,OK
363,kcluster160_075_80_5,kcluster,GUROBI,160,1,160,0,0.001392,0.001392,3609.063975,3609.065367,-2590,-4522,74.5945945945946,0,TIME_LIMIT,NA,NaN,NaN,NaN,NaN,NaN,0,8496097,TIME_LIMIT,0,1,0,74.5945945945946,OK
364,kcluster80_025_20_1,kcluster,ADMM,80,1,80,0.480483,0.0838,0.564283,10.568544,11.132827,-94,-94.0000000000001,7.55896527404362e-14,1,OPTIMAL,CONVERGED,258,0.000975145553418693,1.87846140319402,3.92363081959018e-15,2.06445450812541e-07,1648,10790,OPTIMAL,0,1,1,1.0582551383661066e-13,OK
365,kcluster80_025_20_1,kcluster,CB,80,1,80,21.180721,0.116063,21.296784,336.979346,358.27613,-94,-93.9999999998363,0,1,OPTIMAL,"64, limit of calls to evaluation oracle exceeded",NaN,NaN,NaN,NaN,NaN,3160,6848,OPTIMAL,0,1,1,0.0,OK
366,kcluster80_025_20_1,kcluster,GUROBI,80,1,80,0,0.000926,0.000926,3600.867192,3600.868118,-94,-121,28.7234042553191,0,TIME_LIMIT,NA,NaN,NaN,NaN,NaN,NaN,0,1501314,TIME_LIMIT,0,1,0,28.72340425531915,OK
367,kcluster80_025_20_2,kcluster,ADMM,80,1,80,0.474554,0.061952,0.536506,11.405458,11.941964,-93,-93,0,1,OPTIMAL,CONVERGED,302,0.00097780751958884,1.9455848590697,4.13691280937521e-15,2.02359569772047e-07,1686,12783,OPTIMAL,0,1,1,0.0,OK
368,kcluster80_025_20_2,kcluster,CB,80,1,80,18.732789,0.062005,18.794794,286.192583,304.987377,-93,-93.0000899374874,9.6706975716765e-05,1,OPTIMAL,"64, limit of calls to evaluation oracle exceeded",NaN,NaN,NaN,NaN,NaN,3160,7867,OPTIMAL,0,1,1,9.670697570148452e-05,OK
369,kcluster80_025_20_2,kcluster,GUROBI,80,1,80,0,0.002885,0.002885,3601.090081,3601.092966,-93,-121,30.1075268817204,0,TIME_LIMIT,NA,NaN,NaN,NaN,NaN,NaN,0,1779355,TIME_LIMIT,0,1,0,30.107526881720432,OK
370,kcluster80_025_20_3,kcluster,ADMM,80,1,80,0.436473,0.093227,0.5297,2.815154,3.344854,-100,-100,8.5265128291212e-14,1,OPTIMAL,CONVERGED,234,0.000965948683734956,1.87389596917871,3.97399010169423e-15,2.12627377647562e-07,1878,1273,OPTIMAL,0,1,1,0.0,OK
371,kcluster80_025_20_3,kcluster,CB,80,1,80,19.415985,0.063654,19.479639,44.275525,63.755164,-100,-100.000000000262,2.61934474110603e-10,1,OPTIMAL,"64, limit of calls to evaluation oracle exceeded",NaN,NaN,NaN,NaN,NaN,3160,573,OPTIMAL,0,1,1,2.6200552838417934e-10,OK
372,kcluster80_025_20_3,kcluster,GUROBI,80,1,80,0,0.001494,0.001494,3601.08147,3601.082964,-98,-125,27.5510204081633,0,TIME_LIMIT,NA,NaN,NaN,NaN,NaN,NaN,0,1718444,TIME_LIMIT,0,1,0,27.551020408163264,OK
373,kcluster80_025_20_4,kcluster,ADMM,80,1,80,0.450786,0.073028,0.523814,6.952266,7.47608,-96,-96,1.48029736616688e-14,1,OPTIMAL,CONVERGED,261,0.000994321211313671,1.94072093802641,4.100368931064e-15,2.03672890477111e-07,1632,6117,OPTIMAL,0,1,1,0.0,OK
374,kcluster80_025_20_4,kcluster,CB,80,1,80,17.939295,0.066055,18.00535,221.252542,239.257892,-96,-96.0000000000364,3.7895612573872e-11,1,OPTIMAL,"64, limit of calls to evaluation oracle exceeded",NaN,NaN,NaN,NaN,NaN,3160,3516,OPTIMAL,0,1,1,3.791041554753368e-11,OK
375,kcluster80_025_20_4,kcluster,GUROBI,80,1,80,0,0.000909,0.000909,3600.974978,3600.975887,-94,-128,36.1702127659574,0,TIME_LIMIT,NA,NaN,NaN,NaN,NaN,NaN,0,1564323,TIME_LIMIT,0,1,0,36.170212765957444,OK
376,kcluster80_025_20_5,kcluster,ADMM,80,1,80,0.443739,0.068787,0.512526,22.20441,22.716936,-97,-97,1.46503656857753e-14,1,OPTIMAL,CONVERGED,282,0.000922069861775382,1.90177864976689,3.92470352074821e-15,2.14456251865543e-07,1666,25336,OPTIMAL,0,1,1,0.0,OK
377,kcluster80_025_20_5,kcluster,CB,80,1,80,18.834025,0.105389,18.939414,313.560795,332.500209,-97,-96.9999999999854,0,1,OPTIMAL,"64, limit of calls to evaluation oracle exceeded",NaN,NaN,NaN,NaN,NaN,3160,12805,OPTIMAL,0,1,1,0.0,OK
378,kcluster80_025_20_5,kcluster,GUROBI,80,1,80,0,0.001004,0.001004,3600.898364,3600.899368,-97,-128,31.9587628865979,0,TIME_LIMIT,NA,NaN,NaN,NaN,NaN,NaN,0,1218023,TIME_LIMIT,0,1,0,31.95876288659794,OK
379,kcluster80_025_40_1,kcluster,ADMM,80,1,80,1.154046,0.229875,1.383921,4.095376,5.479297,-280,-280.000055350796,1.97681413892172e-05,1,OPTIMAL,CONVERGED,1014,0.000913743728354488,2.81615193565865,3.72028135575903e-15,2.31123849230684e-07,1474,9136,OPTIMAL,0,1,1,1.976814142981961e-05,OK
380,kcluster80_025_40_1,kcluster,CB,80,1,80,9.929128,0.061578,9.990706,64.865779,74.856485,-280,-279.999999998836,0,1,OPTIMAL,"1, relative precision criterion satisfied",NaN,NaN,NaN,NaN,NaN,3160,1276,OPTIMAL,0,1,1,0.0,OK
381,kcluster80_025_40_1,kcluster,GUROBI,80,1,80,0,0.000835,0.000835,3600.712783,3600.713618,-280,-303,8.21428571428571,0,TIME_LIMIT,NA,NaN,NaN,NaN,NaN,NaN,0,2774698,TIME_LIMIT,0,1,0,8.214285714285714,OK
382,kcluster80_025_40_2,kcluster,ADMM,80,1,80,1.49481,0.067147,1.561957,13.891265,15.453222,-273,-273.000158035692,5.78885320280009e-05,1,OPTIMAL,CONVERGED,1199,0.000912481977092771,2.72687950931209,4.02608805482459e-15,2.29487765574245e-07,1599,26284,OPTIMAL,0,1,1,5.788853186142673e-05,OK
383,kcluster80_025_40_2,kcluster,CB,80,1,80,8.461018,0.058284,8.519302,145.241758,153.76106,-273,-273.000000000029,1.06607437570453e-11,1,OPTIMAL,"1, relative precision criterion satisfied",NaN,NaN,NaN,NaN,NaN,3160,4101,OPTIMAL,0,1,1,1.0619100226744354e-11,OK
384,kcluster80_025_40_2,kcluster,GUROBI,80,1,80,0,0.001161,0.001161,3601.160677,3601.161838,-273,-302,10.6227106227106,0,TIME_LIMIT,NA,NaN,NaN,NaN,NaN,NaN,0,2746905,TIME_LIMIT,0,1,0,10.622710622710622,OK
385,kcluster80_025_40_3,kcluster,ADMM,80,1,80,1.501026,0.054308,1.555334,2.819552,4.374886,-285,-285,3.98901184988126e-14,1,OPTIMAL,CONVERGED,1209,0.000991478017058215,2.91219854485165,3.56567602291095e-15,2.29320295490331e-07,1491,5234,OPTIMAL,0,1,1,0.0,OK
386,kcluster80_025_40_3,kcluster,CB,80,1,80,8.965007,0.041995,9.007002,37.950202,46.957204,-285,-284.99999999901,0,1,OPTIMAL,"1, relative precision criterion satisfied",NaN,NaN,NaN,NaN,NaN,3160,806,OPTIMAL,0,1,1,0.0,OK
387,kcluster80_025_40_3,kcluster,GUROBI,80,1,80,0,0.000817,0.000817,3600.801737,3600.802554,-285,-307,7.71929824561404,0,TIME_LIMIT,NA,NaN,NaN,NaN,NaN,NaN,0,2589826,TIME_LIMIT,0,1,0,7.719298245614035,OK
388,kcluster80_025_40_4,kcluster,ADMM,80,1,80,1.082214,0.229902,1.312116,3.939707,5.251823,-284,-284.000229516653,8.08157230300796e-05,1,OPTIMAL,CONVERGED,1008,0.000950337658195107,2.87315562363044,3.62092267119024e-15,2.28479170603957e-07,1408,8759,OPTIMAL,0,1,1,8.081572288997258e-05,OK
389,kcluster80_025_40_4,kcluster,CB,80,1,80,6.94024,0.066526,7.006766,46.848062,53.854828,-284,-283.999999999287,0,1,OPTIMAL,"1, relative precision criterion satisfied",NaN,NaN,NaN,NaN,NaN,3160,882,OPTIMAL,0,1,1,0.0,OK
390,kcluster80_025_40_4,kcluster,GUROBI,80,1,80,0,0.000919,0.000919,3600.931323,3600.932242,-284,-317,11.6197183098592,0,TIME_LIMIT,NA,NaN,NaN,NaN,NaN,NaN,0,2533710,TIME_LIMIT,0,1,0,11.619718309859154,OK
391,kcluster80_025_40_5,kcluster,ADMM,80,1,80,1.466123,0.061327,1.52745,4.47833,6.00578,-292,-292,9.7334621337e-14,1,OPTIMAL,CONVERGED,1186,0.000936921018844882,2.71956898113371,3.51541693069567e-15,2.33059883948321e-07,1519,8508,OPTIMAL,0,1,1,0.0,OK
392,kcluster80_025_40_5,kcluster,CB,80,1,80,9.202966,0.063842,9.266808,42.274635,51.541443,-292,-291.999999999389,0,1,OPTIMAL,"1, relative precision criterion satisfied",NaN,NaN,NaN,NaN,NaN,3160,721,OPTIMAL,0,1,1,0.0,OK
393,kcluster80_025_40_5,kcluster,GUROBI,80,1,80,0,0.000789,0.000789,3600.836544,3600.837333,-292,-316,8.21917808219178,0,TIME_LIMIT,NA,NaN,NaN,NaN,NaN,NaN,0,2645617,TIME_LIMIT,0,1,0,8.219178082191782,OK
394,kcluster80_050_20_1,kcluster,ADMM,80,1,80,0.450508,0.07711,0.527618,1.209901,1.737519,-149,-149,0,1,OPTIMAL,CONVERGED,301,0.000981565988574247,1.80478750595184,4.11199073271352e-15,2.41123749825794e-07,1672,935,OPTIMAL,0,1,1,0.0,OK
395,kcluster80_050_20_1,kcluster,CB,80,1,80,18.491644,0.042915,18.534559,90.909924,109.444483,-149,-149.000000000084,5.6156719841013e-11,1,OPTIMAL,"64, limit of calls to evaluation oracle exceeded",NaN,NaN,NaN,NaN,NaN,3160,612,OPTIMAL,0,1,1,5.636654454150593e-11,OK
396,kcluster80_050_20_1,kcluster,GUROBI,80,1,80,0,0.000795,0.000795,3600.22398,3600.224775,-147,-181,23.1292517006803,0,TIME_LIMIT,NA,NaN,NaN,NaN,NaN,NaN,0,201923,TIME_LIMIT,0,1,0,23.12925170068027,OK
397,kcluster80_050_20_2,kcluster,ADMM,80,1,80,0.429531,0.070223,0.499754,5.274059,5.773813,-148,-148,1.9203857723246e-14,1,OPTIMAL,CONVERGED,288,0.000950757795747828,1.87008886234509,4.24377919388077e-15,2.26486608922833e-07,1639,4818,OPTIMAL,0,1,1,0.0,OK
398,kcluster80_050_20_2,kcluster,CB,80,1,80,18.098465,0.064126,18.162591,220.36051,238.523101,-148,-148.000000000015,9.83237515430193e-12,1,OPTIMAL,"64, limit of calls to evaluation oracle exceeded",NaN,NaN,NaN,NaN,NaN,3160,3929,OPTIMAL,0,1,1,1.0139636877873863e-11,OK
399,kcluster80_050_20_2,kcluster,GUROBI,80,1,80,0,0.000883,0.000883,3600.215008,3600.215891,-148,-181,22.2972972972973,0,TIME_LIMIT,NA,NaN,NaN,NaN,NaN,NaN,0,191373,TIME_LIMIT,0,1,0,22.2972972972973,OK
400,kcluster80_050_20_3,kcluster,ADMM,80,1,80,0.498238,0.053275,0.551513,35.666777,36.21829,-144,-144,5.9211894646675e-14,1,OPTIMAL,CONVERGED,361,0.000931202384050286,1.96760154660755,4.18998297413104e-15,2.25531862616982e-07,1523,39685,OPTIMAL,0,1,1,0.0,OK
401,kcluster80_050_20_3,kcluster,CB,80,1,80,19.468815,0.099291,19.568106,1321.114568,1340.682674,-144,-143.999999999975,0,1,OPTIMAL,"64, limit of calls to evaluation oracle exceeded",NaN,NaN,NaN,NaN,NaN,3160,29956,OPTIMAL,0,1,1,0.0,OK
402,kcluster80_050_20_3,kcluster,GUROBI,80,1,80,0,0.001075,0.001075,3600.231715,3600.23279,-143,-182,27.2727272727273,0,TIME_LIMIT,NA,NaN,NaN,NaN,NaN,NaN,0,187212,TIME_LIMIT,0,1,0,27.272727272727273,OK
403,kcluster80_050_20_4,kcluster,ADMM,80,1,80,0.468201,0.051135,0.519336,11.558904,12.07824,-144,-144,7.89491928622334e-14,1,OPTIMAL,CONVERGED,334,0.000885627062315989,1.91664185504604,4.12565098872943e-15,2.34168808957336e-07,1417,13864,OPTIMAL,0,1,1,0.0,OK
404,kcluster80_050_20_4,kcluster,CB,80,1,80,18.28312,0.086743,18.369863,443.572871,461.942734,-144,-144.000000000247,1.7179344366822e-10,1,OPTIMAL,"64, limit of calls to evaluation oracle exceeded",NaN,NaN,NaN,NaN,NaN,3160,13759,OPTIMAL,0,1,1,1.7153685879141753e-10,OK
405,kcluster80_050_20_4,kcluster,GUROBI,80,1,80,0,0.001225,0.001225,3600.263722,3600.264947,-140,-181,29.2857142857143,0,TIME_LIMIT,NA,NaN,NaN,NaN,NaN,NaN,0,179357,TIME_LIMIT,0,1,0,29.285714285714285,OK
406,kcluster80_050_20_5,kcluster,ADMM,80,1,80,0.511106,0.058404,0.56951,2.989653,3.559163,-149,-149,0,1,OPTIMAL,CONVERGED,316,0.000974167643296368,1.75540570883235,4.03756581494941e-15,2.26347077134649e-07,1535,2691,OPTIMAL,0,1,1,0.0,OK
407,kcluster80_050_20_5,kcluster,CB,80,1,80,18.524182,0.106036,18.630218,114.90123,133.531448,-149,-149.000000000069,4.63903337817064e-11,1,OPTIMAL,"64, limit of calls to evaluation oracle exceeded",NaN,NaN,NaN,NaN,NaN,3160,1806,OPTIMAL,0,1,1,4.631403389061807e-11,OK
408,kcluster80_050_20_5,kcluster,GUROBI,80,1,80,0,0.000851,0.000851,3600.222425,3600.223276,-145,-182,25.5172413793103,0,TIME_LIMIT,NA,NaN,NaN,NaN,NaN,NaN,0,177217,TIME_LIMIT,0,1,0,25.517241379310345,OK
409,kcluster80_050_40_1,kcluster,ADMM,80,1,80,1.136888,0.214474,1.351362,3.130785,4.482147,-488,-488.000000000001,2.5626131453643e-13,1,OPTIMAL,CONVERGED,1015,0.000978691209293478,2.93452789782084,3.50033011490079e-15,2.85148436346988e-07,1391,5407,OPTIMAL,0,1,1,2.0966834825707874e-13,OK
410,kcluster80_050_40_1,kcluster,CB,80,1,80,5.786012,0.054429,5.840441,49.348652,55.189093,-488,-487.999999999418,0,1,OPTIMAL,"1, relative precision criterion satisfied",NaN,NaN,NaN,NaN,NaN,3160,971,OPTIMAL,0,1,1,0.0,OK
411,kcluster80_050_40_1,kcluster,GUROBI,80,1,80,0,0.000952,0.000952,3600.259603,3600.260555,-488,-627,28.483606557377,0,TIME_LIMIT,NA,NaN,NaN,NaN,NaN,NaN,0,235332,TIME_LIMIT,0,1,0,28.483606557377048,OK
412,kcluster80_050_40_2,kcluster,ADMM,80,1,80,1.264307,0.151397,1.415704,6.273359,7.689063,-489,-489,1.16244210349301e-14,1,OPTIMAL,CONVERGED,1078,0.000934438754469907,2.86923474191275,3.56356551130535e-15,2.92157924695984e-07,1499,10185,OPTIMAL,0,1,1,0.0,OK
413,kcluster80_050_40_2,kcluster,CB,80,1,80,7.556595,0.055084,7.611679,101.011377,108.623056,-489,-488.999999995809,0,1,OPTIMAL,"1, relative precision criterion satisfied",NaN,NaN,NaN,NaN,NaN,3160,2403,OPTIMAL,0,1,1,0.0,OK
414,kcluster80_050_40_2,kcluster,GUROBI,80,1,80,0,0.000856,0.000856,3600.242071,3600.242927,-489,-623,27.4028629856851,0,TIME_LIMIT,NA,NaN,NaN,NaN,NaN,NaN,0,234577,TIME_LIMIT,0,1,0,27.402862985685072,OK
415,kcluster80_050_40_3,kcluster,ADMM,80,1,80,1.41388,0.132112,1.545992,5.201902,6.747894,-484,-484.000081529062,1.68448476060352e-05,1,OPTIMAL,CONVERGED,1150,0.000896933939378755,2.99715545916782,3.87344904029122e-15,2.63849849773538e-07,1406,8372,OPTIMAL,0,1,1,1.6844847523823637e-05,OK
416,kcluster80_050_40_3,kcluster,CB,80,1,80,4.502629,0.053789,4.556418,94.336298,98.892716,-484,-483.999999999854,0,1,OPTIMAL,"1, relative precision criterion satisfied",NaN,NaN,NaN,NaN,NaN,3160,1667,OPTIMAL,0,1,1,0.0,OK
417,kcluster80_050_40_3,kcluster,GUROBI,80,1,80,0,0.00083,0.00083,3600.517104,3600.517934,-476,-644,35.2941176470588,0,TIME_LIMIT,NA,NaN,NaN,NaN,NaN,NaN,0,412989,TIME_LIMIT,0,1,0,35.294117647058826,OK
418,kcluster80_050_40_4,kcluster,ADMM,80,1,80,1.444397,0.078756,1.523153,5.328992,6.852145,-479,-479,4.74684082344952e-14,1,OPTIMAL,CONVERGED,1168,0.000997079752318486,2.89709531810447,3.71362276966595e-15,2.64503863174136e-07,1433,9958,OPTIMAL,0,1,1,0.0,OK
419,kcluster80_050_40_4,kcluster,CB,80,1,80,4.337153,0.044153,4.381306,270.380893,274.762199,-479,-479.000000000189,3.94937156511e-11,1,OPTIMAL,"1, relative precision criterion satisfied",NaN,NaN,NaN,NaN,NaN,3160,3279,OPTIMAL,0,1,1,3.9458114344924146e-11,OK
420,kcluster80_050_40_4,kcluster,GUROBI,80,1,80,0,0.001146,0.001146,3600.247224,3600.24837,-475,-625,31.5789473684211,0,TIME_LIMIT,NA,NaN,NaN,NaN,NaN,NaN,0,232706,TIME_LIMIT,0,1,0,31.57894736842105,OK
421,kcluster80_050_40_5,kcluster,ADMM,80,1,80,1.255914,0.134945,1.390859,3.251467,4.642326,-495,-495.000000000001,1.03351670656015e-13,1,OPTIMAL,CONVERGED,1073,0.00093635704499345,2.98615281706695,3.61590069691971e-15,2.90873207387222e-07,1363,4766,OPTIMAL,0,1,1,2.0670334131202914e-13,OK
422,kcluster80_050_40_5,kcluster,CB,80,1,80,6.916811,0.061332,6.978143,28.545508,35.523651,-495,-495.000000004424,8.9369337968152e-10,1,OPTIMAL,"1, relative precision criterion satisfied",NaN,NaN,NaN,NaN,NaN,3160,379,OPTIMAL,0,1,1,8.937393137573669e-10,OK
423,kcluster80_050_40_5,kcluster,GUROBI,80,1,80,0,0.000862,0.000862,3600.272331,3600.273193,-493,-644,30.6288032454361,0,TIME_LIMIT,NA,NaN,NaN,NaN,NaN,NaN,0,236867,TIME_LIMIT,0,1,0,30.628803245436107,OK
424,kcluster80_075_20_1,kcluster,ADMM,80,1,80,0.493412,0.074394,0.567806,18.424242,18.992048,-182,-182,0,1,OPTIMAL,CONVERGED,363,0.000971188473710483,1.07765869701687,4.39628968966242e-15,1.39277086313843e-07,1624,20282,OPTIMAL,0,1,1,0.0,OK
425,kcluster80_075_20_1,kcluster,CB,80,1,80,16.9966,0.064246,17.060846,574.686643,591.747489,-182,-181.999999999969,0,1,OPTIMAL,"64, limit of calls to evaluation oracle exceeded",NaN,NaN,NaN,NaN,NaN,3160,19273,OPTIMAL,0,1,1,0.0,OK
426,kcluster80_075_20_1,kcluster,GUROBI,80,1,80,0,0.000781,0.000781,3616.536152,3616.536933,-182,-447.5,145.879120879121,0,TIME_LIMIT,NA,NaN,NaN,NaN,NaN,NaN,0,21438732,TIME_LIMIT,0,1,0,145.87912087912088,OK
427,kcluster80_075_20_2,kcluster,ADMM,80,1,80,0.581406,0.05295,0.634356,33.864935,34.499291,-182,-182,3.12326477257187e-14,1,OPTIMAL,CONVERGED,455,0.000946637902336148,1.08516299729893,4.80738201816947e-15,1.42236775381891e-07,1411,45603,OPTIMAL,0,1,1,0.0,OK
428,kcluster80_075_20_2,kcluster,CB,80,1,80,17.32179,0.065069,17.386859,1706.012948,1723.399807,-182,-182.000048369008,2.65763782399867e-05,1,OPTIMAL,"64, limit of calls to evaluation oracle exceeded",NaN,NaN,NaN,NaN,NaN,3160,41055,OPTIMAL,0,1,1,2.6576378021358185e-05,OK
429,kcluster80_075_20_2,kcluster,GUROBI,80,1,80,0,0.000996,0.000996,3619.648956,3619.649952,-182,-446.5,145.32967032967,0,TIME_LIMIT,NA,NaN,NaN,NaN,NaN,NaN,0,21317079,TIME_LIMIT,0,1,0,145.32967032967034,OK
430,kcluster80_075_20_3,kcluster,ADMM,80,1,80,0.532376,0.055619,0.587995,3.707088,4.295083,-184,-184,7.72329060608805e-14,1,OPTIMAL,CONVERGED,390,0.000910308336081881,1.07394555595805,4.40138094845569e-15,1.32117162394394e-07,1284,3116,OPTIMAL,0,1,1,0.0,OK
431,kcluster80_075_20_3,kcluster,CB,80,1,80,17.024566,0.062793,17.087359,540.242557,557.329916,-184,-183.999999999989,0,1,OPTIMAL,"64, limit of calls to evaluation oracle exceeded",NaN,NaN,NaN,NaN,NaN,3160,2915,OPTIMAL,0,1,1,0.0,OK
432,kcluster80_075_20_3,kcluster,GUROBI,80,1,80,0,0.000783,0.000783,3622.235667,3622.23645,-181,-454.5,151.104972375691,0,TIME_LIMIT,NA,NaN,NaN,NaN,NaN,NaN,0,21144169,TIME_LIMIT,0,1,0,151.1049723756906,OK
433,kcluster80_075_20_4,kcluster,ADMM,80,1,80,0.529572,0.054133,0.583705,7.099964,7.683669,-183,-183,0,1,OPTIMAL,CONVERGED,392,0.000929265654493115,1.12028543649903,4.41866055216434e-15,1.47293418560622e-07,1407,7800,OPTIMAL,0,1,1,0.0,OK
434,kcluster80_075_20_4,kcluster,CB,80,1,80,17.296262,0.064932,17.361194,312.555285,329.916479,-183,-182.999999999985,0,1,OPTIMAL,"64, limit of calls to evaluation oracle exceeded",NaN,NaN,NaN,NaN,NaN,3160,7988,OPTIMAL,0,1,1,0.0,OK
435,kcluster80_075_20_4,kcluster,GUROBI,80,1,80,0,0.001122,0.001122,3624.982771,3624.983893,-180,-449,149.444444444444,0,TIME_LIMIT,NA,NaN,NaN,NaN,NaN,NaN,0,21781173,TIME_LIMIT,0,1,0,149.44444444444446,OK
436,kcluster80_075_20_5,kcluster,ADMM,80,1,80,0.579479,0.049066,0.628545,1.020772,1.649317,-183,-183,1.55309887597836e-14,1,OPTIMAL,CONVERGED,444,0.000985431654770195,1.16743263557624,4.45554286327083e-15,1.49668535041313e-07,1391,945,OPTIMAL,0,1,1,0.0,OK
437,kcluster80_075_20_5,kcluster,CB,80,1,80,14.078095,0.06146,14.139555,88.213331,102.352886,-183,-183.000000000065,3.57833981025414e-11,1,OPTIMAL,"1, relative precision criterion satisfied",NaN,NaN,NaN,NaN,NaN,3160,727,OPTIMAL,0,1,1,3.551937129362512e-11,OK
438,kcluster80_075_20_5,kcluster,GUROBI,80,1,80,0,0.001247,0.001247,3617.107156,3617.108403,-181,-446,146.408839779006,0,TIME_LIMIT,NA,NaN,NaN,NaN,NaN,NaN,0,22018418,TIME_LIMIT,0,1,0,146.40883977900552,OK
439,kcluster80_075_40_1,kcluster,ADMM,80,1,80,1.457258,0.085873,1.543131,2.613365,4.156496,-671,-671.000000000001,8.47144841442742e-14,1,OPTIMAL,CONVERGED,1174,0.00091239453223573,2.11518858767559,3.9919700765039e-15,2.05627022830669e-07,1415,2832,OPTIMAL,0,1,1,1.5248607145969363e-13,OK
440,kcluster80_075_40_1,kcluster,CB,80,1,80,3.879724,0.06295,3.942674,42.686972,46.629646,-671,-671.000000000437,6.50607238228026e-11,1,OPTIMAL,"1, relative precision criterion satisfied",NaN,NaN,NaN,NaN,NaN,3160,658,OPTIMAL,0,1,1,6.512849541011804e-11,OK
441,kcluster80_075_40_1,kcluster,GUROBI,80,1,80,0,0.000974,0.000974,3617.478468,3617.479442,-670,-1032,54.0298507462687,0,TIME_LIMIT,NA,NaN,NaN,NaN,NaN,NaN,0,20498991,TIME_LIMIT,0,1,0,54.02985074626866,OK
442,kcluster80_075_40_2,kcluster,ADMM,80,1,80,1.139591,0.211527,1.351118,5.142172,6.49329,-668,-668.000000000001,1.19132913780137e-13,1,OPTIMAL,CONVERGED,1020,0.000951742118225806,2.29495388633812,3.79886112246245e-15,2.15857762580783e-07,1320,10175,OPTIMAL,0,1,1,1.5317088914588987e-13,OK
443,kcluster80_075_40_2,kcluster,CB,80,1,80,3.491201,0.05541,3.546611,118.815676,122.362287,-668,-668.000000001834,2.74482233349435e-10,1,OPTIMAL,"1, relative precision criterion satisfied",NaN,NaN,NaN,NaN,NaN,3160,3660,OPTIMAL,0,1,1,2.7455030930016615e-10,OK
444,kcluster80_075_40_2,kcluster,GUROBI,80,1,80,0,0.001189,0.001189,3615.375875,3615.377064,-668,-1030,54.1916167664671,0,TIME_LIMIT,NA,NaN,NaN,NaN,NaN,NaN,0,19613345,TIME_LIMIT,0,1,0,54.191616766467064,OK
445,kcluster80_075_40_3,kcluster,ADMM,80,1,80,1.569959,0.076874,1.646833,67.021949,68.668782,-665,-665.00025624539,3.85331414054919e-05,1,OPTIMAL,CONVERGED,1290,0.000854045732105906,2.29806685031721,4.1233407367991e-15,2.04345849447595e-07,1251,207848,OPTIMAL,0,1,1,3.853314135420461e-05,OK
446,kcluster80_075_40_3,kcluster,CB,80,1,80,3.106486,0.061718,3.168204,3232.086212,3235.254416,-665,-665.000318768098,4.79350523390276e-05,1,OPTIMAL,"1, relative precision criterion satisfied",NaN,NaN,NaN,NaN,NaN,3160,87978,OPTIMAL,0,1,1,4.793505233902764e-05,OK
447,kcluster80_075_40_3,kcluster,GUROBI,80,1,80,0,0.001055,0.001055,3616.28512,3616.286175,-665,-1046,57.2932330827068,0,TIME_LIMIT,NA,NaN,NaN,NaN,NaN,NaN,0,20992477,TIME_LIMIT,0,1,0,57.29323308270677,OK
448,kcluster80_075_40_4,kcluster,ADMM,80,1,80,1.156584,0.235481,1.392065,5.776276,7.168341,-669,-669.000000000001,1.69935482394045e-13,1,OPTIMAL,CONVERGED,1020,0.000932806985505294,2.10744795203433,3.95598709161821e-15,2.06884059889803e-07,1201,12991,OPTIMAL,0,1,1,1.529419341546404e-13,OK
449,kcluster80_075_40_4,kcluster,CB,80,1,80,5.175939,0.073682,5.249621,144.093282,149.342903,-669,-669.000000001193,1.7836428232079e-10,1,OPTIMAL,"1, relative precision criterion satisfied",NaN,NaN,NaN,NaN,NaN,3160,5314,OPTIMAL,0,1,1,1.7833029522431072e-10,OK
450,kcluster80_075_40_4,kcluster,GUROBI,80,1,80,0,0.001074,0.001074,3617.793505,3617.794579,-669,-1035,54.7085201793722,0,TIME_LIMIT,NA,NaN,NaN,NaN,NaN,NaN,0,21092980,TIME_LIMIT,0,1,0,54.7085201793722,OK
451,kcluster80_075_40_5,kcluster,ADMM,80,1,80,1.35053,0.117181,1.467711,22.459733,23.927444,-657,-657.000310777103,4.73024510384832e-05,1,OPTIMAL,CONVERGED,1125,0.000896804998756209,2.32279452512776,3.72597578811269e-15,2.17278426400077e-07,1376,59961,OPTIMAL,0,1,1,4.73024509865714e-05,OK
452,kcluster80_075_40_5,kcluster,CB,80,1,80,3.538344,0.055711,3.594055,899.23664,902.830695,-657,-657.000647629611,9.85737612167631e-05,1,OPTIMAL,"1, relative precision criterion satisfied",NaN,NaN,NaN,NaN,NaN,3160,30351,OPTIMAL,0,1,1,9.857376118215526e-05,OK
453,kcluster80_075_40_5,kcluster,GUROBI,80,1,80,0,0.001442,0.001442,3617.175658,3617.1771,-657,-1027.5,56.3926940639269,0,TIME_LIMIT,NA,NaN,NaN,NaN,NaN,NaN,0,21053671,TIME_LIMIT,0,1,0,56.39269406392694,OK
454,qcc_ER_1,cycle_cover,ADMM,119,39,81,3.02476,0.066832,3.091592,0.632846,3.724438,319,319,3.56385071227636e-14,1,OPTIMAL,CONVERGED,2319,0.000981124933399462,3.28670136888113,4.53210365887634e-15,1.94137408996987e-06,6134,1,OPTIMAL,0,1,1,0.0,OK
455,qcc_ER_1,cycle_cover,CB,119,39,81,89.393574,0.054054,89.447628,0.767471,90.215099,319,318.999911275181,2.7813422837591e-05,1,OPTIMAL,"1, relative precision criterion satisfied",NaN,NaN,NaN,NaN,NaN,3649,1,OPTIMAL,8.87238875438014e-05,1,1,2.781342289104873e-05,OK
456,qcc_ER_1,cycle_cover,GUROBI,119,39,81,0,0.001061,0.001061,0.472205,0.473266,319,319,0,1,OPTIMAL,NA,NaN,NaN,NaN,NaN,NaN,0,95,OPTIMAL,0,1,1,0.0,OK
457,qcc_ER_11,cycle_cover,ADMM,195,39,157,1.641897,0.107588,1.749485,27.850944,29.600429,236,236,1.20430972162729e-14,1,OPTIMAL,CONVERGED,207,0.000987783405105972,4.02576307540589,3.43817731748789e-15,2.68556072024444e-06,12669,1583,OPTIMAL,0,1,1,0.0,OK
458,qcc_ER_11,cycle_cover,CB,195,39,157,900.552364,0.067939,900.620303,38.667726,939.288029,236,235.999829441076,7.22707304472135e-05,1,OPTIMAL,TIME_LIMIT_WITH_CHECKPOINT,NaN,NaN,NaN,NaN,NaN,7193,5667,OPTIMAL,0,1,1,7.227073050742901e-05,OK
459,qcc_ER_11,cycle_cover,GUROBI,195,39,157,0,0.000906,0.000906,13.115505,13.116411,236,236,0,1,OPTIMAL,NA,NaN,NaN,NaN,NaN,NaN,0,2465,OPTIMAL,0,1,1,0.0,OK
460,qcc_ER_12,cycle_cover,ADMM,327,49,279,8.148609,0.114025,8.262634,3591.962505,3600.225139,206,177.506715214363,13.8316916435132,0,TIME_LIMIT,CONVERGED,342,0.000994808759795079,2.17404572200192,4.66321299823936e-15,2.83013544853729e-06,36021,126950,TIME_LIMIT,0,1,0,13.831691643513107,OK
461,qcc_ER_12,cycle_cover,CB,327,49,279,900.844583,0.068588,900.913171,2699.568897,3600.482068,260,-43.670994470691,116.796536334881,0,TIME_LIMIT,TIME_LIMIT_WITH_CHECKPOINT,NaN,NaN,NaN,NaN,NaN,15313,300488,TIME_LIMIT,0,1,0,116.79653633488114,OK
462,qcc_ER_12,cycle_cover,GUROBI,327,49,279,0,0.001117,0.001117,322.513699,322.514816,187,187,0,1,OPTIMAL,NA,NaN,NaN,NaN,NaN,NaN,0,35493,OPTIMAL,0,1,1,0.0,OK
463,qcc_ER_13,cycle_cover,ADMM,434,59,376,17.30656,0.162666,17.469226,3582.826757,3600.295983,241,195.675019204361,18.8070459732944,0,TIME_LIMIT,CONVERGED,335,0.000987005958167709,2.90477539921341,6.3553852837998e-15,3.24597525501717e-06,63713,59094,TIME_LIMIT,0,1,0,18.807045973294187,OK
464,qcc_ER_13,cycle_cover,CB,434,59,376,900.75436,0.085469,900.839829,2699.335044,3600.174873,344,-1000.41521279399,390.818375812207,0,TIME_LIMIT,TIME_LIMIT_WITH_CHECKPOINT,NaN,NaN,NaN,NaN,NaN,38935,10204,TIME_LIMIT,0.000603051636994451,1,0,390.81837581220645,OK
465,qcc_ER_13,cycle_cover,GUROBI,434,59,376,0,0.001126,0.001126,852.59131,852.592436,225,225,0,1,OPTIMAL,NA,NaN,NaN,NaN,NaN,NaN,0,34036,OPTIMAL,0,1,1,0.0,OK
466,qcc_ER_14,cycle_cover,ADMM,793,79,715,152.084526,0.383858,152.468384,3447.96099,3600.429374,527,189.24651061348,64.0898461834003,0,TIME_LIMIT,CONVERGED,483,0.000996000441755576,2.19571012780915,6.68719764429381e-15,4.12053146652922e-06,207458,10234,TIME_LIMIT,0,1,0,64.08984618340037,OK
467,qcc_ER_14,cycle_cover,CB,793,79,715,901.651826,0.213671,901.865497,2698.438361,3600.303858,1382,-276.213051092842,119.986472582695,0,TIME_LIMIT,TIME_LIMIT_WITH_CHECKPOINT,NaN,NaN,NaN,NaN,NaN,162690,167,TIME_LIMIT,1.47647532085977,1,0,119.9864725826948,OK
468,qcc_ER_14,cycle_cover,GUROBI,793,79,715,0,0.001189,0.001189,3600.200966,3600.202155,351,171,51.2820512820513,0,TIME_LIMIT,NA,NaN,NaN,NaN,NaN,NaN,0,46438,TIME_LIMIT,0,1,0,51.282051282051285,OK
469,qcc_ER_2,cycle_cover,ADMM,177,49,129,3.520043,0.06942,3.589463,4.211095,7.800558,386,386,0,1,OPTIMAL,CONVERGED,885,0.000846839429324722,2.55726612421129,4.35131069260599e-15,2.59051549294489e-06,15165,21,OPTIMAL,0,1,1,0.0,OK
470,qcc_ER_2,cycle_cover,CB,177,49,129,900.497086,0.0488,900.545886,1.599374,902.14526,386,385.999986690392,3.44808485460063e-06,1,OPTIMAL,TIME_LIMIT_WITH_CHECKPOINT,NaN,NaN,NaN,NaN,NaN,5782,227,OPTIMAL,1.33114701992368e-05,1,1,3.4480849724108235e-06,OK
471,qcc_ER_2,cycle_cover,GUROBI,177,49,129,0,0.000925,0.000925,2.952833,2.953758,386,386,0,1,OPTIMAL,NA,NaN,NaN,NaN,NaN,NaN,0,880,OPTIMAL,0,1,1,0.0,OK
472,qcc_ER_3,cycle_cover,ADMM,284,59,226,5.661652,0.187131,5.848783,1165.288747,1171.13753,311,311,0,1,OPTIMAL,CONVERGED,297,0.000981457035414996,4.10636489291872,5.39751634415728e-15,3.12615906199796e-06,25786,34902,OPTIMAL,0,1,1,0.0,OK
473,qcc_ER_3,cycle_cover,CB,284,59,226,414.537152,0.064719,414.601871,3185.893012,3600.494883,320,98.2909497122685,69.2840782149161,0,TIME_LIMIT,ORACLE_FAILURE_WITH_SNAPSHOT,NaN,NaN,NaN,NaN,NaN,10771,369481,TIME_LIMIT,0.000262247338643179,1,0,69.2840782149161,OK
474,qcc_ER_3,cycle_cover,GUROBI,284,59,226,0,0.001014,0.001014,48.357131,48.358145,311,311,0,1,OPTIMAL,NA,NaN,NaN,NaN,NaN,NaN,0,4036,OPTIMAL,0,1,1,0.0,OK
475,qcc_ER_4,cycle_cover,ADMM,361,69,293,9.026779,0.113953,9.140732,3591.130884,3600.271616,420,333.345907683993,20.6319267419065,0,TIME_LIMIT,CONVERGED,305,0.000981550906849929,3.78862474985479,4.90600231720851e-15,3.09729114535846e-06,42029,91065,TIME_LIMIT,0,1,0,20.631926741906426,OK
476,qcc_ER_4,cycle_cover,CB,361,69,293,900.840633,0.094571,900.935204,2699.272754,3600.207958,601,-287.921784863364,147.907118945651,0,TIME_LIMIT,TIME_LIMIT_WITH_CHECKPOINT,NaN,NaN,NaN,NaN,NaN,20307,31514,TIME_LIMIT,0.000557807142052078,1,0,147.90711894565126,OK
477,qcc_ER_4,cycle_cover,GUROBI,361,69,293,0,0.00093,0.00093,225.237445,225.238375,373,373,0,1,OPTIMAL,NA,NaN,NaN,NaN,NaN,NaN,0,13567,OPTIMAL,0,1,1,0.0,OK
478,qcc_ER_5,cycle_cover,ADMM,468,79,390,25.193272,0.255044,25.448316,3574.84494,3600.293256,386,314.323999757903,18.5689119798179,0,TIME_LIMIT,CONVERGED,415,0.000992754241830512,3.2409424095732,5.87945403961169e-15,3.36821950145137e-06,71547,44242,TIME_LIMIT,0,1,0,18.56891197981788,OK
479,qcc_ER_5,cycle_cover,CB,468,79,390,900.866988,0.088277,900.955265,2699.212063,3600.167328,611,-1282.71686981014,309.937294567944,0,TIME_LIMIT,TIME_LIMIT_WITH_CHECKPOINT,NaN,NaN,NaN,NaN,NaN,44160,10204,TIME_LIMIT,0.000972308843662169,1,0,309.9372945679444,OK
480,qcc_ER_5,cycle_cover,GUROBI,468,79,390,0,0.001131,0.001131,2092.009934,2092.011065,375,375,0,1,OPTIMAL,NA,NaN,NaN,NaN,NaN,NaN,0,84994,OPTIMAL,0,1,1,0.0,OK
481,qcc_ER_6,cycle_cover,ADMM,592,89,504,46.062163,0.251571,46.313734,3554.01289,3600.326624,472,321.883284886163,31.8043887953045,0,TIME_LIMIT,CONVERGED,370,0.000992794735773257,4.29276301462837,7.26796807300271e-15,3.80188966493204e-06,113563,22621,TIME_LIMIT,0,1,0,31.80438879530445,OK
482,qcc_ER_6,cycle_cover,CB,592,89,504,901.079281,0.150232,901.229513,2699.036675,3600.266188,1388,-2573.29563908675,285.395939415472,0,TIME_LIMIT,TIME_LIMIT_WITH_CHECKPOINT,NaN,NaN,NaN,NaN,NaN,88355,519,TIME_LIMIT,0.00842730048534513,1,0,285.3959394154719,OK
483,qcc_ER_6,cycle_cover,GUROBI,592,89,504,0,0.000887,0.000887,3600.143632,3600.144519,407,352,13.5135135135135,0,TIME_LIMIT,NA,NaN,NaN,NaN,NaN,NaN,0,88851,TIME_LIMIT,0,1,0,13.513513513513514,OK
484,qcc_ER_7,cycle_cover,ADMM,754,99,656,93.286171,0.342839,93.62901,3506.740503,3600.369513,691,300.945346792539,56.4478514048424,0,TIME_LIMIT,CONVERGED,375,0.000992134060661879,3.53780432794306,6.56546264925332e-15,4.14813988567341e-06,181485,11289,TIME_LIMIT,0,1,0,56.4478514048424,OK
485,qcc_ER_7,cycle_cover,CB,754,99,656,901.486094,0.18821,901.674304,2698.618785,3600.293089,1481,-262.35544430781,117.714749784457,0,TIME_LIMIT,TIME_LIMIT_WITH_CHECKPOINT,NaN,NaN,NaN,NaN,NaN,140169,590,TIME_LIMIT,1.11147338667357,1,0,117.71474978445713,OK
486,qcc_ER_7,cycle_cover,GUROBI,754,99,656,0,0.000899,0.000899,3600.232712,3600.233611,614,138,77.5244299674267,0,TIME_LIMIT,NA,NaN,NaN,NaN,NaN,NaN,0,87074,TIME_LIMIT,0,1,0,77.52442996742671,OK
487,qcc_RER_1,cycle_cover,ADMM,113,39,75,2.750383,0.062405,2.812788,0.231333,3.044121,293,293,3.8800968505671e-14,1,OPTIMAL,CONVERGED,2305,0.000990167916624261,2.94458399878133,4.13743624459015e-15,2.07678570006176e-06,5392,1,OPTIMAL,0,1,1,0.0,OK
488,qcc_RER_1,cycle_cover,CB,113,39,75,3.629647,0.043744,3.673391,171.0053,174.678691,293,292.996062227167,0.00134394977226216,1,OPTIMAL,ORACLE_FAILURE_WITH_SNAPSHOT,NaN,NaN,NaN,NaN,NaN,3644,31025,OPTIMAL,0.00393777329838221,1,1,0.0013439497723591576,OK
489,qcc_RER_1,cycle_cover,GUROBI,113,39,75,0,0.001427,0.001427,0.407753,0.40918,293,293,0,1,OPTIMAL,NA,NaN,NaN,NaN,NaN,NaN,0,99,OPTIMAL,0,1,1,0.0,OK
490,qcc_RER_11,cycle_cover,ADMM,194,39,156,2.263785,0.072649,2.336434,1.399007,3.735441,172,172,0,1,OPTIMAL,CONVERGED,388,0.000994737652937091,2.55497766335162,4.20846455543903e-15,3.24131308138945e-06,13322,59,OPTIMAL,0,1,1,0.0,OK
491,qcc_RER_11,cycle_cover,CB,194,39,156,104.92729,0.050686,104.977976,1188.715868,1293.693844,172,172,0,1,OPTIMAL,ORACLE_FAILURE_WITH_SNAPSHOT,NaN,NaN,NaN,NaN,NaN,6883,355958,OPTIMAL,0,1,1,0.0,OK
492,qcc_RER_11,cycle_cover,GUROBI,194,39,156,0,0.000968,0.000968,3.616068,3.617036,172,172,0,1,OPTIMAL,NA,NaN,NaN,NaN,NaN,NaN,0,1122,OPTIMAL,0,1,1,0.0,OK
493,qcc_RER_12,cycle_cover,ADMM,308,49,260,7.372683,0.143009,7.515692,1398.964794,1406.480486,99,99,0,1,OPTIMAL,CONVERGED,356,0.00099289752126333,2.64382805330369,4.22120848832126e-15,3.2537846528022e-06,32940,39298,OPTIMAL,0,1,1,0.0,OK
494,qcc_RER_12,cycle_cover,CB,308,49,260,900.677017,0.070087,900.747104,2699.835063,3600.582167,99,4.54555634141928,95.4085289480613,0,TIME_LIMIT,TIME_LIMIT_WITH_CHECKPOINT,NaN,NaN,NaN,NaN,NaN,13531,334854,TIME_LIMIT,0,1,0,95.40852894806133,OK
495,qcc_RER_12,cycle_cover,GUROBI,308,49,260,0,0.001149,0.001149,409.133958,409.135107,99,99,0,1,OPTIMAL,NA,NaN,NaN,NaN,NaN,NaN,0,108359,OPTIMAL,0,1,1,0.0,OK
496,qcc_RER_13,cycle_cover,ADMM,435,59,377,18.866898,0.164436,19.031334,3581.261841,3600.293175,199,137.231792823149,31.0393000888698,0,TIME_LIMIT,CONVERGED,361,0.000993118116224088,3.23387668627924,4.97154665693953e-15,4.6338433616808e-06,66649,46835,TIME_LIMIT,0,1,0,31.039300088869854,OK
497,qcc_RER_13,cycle_cover,CB,435,59,377,900.65524,0.093277,900.748517,2699.46736,3600.215877,359,-1103.87256686667,407.485394670383,0,TIME_LIMIT,TIME_LIMIT_WITH_CHECKPOINT,NaN,NaN,NaN,NaN,NaN,43060,10204,TIME_LIMIT,0.000944033299310843,1,0,407.48539467038165,OK
498,qcc_RER_13,cycle_cover,GUROBI,435,59,377,0,0.000746,0.000746,261.79353,261.794276,148,148,0,1,OPTIMAL,NA,NaN,NaN,NaN,NaN,NaN,0,15225,OPTIMAL,0,1,1,0.0,OK
499,qcc_RER_14,cycle_cover,ADMM,770,79,692,112.215963,0.374412,112.590375,3487.947309,3600.537684,185,57.4730774139879,68.9334716681146,0,TIME_LIMIT,CONVERGED,397,0.000991921224377887,3.02448082181557,6.05774913137809e-15,5.13342465976247e-06,211040,10202,TIME_LIMIT,0,1,0,68.93347166811465,OK
500,qcc_RER_14,cycle_cover,CB,770,79,692,901.766954,0.227268,901.994222,2698.392405,3600.386627,1195,-292.540675098777,124.480391221655,0,TIME_LIMIT,TIME_LIMIT_WITH_CHECKPOINT,NaN,NaN,NaN,NaN,NaN,177694,1,TIME_LIMIT,1.7642181751433,1,0,124.48039122165498,OK
501,qcc_RER_14,cycle_cover,GUROBI,770,79,692,0,0.000841,0.000841,3600.38346,3600.384301,111,7,93.6936936936937,0,TIME_LIMIT,NA,NaN,NaN,NaN,NaN,NaN,0,193265,TIME_LIMIT,0,1,0,93.69369369369369,OK
502,qcc_RER_2,cycle_cover,ADMM,169,49,121,1.063569,0.062422,1.125991,1.125437,2.251428,391,391,8.72277527275826e-14,1,OPTIMAL,CONVERGED,283,0.000985872910533011,3.29141420937643,4.15609261919652e-15,3.05609435322931e-06,9405,92,OPTIMAL,0,1,1,0.0,OK
503,qcc_RER_2,cycle_cover,CB,169,49,121,27.856601,0.060715,27.917316,2888.867366,2916.784682,391,390.999629917199,9.46503327506662e-05,1,OPTIMAL,ORACLE_FAILURE_WITH_SNAPSHOT,NaN,NaN,NaN,NaN,NaN,6226,740338,OPTIMAL,0.000370080938423611,1,1,9.465033273612827e-05,OK
504,qcc_RER_2,cycle_cover,GUROBI,169,49,121,0,0.000875,0.000875,1.25917,1.260045,391,391,0,1,OPTIMAL,NA,NaN,NaN,NaN,NaN,NaN,0,389,OPTIMAL,0,1,1,0.0,OK
505,qcc_RER_3,cycle_cover,ADMM,256,59,198,2.793538,0.074648,2.868186,213.480789,216.348975,281,281,0,1,OPTIMAL,CONVERGED,258,0.000989421441003395,3.28816848278512,3.99536879508884e-15,2.96935260238077e-06,21504,10934,OPTIMAL,0,1,1,0.0,OK
506,qcc_RER_3,cycle_cover,CB,256,59,198,192.831955,0.062752,192.894707,3407.589063,3600.48377,288,-1.56662250130009,100.543966146285,0,TIME_LIMIT,ORACLE_FAILURE_WITH_SNAPSHOT,NaN,NaN,NaN,NaN,NaN,10622,468157,TIME_LIMIT,0,1,0,100.54396614628476,OK
507,qcc_RER_3,cycle_cover,GUROBI,256,59,198,0,0.001381,0.001381,29.936317,29.937698,281,281,0,1,OPTIMAL,NA,NaN,NaN,NaN,NaN,NaN,0,4730,OPTIMAL,0,1,1,0.0,OK
508,qcc_RER_4,cycle_cover,ADMM,347,69,279,9.083061,0.111161,9.194222,3591.037689,3600.231911,276,241.174358599274,12.6179860147557,0,TIME_LIMIT,CONVERGED,356,0.000988407490583262,3.19853202238178,4.67294591371829e-15,3.81567321993239e-06,39307,86081,TIME_LIMIT,0,1,0,12.617986014755797,OK
509,qcc_RER_4,cycle_cover,CB,347,69,279,900.602491,0.065969,900.66846,2699.533539,3600.201999,359,-48.2542633516787,113.441298983755,0,TIME_LIMIT,TIME_LIMIT_WITH_CHECKPOINT,NaN,NaN,NaN,NaN,NaN,15781,106930,TIME_LIMIT,0,1,0,113.4412989837545,OK
510,qcc_RER_4,cycle_cover,GUROBI,347,69,279,0,0.001131,0.001131,388.806801,388.807932,268,268,0,1,OPTIMAL,NA,NaN,NaN,NaN,NaN,NaN,0,35308,OPTIMAL,0,1,1,0.0,OK
511,qcc_RER_5,cycle_cover,ADMM,495,79,417,33.26077,0.169761,33.430531,3566.88129,3600.311821,300,209.547739914421,30.1507533618597,0,TIME_LIMIT,CONVERGED,423,0.000993036516377631,3.11236141050813,6.49755170595727e-15,3.74932554886905e-06,83094,35217,TIME_LIMIT,0,1,0,30.150753361859675,OK
512,qcc_RER_5,cycle_cover,CB,495,79,417,901.116912,0.092871,901.209783,2698.962299,3600.172082,1444,-1798.48057414393,224.548516214954,0,TIME_LIMIT,TIME_LIMIT_WITH_CHECKPOINT,NaN,NaN,NaN,NaN,NaN,57311,523,TIME_LIMIT,0.00340547088257163,1,0,224.5485162149536,OK
513,qcc_RER_5,cycle_cover,GUROBI,495,79,417,0,0.000965,0.000965,1138.10598,1138.106945,247,247,0,1,OPTIMAL,NA,NaN,NaN,NaN,NaN,NaN,0,68842,OPTIMAL,0,1,1,0.0,OK
514,qcc_RER_6,cycle_cover,ADMM,623,89,535,51.191398,0.274544,51.465942,3548.824521,3600.290463,283,138.675515599819,50.9980510247989,0,TIME_LIMIT,CONVERGED,355,0.000989587620150883,3.25022552318899,5.98724775254355e-15,4.44366373788813e-06,130528,17042,TIME_LIMIT,0,1,0,50.99805102479894,OK
515,qcc_RER_6,cycle_cover,CB,623,89,535,901.141785,0.145447,901.287232,2698.945876,3600.233108,1368,-3810.92240381291,378.576199109131,0,TIME_LIMIT,TIME_LIMIT_WITH_CHECKPOINT,NaN,NaN,NaN,NaN,NaN,112420,1,TIME_LIMIT,0.00630353440809045,1,0,378.57619910913087,OK
516,qcc_RER_6,cycle_cover,GUROBI,623,89,535,0,0.000873,0.000873,3600.303758,3600.304631,265,52,80.377358490566,0,TIME_LIMIT,NA,NaN,NaN,NaN,NaN,NaN,0,208184,TIME_LIMIT,0,1,0,80.37735849056604,OK
517,qcc_RER_7,cycle_cover,ADMM,746,99,648,93.43012,0.474179,93.904299,3506.705215,3600.609514,208,103.329332641708,50.3224362299481,0,TIME_LIMIT,CONVERGED,391,0.000993015988021939,2.73522196085775,5.78544062463121e-15,4.60436049180765e-06,190493,10202,TIME_LIMIT,0,1,0,50.322436229948075,OK
518,qcc_RER_7,cycle_cover,CB,746,99,648,903.81216,0.255888,904.068048,2696.42646,3600.494508,1656,-271.384163701071,116.387932590644,0,TIME_LIMIT,TIME_LIMIT_WITH_CHECKPOINT,NaN,NaN,NaN,NaN,NaN,151042,1,TIME_LIMIT,1.41987034259808,1,0,116.38793259064438,OK
519,qcc_RER_7,cycle_cover,GUROBI,746,99,648,0,0.005246,0.005246,3600.56817,3600.573416,230,14,93.9130434782609,0,TIME_LIMIT,NA,NaN,NaN,NaN,NaN,NaN,0,189619,TIME_LIMIT,0,1,0,93.91304347826087,OK
520,qcc_RER_8,cycle_cover,ADMM,995,119,877,268.379465,0.677463,269.056928,3331.726065,3600.782993,553,81.6451091035158,85.2359658040659,0,TIME_LIMIT,CONVERGED,474,0.000992474194177114,2.51323786248212,5.94108429943585e-15,5.02536910881016e-06,329091,2156,TIME_LIMIT,0,1,0,85.23596580406586,OK
521,qcc_RER_8,cycle_cover,CB,995,119,877,902.040798,0.203987,902.244785,2698.040907,3600.285692,327,0,100,0,TIME_LIMIT,TIME_LIMIT_WITH_CHECKPOINT,NaN,NaN,NaN,NaN,NaN,16196,201007,TIME_LIMIT,0,1,0,100.0,OK
522,qcc_RER_8,cycle_cover,GUROBI,995,119,877,0,0.003612,0.003612,3600.347246,3600.350858,239,4,98.326359832636,0,TIME_LIMIT,NA,NaN,NaN,NaN,NaN,NaN,0,92777,TIME_LIMIT,0,1,0,98.32635983263599,OK
523,qcc_MH_1,cycle_cover,ADMM,50,41,10,0.598176,0.097619,0.695795,0.146468,0.842263,112,111.999999999999,5.32907051820075e-13,1,OPTIMAL,CONVERGED,5096,0.000966131090245731,-1.0668028732391,8.34156072694014e-15,7.28650931334984e-08,926,1,OPTIMAL,0,1,1,8.881784197001252e-13,OK
524,qcc_MH_1,cycle_cover,CB,50,41,10,1.02079,0.056718,1.077508,0.110554,1.188062,112,112,0,1,OPTIMAL,"1, relative precision criterion satisfied",NaN,NaN,NaN,NaN,NaN,41,0,OPTIMAL,0,1,1,0.0,OK
525,qcc_MH_1,cycle_cover,GUROBI,50,41,10,0,0.001052,0.001052,0.113247,0.114299,112,112,0,1,OPTIMAL,NA,NaN,NaN,NaN,NaN,NaN,0,0,OPTIMAL,0,1,1,0.0,OK
526,qcc_MH_10,cycle_cover,ADMM,192,112,81,3.496211,0.079419,3.57563,0.824519,4.400149,211,211,8.08200268163147e-14,1,OPTIMAL,CONVERGED,1377,0.000988766888615787,0.420125662869902,4.07670267747468e-15,1.46193935454419e-07,8335,67,OPTIMAL,0,1,1,0.0,OK
527,qcc_MH_10,cycle_cover,CB,192,112,81,900.447506,0.043057,900.490563,0.498762,900.989325,211,210.999826063851,8.24341937564999e-05,1,OPTIMAL,TIME_LIMIT_WITH_CHECKPOINT,NaN,NaN,NaN,NaN,NaN,1785,44,OPTIMAL,0.000173936216116761,1,1,8.243419383731992e-05,OK
528,qcc_MH_10,cycle_cover,GUROBI,192,112,81,0,0.000963,0.000963,2.308781,2.309744,211,211,0,1,OPTIMAL,NA,NaN,NaN,NaN,NaN,NaN,0,952,OPTIMAL,0,1,1,0.0,OK
529,qcc_MH_11,cycle_cover,ADMM,240,143,98,4.736194,0.082947,4.819141,3.278304,8.097445,251,251,1.69850853169745e-13,1,OPTIMAL,CONVERGED,1200,0.00096975677611318,0.350486475646799,5.25971967056088e-15,1.39361395675068e-07,13199,253,OPTIMAL,0,1,1,0.0,OK
530,qcc_MH_11,cycle_cover,CB,240,143,98,900.488673,0.043786,900.532459,1.664583,902.197042,251,250.999984246729,6.27620365948354e-06,1,OPTIMAL,TIME_LIMIT_WITH_CHECKPOINT,NaN,NaN,NaN,NaN,NaN,2078,247,OPTIMAL,1.57530383412248e-05,1,1,6.276203580219804e-06,OK
531,qcc_MH_11,cycle_cover,GUROBI,240,143,98,0,0.001191,0.001191,4.914182,4.915373,251,251,0,1,OPTIMAL,NA,NaN,NaN,NaN,NaN,NaN,0,1372,OPTIMAL,0,1,1,0.0,OK
532,qcc_MH_12,cycle_cover,ADMM,300,183,118,15.348002,0.1215,15.469502,2.683402,18.152904,323,322.999999819865,5.57693070259007e-08,1,OPTIMAL,CONVERGED,2440,0.00097886049506498,0.303557493166744,1.07675609871221e-14,1.26728527616796e-07,32436,7,OPTIMAL,0,1,1,5.5769342223064106e-08,OK
533,qcc_MH_12,cycle_cover,CB,300,183,118,900.524996,0.046794,900.57179,2.185648,902.757438,323,322.999693325637,9.49456231855187e-05,1,OPTIMAL,TIME_LIMIT_WITH_CHECKPOINT,NaN,NaN,NaN,NaN,NaN,3207,165,OPTIMAL,0.000306674362888419,1,1,9.494562322071587e-05,OK
534,qcc_MH_12,cycle_cover,GUROBI,300,183,118,0,0.0013,0.0013,5.83497,5.83627,323,323,0,1,OPTIMAL,NA,NaN,NaN,NaN,NaN,NaN,0,1036,OPTIMAL,0,1,1,0.0,OK
535,qcc_MH_13,cycle_cover,ADMM,360,215,146,14.092524,0.142619,14.235143,118.689201,132.924344,394,394,0,1,OPTIMAL,CONVERGED,1341,0.000982308351605715,0.40698203974549,5.19302994694152e-15,1.56766948694989e-07,28637,4695,OPTIMAL,0,1,1,0.0,OK
536,qcc_MH_13,cycle_cover,CB,360,215,146,900.522916,0.056857,900.579773,2218.539243,3119.119016,394,393.99816390839,0.000466013099061073,1,OPTIMAL,TIME_LIMIT_WITH_CHECKPOINT,NaN,NaN,NaN,NaN,NaN,4673,251574,OPTIMAL,0.00183609262892155,1,1,0.00046601309898893666,OK
537,qcc_MH_13,cycle_cover,GUROBI,360,215,146,0,0.001015,0.001015,23.685935,23.68695,394,394,0,1,OPTIMAL,NA,NaN,NaN,NaN,NaN,NaN,0,2233,OPTIMAL,0,1,1,0.0,OK
538,qcc_MH_14,cycle_cover,ADMM,375,233,143,18.063622,0.16795,18.231572,33.350515,51.582087,408,407.999999999998,4.318985256581e-13,1,OPTIMAL,CONVERGED,1568,0.000982269935692065,0.34538529232928,1.00229143198874e-14,1.65499962440411e-07,31384,1162,OPTIMAL,0,1,1,4.876273676785001e-13,OK
539,qcc_MH_14,cycle_cover,CB,375,233,143,900.573664,0.067206,900.64087,1109.290841,2009.931711,408,407.997475036985,0.000618863484052612,1,OPTIMAL,TIME_LIMIT_WITH_CHECKPOINT,NaN,NaN,NaN,NaN,NaN,6919,46484,OPTIMAL,0.00271124801895364,1,1,0.0006188634840665439,OK
540,qcc_MH_14,cycle_cover,GUROBI,375,233,143,0,0.001004,0.001004,67.767401,67.768405,408,408,0,1,OPTIMAL,NA,NaN,NaN,NaN,NaN,NaN,0,6025,OPTIMAL,0,1,1,0.0,OK
541,qcc_MH_15,cycle_cover,ADMM,450,275,176,44.990619,0.199921,45.19054,95.508461,140.699001,536,536.000000000001,0,1,OPTIMAL,CONVERGED,2463,0.000959321967768141,0.293054246101921,1.03930856504268e-14,1.42889912017702e-07,47767,1730,OPTIMAL,0,1,1,0.0,OK
542,qcc_MH_15,cycle_cover,CB,450,275,176,900.636654,0.075692,900.712346,2699.426135,3600.138481,542,493.975954621071,8.86052497766226,0,TIME_LIMIT,TIME_LIMIT_WITH_CHECKPOINT,NaN,NaN,NaN,NaN,NaN,21180,14545,TIME_LIMIT,0.0282283076780571,1,0,8.860524977662173,OK
543,qcc_MH_15,cycle_cover,GUROBI,450,275,176,0,0.00095,0.00095,69.817044,69.817994,536,536,0,1,OPTIMAL,NA,NaN,NaN,NaN,NaN,NaN,0,4422,OPTIMAL,0,1,1,0.0,OK
544,qcc_MH_16,cycle_cover,ADMM,540,323,218,210.421281,0.339465,210.760746,598.380365,809.141111,596,595.999999999993,1.22079825741333e-12,1,OPTIMAL,CONVERGED,7534,0.000999203968441617,0.363234248122563,6.22642401824465e-15,1.84257781665914e-07,72931,10639,OPTIMAL,0,1,1,1.1826483118691601e-12,OK
545,qcc_MH_16,cycle_cover,CB,540,323,218,900.839173,0.078124,900.917297,2700.609372,3601.526669,596,549.786774986051,7.75389681442092,0,TIME_LIMIT,TIME_LIMIT_WITH_CHECKPOINT,NaN,NaN,NaN,NaN,NaN,969,2316674,TIME_LIMIT,0,1,0,7.753896814420973,OK
546,qcc_MH_16,cycle_cover,GUROBI,540,323,218,0,0.001225,0.001225,198.206948,198.208173,596,596,0,1,OPTIMAL,NA,NaN,NaN,NaN,NaN,NaN,0,9478,OPTIMAL,0,1,1,0.0,OK
547,qcc_MH_17,cycle_cover,ADMM,630,383,248,424.975534,0.274585,425.250119,1064.811799,1490.061918,674,673.999999999986,2.12530290102724e-12,1,OPTIMAL,ITERATION_LIMIT,10000,0.00111765899045875,0.312626334323328,9.39507899064617e-15,1.70699560260498e-07,99581,9005,OPTIMAL,0,1,1,2.074700451002785e-12,OK
548,qcc_MH_17,cycle_cover,CB,630,383,248,901.000428,0.085251,901.085679,2700.103007,3601.188686,674,620.342871005344,7.96099836715957,0,TIME_LIMIT,TIME_LIMIT_WITH_CHECKPOINT,NaN,NaN,NaN,NaN,NaN,1149,1881714,TIME_LIMIT,0,1,0,7.9609983671596405,OK
549,qcc_MH_17,cycle_cover,GUROBI,630,383,248,0,0.000905,0.000905,325.694659,325.695564,674,674,0,1,OPTIMAL,NA,NaN,NaN,NaN,NaN,NaN,0,13247,OPTIMAL,0,1,1,0.0,OK
550,qcc_MH_18,cycle_cover,ADMM,648,378,271,518.431059,0.288884,518.719943,88.726355,607.446298,685,684.999999999979,3.0869710680614e-12,1,OPTIMAL,ITERATION_LIMIT,10000,0.00193017428949413,0.345787926088794,5.50587911259224e-15,1.75440242150013e-07,104719,786,OPTIMAL,0,1,1,3.0703744494159072e-12,OK
551,qcc_MH_18,cycle_cover,CB,648,378,271,901.006497,0.086282,901.092779,2700.122306,3601.215085,685,627.721269092775,8.3618585266022,0,TIME_LIMIT,TIME_LIMIT_WITH_CHECKPOINT,NaN,NaN,NaN,NaN,NaN,1134,1715179,TIME_LIMIT,0,1,0,8.361858526602198,OK
552,qcc_MH_18,cycle_cover,GUROBI,648,378,271,0,0.002252,0.002252,303.359376,303.361628,685,685,0,1,OPTIMAL,NA,NaN,NaN,NaN,NaN,NaN,0,10362,OPTIMAL,0,1,1,0.0,OK
553,qcc_MH_19,cycle_cover,ADMM,756,449,308,679.605849,0.392549,679.998398,2920.34167,3600.340068,845,833.947586975644,1.30797787270484,0,TIME_LIMIT,CONVERGED,8448,0.000997079463465924,0.379929131000932,7.14964201360571e-15,1.68935597565533e-07,144736,10312,TIME_LIMIT,0,1,0,1.307977872704857,OK
554,qcc_MH_19,cycle_cover,CB,756,449,308,900.351031,0,900.351031,NaN,900.351031,1373,-Inf,Inf,0,PHASE1_LIMIT,TIME_LIMIT,NaN,NaN,NaN,NaN,NaN,NaN,0,NOT_RUN,0,1,0,inf,OK
555,qcc_MH_19,cycle_cover,GUROBI,756,449,308,0,0.001035,0.001035,1570.35418,1570.355215,845,845,0,1,OPTIMAL,NA,NaN,NaN,NaN,NaN,NaN,0,24003,OPTIMAL,0,1,1,0.0,OK
556,qcc_MH_2,cycle_cover,ADMM,200,150,51,9.13529,0.089238,9.224528,0.500498,9.725026,410,409.999696558536,7.40101131530138e-05,1,OPTIMAL,CONVERGED,6548,0.000977444297094855,0.177121231937672,8.76316618882736e-15,5.2742004316081e-08,16344,1,OPTIMAL,0,1,1,7.4010113166878e-05,OK
557,qcc_MH_2,cycle_cover,CB,200,150,51,451.968288,0.062922,452.03121,0.768288,452.799498,410,409.903139004343,0.0236246330870827,1,OPTIMAL,"1, relative precision criterion satisfied",NaN,NaN,NaN,NaN,NaN,7597,36,OPTIMAL,0.0837499940779645,1,1,0.023624633087068816,OK
558,qcc_MH_2,cycle_cover,GUROBI,200,150,51,0,0.000861,0.000861,0.138996,0.139857,410,410,0,1,OPTIMAL,NA,NaN,NaN,NaN,NaN,NaN,0,0,OPTIMAL,0,1,1,0.0,OK
559,qcc_MH_20,cycle_cover,ADMM,882,533,350,900.114412,0.552235,900.666647,2699.836034,3600.502681,982,964.509137319338,1.78114691249106,0,TIME_LIMIT,TIME_LIMIT,7620,0.00852095626876121,0.341261270706488,1.1155003295579e-14,2.23141261841114e-07,194782,10202,TIME_LIMIT,0,1,0,1.7811469124910349,OK
560,qcc_MH_20,cycle_cover,CB,882,533,350,900.600463,0,900.600463,NaN,900.600463,1599,-Inf,Inf,0,PHASE1_LIMIT,TIME_LIMIT,NaN,NaN,NaN,NaN,NaN,NaN,0,NOT_RUN,0,1,0,inf,OK
561,qcc_MH_20,cycle_cover,GUROBI,882,533,350,0,0.000913,0.000913,2874.867275,2874.868188,982,982,0,1,OPTIMAL,NA,NaN,NaN,NaN,NaN,NaN,0,37461,OPTIMAL,0,1,1,0.0,OK
562,qcc_MH_3,cycle_cover,ADMM,450,351,100,91.675309,0.187555,91.862864,2.069333,93.932197,939,938.999999999979,2.23983652593173e-12,1,OPTIMAL,ITERATION_LIMIT,10000,0.0719748115529016,-0.138082974584479,2.52615850631769e-14,6.20398561779359e-08,52054,64,OPTIMAL,0,1,1,2.2398365259317324e-12,OK
563,qcc_MH_3,cycle_cover,CB,450,351,100,900.798346,0.100104,900.89845,1164.642733,2065.541183,939,938.724062448408,0.029386320723316,1,OPTIMAL,TIME_LIMIT_WITH_CHECKPOINT,NaN,NaN,NaN,NaN,NaN,69943,12379,OPTIMAL,0.293246812262938,1,1,0.029386320723328117,OK
564,qcc_MH_3,cycle_cover,GUROBI,450,351,100,0,0.001196,0.001196,0.351041,0.352237,939,939,0,1,OPTIMAL,NA,NaN,NaN,NaN,NaN,NaN,0,1,OPTIMAL,0,1,1,0.0,OK
565,qcc_MH_4,cycle_cover,ADMM,512,384,129,163.899421,0.264002,164.163423,2.27916,166.442583,1006,1005.99974721106,2.51281255962894e-05,1,OPTIMAL,ITERATION_LIMIT,10000,0.103145041630545,0.275001697168227,1.28544482416442e-14,6.428531124994e-08,67668,471,OPTIMAL,0,1,1,2.5128125245962216e-05,OK
566,qcc_MH_4,cycle_cover,CB,512,384,129,900.871227,0.086431,900.957658,0.203514,901.161172,1006,1006.0000000149,0,1,OPTIMAL,TIME_LIMIT_WITH_CHECKPOINT,NaN,NaN,NaN,NaN,NaN,384,161,OPTIMAL,0,1,1,0.0,OK
567,qcc_MH_4,cycle_cover,GUROBI,512,384,129,0,0.001022,0.001022,0.303052,0.304074,1006,1006,0,1,OPTIMAL,NA,NaN,NaN,NaN,NaN,NaN,0,0,OPTIMAL,0,1,1,0.0,OK
568,qcc_MH_5,cycle_cover,ADMM,578,449,130,215.384294,0.2747,215.658994,26.590343,242.249337,1227,1226.99945370486,4.45228313605149e-05,1,OPTIMAL,ITERATION_LIMIT,10000,0.171921676775808,-0.097782769792197,3.38928835491026e-14,5.69104277933767e-08,102961,396,OPTIMAL,0,1,1,4.4522831304922325e-05,OK
569,qcc_MH_5,cycle_cover,CB,578,449,130,901.022347,0.088559,901.110906,0.355898,901.466804,1227,1227.00000002095,0,1,OPTIMAL,TIME_LIMIT_WITH_CHECKPOINT,NaN,NaN,NaN,NaN,NaN,449,2931,OPTIMAL,0,1,1,0.0,OK
570,qcc_MH_5,cycle_cover,GUROBI,578,449,130,0,0.000842,0.000842,0.735971,0.736813,1227,1227,0,1,OPTIMAL,NA,NaN,NaN,NaN,NaN,NaN,0,1,OPTIMAL,0,1,1,0.0,OK
571,qcc_MH_6,cycle_cover,ADMM,648,486,163,318.085984,0.310141,318.396125,39.540257,357.936382,1260,1259.99999999995,3.69933360840179e-12,1,OPTIMAL,ITERATION_LIMIT,10000,0.0151623866294044,0.156125476689468,1.43173928995423e-14,6.52915486798815e-08,170556,32,OPTIMAL,0,1,1,3.97001655535802e-12,OK
572,qcc_MH_6,cycle_cover,CB,648,486,163,901.407581,0.154685,901.562266,0.168043,901.730309,1260,1260.00000012195,0,1,OPTIMAL,TIME_LIMIT_WITH_CHECKPOINT,NaN,NaN,NaN,NaN,NaN,486,4,OPTIMAL,0,1,1,0.0,OK
573,qcc_MH_6,cycle_cover,GUROBI,648,486,163,0,0.000828,0.000828,0.112225,0.113053,1260,1260,0,1,OPTIMAL,NA,NaN,NaN,NaN,NaN,NaN,0,1,OPTIMAL,0,1,1,0.0,OK
574,qcc_MH_7,cycle_cover,ADMM,722,559,164,371.805341,0.436776,372.242117,47.462284,419.704401,1495,1494.99999999997,2.19008757617561e-12,1,OPTIMAL,ITERATION_LIMIT,10000,0.0333415872359949,0.139644117586329,2.62223369405556e-14,5.71321424665713e-08,181785,204,OPTIMAL,0,1,1,2.0075802781609786e-12,OK
575,qcc_MH_7,cycle_cover,CB,722,559,164,900.355208,0,900.355208,NaN,900.355208,1997,-Inf,Inf,0,PHASE1_LIMIT,TIME_LIMIT,NaN,NaN,NaN,NaN,NaN,NaN,0,NOT_RUN,0,1,0,inf,OK
576,qcc_MH_7,cycle_cover,GUROBI,722,559,164,0,0.001078,0.001078,0.136576,0.137654,1495,1495,0,1,OPTIMAL,NA,NaN,NaN,NaN,NaN,NaN,0,1,OPTIMAL,0,1,1,0.0,OK
577,qcc_MH_8,cycle_cover,ADMM,800,600,201,602.577273,0.518275,603.095548,43.785879,646.881427,1565,1564.99997036545,1.89358120470902e-06,1,OPTIMAL,ITERATION_LIMIT,10000,0.0101894541897422,0.226170190953942,1.44818580121072e-14,7.40595199361698e-08,216044,2276,OPTIMAL,0,1,1,1.8935814662250696e-06,OK
578,qcc_MH_8,cycle_cover,CB,800,600,201,900.34354,0,900.34354,NaN,900.34354,2232,-Inf,Inf,0,PHASE1_LIMIT,TIME_LIMIT,NaN,NaN,NaN,NaN,NaN,NaN,0,NOT_RUN,0,1,0,inf,OK
579,qcc_MH_8,cycle_cover,GUROBI,800,600,201,0,0.001392,0.001392,0.126368,0.12776,1565,1565,0,1,OPTIMAL,NA,NaN,NaN,NaN,NaN,NaN,0,1,OPTIMAL,0,1,1,0.0,OK
580,qcc_REL_1,cycle_cover,ADMM,90,19,72,0.390958,0.055996,0.446954,0.268996,0.71595,4,4.00000000000001,0,1,OPTIMAL,CONVERGED,284,0.000870219519238598,-3.16851557625721,2.05710551423704e-14,3.8829794126778e-08,3629,21,OPTIMAL,0,1,1,0.0,OK
581,qcc_REL_1,cycle_cover,CB,90,19,72,21.96434,0.068732,22.033072,3.08666,25.119732,4,4.00000000011642,0,1,OPTIMAL,ORACLE_FAILURE_WITH_SNAPSHOT,NaN,NaN,NaN,NaN,NaN,765,15108,OPTIMAL,0,1,1,0.0,OK
582,qcc_REL_1,cycle_cover,GUROBI,90,19,72,0,0.000898,0.000898,0.662173,0.663071,4,4,0,1,OPTIMAL,NA,NaN,NaN,NaN,NaN,NaN,0,916,OPTIMAL,0,1,1,0.0,OK
583,qcc_REL_10,cycle_cover,ADMM,90,19,72,0.660827,0.070041,0.730868,0.253717,0.984585,12,12,1.48029736616688e-13,1,OPTIMAL,CONVERGED,623,0.000968110515375729,-2.32470874626815,2.9212332133871e-15,2.92619172841156e-07,3789,1,OPTIMAL,0,1,1,0.0,OK
584,qcc_REL_10,cycle_cover,CB,90,19,72,304.837692,0.085032,304.922724,0.315198,305.237922,12,12.0000000000146,0,1,OPTIMAL,"64, limit of calls to evaluation oracle exceeded",NaN,NaN,NaN,NaN,NaN,1911,13,OPTIMAL,0,1,1,0.0,OK
585,qcc_REL_10,cycle_cover,GUROBI,90,19,72,0,0.002705,0.002705,0.742034,0.744739,12,12,0,1,OPTIMAL,NA,NaN,NaN,NaN,NaN,NaN,0,597,OPTIMAL,0,1,1,0.0,OK
586,qcc_REL_11,cycle_cover,ADMM,90,19,72,0.506708,0.077116,0.583824,0.373132,0.956956,3,3,0,1,OPTIMAL,CONVERGED,356,0.000958859927252209,-3.15478108958266,1.91245820978049e-14,3.46111608745341e-08,3899,5,OPTIMAL,0,1,1,0.0,OK
587,qcc_REL_11,cycle_cover,CB,90,19,72,29.058327,0.09989,29.158217,0.604182,29.762399,3,3.00000000005821,0,1,OPTIMAL,ORACLE_FAILURE_WITH_SNAPSHOT,NaN,NaN,NaN,NaN,NaN,765,1466,OPTIMAL,0,1,1,0.0,OK
588,qcc_REL_11,cycle_cover,GUROBI,90,19,72,0,0.001296,0.001296,0.547953,0.549249,3,3,0,1,OPTIMAL,NA,NaN,NaN,NaN,NaN,NaN,0,504,OPTIMAL,0,1,1,0.0,OK
589,qcc_REL_12,cycle_cover,ADMM,90,19,72,0.569126,0.050323,0.619449,0.170045,0.789494,9,9,0,1,OPTIMAL,CONVERGED,534,0.000958905862814466,-2.12761386624767,3.07906299923677e-15,2.59281380264725e-07,3887,1,OPTIMAL,0,1,1,0.0,OK
590,qcc_REL_12,cycle_cover,CB,90,19,72,142.416205,0.059729,142.475934,0.145494,142.621428,9,9,0,1,OPTIMAL,"1, relative precision criterion satisfied",NaN,NaN,NaN,NaN,NaN,1448,1,OPTIMAL,0,1,1,0.0,OK
591,qcc_REL_12,cycle_cover,GUROBI,90,19,72,0,0.000729,0.000729,0.52122,0.521949,9,9,0,1,OPTIMAL,NA,NaN,NaN,NaN,NaN,NaN,0,446,OPTIMAL,0,1,1,0.0,OK
592,qcc_REL_13,cycle_cover,ADMM,90,19,72,0.369056,0.077309,0.446365,0.313898,0.760263,4,4,0,1,OPTIMAL,CONVERGED,257,0.00092387420541612,-3.16750773501393,1.60639061850115e-14,3.64416421594803e-08,3510,15,OPTIMAL,0,1,1,0.0,OK
593,qcc_REL_13,cycle_cover,CB,90,19,72,27.45258,0.075673,27.528253,1.75485,29.283103,4,4.0000000000291,0,1,OPTIMAL,ORACLE_FAILURE_WITH_SNAPSHOT,NaN,NaN,NaN,NaN,NaN,765,6686,OPTIMAL,0,1,1,0.0,OK
594,qcc_REL_13,cycle_cover,GUROBI,90,19,72,0,0.001322,0.001322,0.786065,0.787387,4,4,0,1,OPTIMAL,NA,NaN,NaN,NaN,NaN,NaN,0,1146,OPTIMAL,0,1,1,0.0,OK
595,qcc_REL_14,cycle_cover,ADMM,90,19,72,0.655373,0.091581,0.746954,0.285476,1.03243,11,11,8.07434927000114e-14,1,OPTIMAL,CONVERGED,553,0.000930764145520508,-2.52429202442259,4.30529213040477e-15,2.04124252968888e-07,3866,1,OPTIMAL,0,1,1,0.0,OK
596,qcc_REL_14,cycle_cover,CB,90,19,72,298.838305,0.078359,298.916664,0.328336,299.245,11,10.9999999999909,8.26813365248117e-11,1,OPTIMAL,"64, limit of calls to evaluation oracle exceeded",NaN,NaN,NaN,NaN,NaN,1915,28,OPTIMAL,0,1,1,8.272978262043166e-11,OK
597,qcc_REL_14,cycle_cover,GUROBI,90,19,72,0,0.001024,0.001024,0.881722,0.882746,11,11,0,1,OPTIMAL,NA,NaN,NaN,NaN,NaN,NaN,0,1164,OPTIMAL,0,1,1,0.0,OK
598,qcc_REL_15,cycle_cover,ADMM,90,19,72,0.6896,0.053453,0.743053,0.357287,1.10034,4,4,8.88178419700125e-14,1,OPTIMAL,CONVERGED,608,0.000915029567409681,-3.16599199480008,1.93240895969641e-14,3.10326725766742e-08,3892,3,OPTIMAL,0,1,1,0.0,OK
599,qcc_REL_15,cycle_cover,CB,90,19,72,41.087958,0.070235,41.158193,0.503257,41.66145,4,4.0000000000291,0,1,OPTIMAL,ORACLE_FAILURE_WITH_SNAPSHOT,NaN,NaN,NaN,NaN,NaN,766,1166,OPTIMAL,0,1,1,0.0,OK
600,qcc_REL_15,cycle_cover,GUROBI,90,19,72,0,0.000867,0.000867,0.369218,0.370085,4,4,0,1,OPTIMAL,NA,NaN,NaN,NaN,NaN,NaN,0,1,OPTIMAL,0,1,1,0.0,OK
601,qcc_REL_16,cycle_cover,ADMM,90,19,72,0.719285,0.057027,0.776312,0.17693,0.953242,11,11,0,1,OPTIMAL,CONVERGED,705,0.000981637901255237,-2.24545580831896,3.14431307933106e-15,2.61178230516487e-07,3717,1,OPTIMAL,0,1,1,0.0,OK
602,qcc_REL_16,cycle_cover,CB,90,19,72,280.593795,0.071448,280.665243,0.331745,280.996988,11,10.9999999999563,3.96870415319096e-10,1,OPTIMAL,"64, limit of calls to evaluation oracle exceeded",NaN,NaN,NaN,NaN,NaN,1817,21,OPTIMAL,0,1,1,3.9727413278259604e-10,OK
603,qcc_REL_16,cycle_cover,GUROBI,90,19,72,0,0.001094,0.001094,0.894627,0.895721,11,11,0,1,OPTIMAL,NA,NaN,NaN,NaN,NaN,NaN,0,1369,OPTIMAL,0,1,1,0.0,OK
604,qcc_REL_17,cycle_cover,ADMM,90,19,72,0.581572,0.063437,0.645009,0.289769,0.934778,4,4,0,1,OPTIMAL,CONVERGED,513,0.000960237139084383,-3.15813882248135,1.90763481554266e-14,4.23434868089189e-08,3888,1,OPTIMAL,0,1,1,0.0,OK
605,qcc_REL_17,cycle_cover,CB,90,19,72,281.456168,0.063148,281.519316,0.385908,281.905224,4,3.99999999994179,1.45519152283669e-09,1,OPTIMAL,"64, limit of calls to evaluation oracle exceeded",NaN,NaN,NaN,NaN,NaN,766,718,OPTIMAL,0,1,1,1.4552470339879164e-09,OK
606,qcc_REL_17,cycle_cover,GUROBI,90,19,72,0,0.000792,0.000792,2.209667,2.210459,4,4,0,1,OPTIMAL,NA,NaN,NaN,NaN,NaN,NaN,0,2382,OPTIMAL,0,1,1,0.0,OK
607,qcc_REL_18,cycle_cover,ADMM,90,19,72,0.531571,0.06357,0.595141,0.460351,1.055492,10,9.99999999999999,1.24344978758018e-13,1,OPTIMAL,CONVERGED,466,0.000971583713215197,-2.20758963529296,2.99801760039651e-15,3.22533870762907e-07,3862,3,OPTIMAL,0,1,1,1.0658141036401503e-13,OK
608,qcc_REL_18,cycle_cover,CB,90,19,72,284.015381,0.066985,284.082366,0.236932,284.319298,10,9.9999999999709,2.91038304567337e-10,1,OPTIMAL,"64, limit of calls to evaluation oracle exceeded",NaN,NaN,NaN,NaN,NaN,1800,24,OPTIMAL,0,1,1,2.9100277743054903e-10,OK
609,qcc_REL_18,cycle_cover,GUROBI,90,19,72,0,0.000801,0.000801,0.624487,0.625288,10,10,0,1,OPTIMAL,NA,NaN,NaN,NaN,NaN,NaN,0,635,OPTIMAL,0,1,1,0.0,OK
610,qcc_REL_19,cycle_cover,ADMM,90,19,72,0.411303,0.055155,0.466458,0.522386,0.988844,5,5.00000000000001,0,1,OPTIMAL,CONVERGED,326,0.000991065829153621,-3.19444249681917,2.05456374641075e-14,3.5006091469505e-08,3236,248,OPTIMAL,0,1,1,0.0,OK
611,qcc_REL_19,cycle_cover,CB,90,19,72,22.449213,0.060682,22.509895,7.966995,30.47689,5,5.00000000011642,0,1,OPTIMAL,ORACLE_FAILURE_WITH_SNAPSHOT,NaN,NaN,NaN,NaN,NaN,765,52110,OPTIMAL,0,1,1,0.0,OK
612,qcc_REL_19,cycle_cover,GUROBI,90,19,72,0,0.001126,0.001126,1.723795,1.724921,5,5,0,1,OPTIMAL,NA,NaN,NaN,NaN,NaN,NaN,0,1697,OPTIMAL,0,1,1,0.0,OK
613,qcc_REL_2,cycle_cover,ADMM,90,19,72,0.592638,0.054193,0.646831,0.223235,0.870066,9,9,0,1,OPTIMAL,CONVERGED,562,0.000952897328199135,-2.2562422559636,2.74745898841807e-15,2.51785760354835e-07,3904,1,OPTIMAL,0,1,1,0.0,OK
614,qcc_REL_2,cycle_cover,CB,90,19,72,188.950859,0.08974,189.040599,0.315527,189.356126,9,8.94121331972993,0.653185336334122,1,OPTIMAL,"1, relative precision criterion satisfied",NaN,NaN,NaN,NaN,NaN,2506,1,OPTIMAL,0.0592917660317589,1,1,0.6531853363341019,OK
615,qcc_REL_2,cycle_cover,GUROBI,90,19,72,0,0.00277,0.00277,0.85798,0.86075,9,9,0,1,OPTIMAL,NA,NaN,NaN,NaN,NaN,NaN,0,861,OPTIMAL,0,1,1,0.0,OK
616,qcc_REL_20,cycle_cover,ADMM,90,19,72,0.761521,0.053898,0.815419,0.194724,1.010143,11,11,1.13040889780016e-13,1,OPTIMAL,CONVERGED,696,0.000967869953704504,-2.17303010368602,3.11873950148533e-15,2.84562057483624e-07,3724,1,OPTIMAL,0,1,1,0.0,OK
617,qcc_REL_20,cycle_cover,CB,90,19,72,243.741118,0.066501,243.807619,0.206265,244.013884,11,10.9604089292339,0.359918825146237,1,OPTIMAL,"1, relative precision criterion satisfied",NaN,NaN,NaN,NaN,NaN,2838,1,OPTIMAL,0.0395910706496709,1,1,0.35991882514636586,OK
618,qcc_REL_20,cycle_cover,GUROBI,90,19,72,0,0.00128,0.00128,0.901644,0.902924,11,11,0,1,OPTIMAL,NA,NaN,NaN,NaN,NaN,NaN,0,1033,OPTIMAL,0,1,1,0.0,OK
619,qcc_REL_21,cycle_cover,ADMM,210,29,182,4.223233,0.10685,4.330083,68.103085,72.433168,5,5,0,1,OPTIMAL,CONVERGED,450,0.000992030610828473,-3.94965255563983,3.24415187655587e-14,7.84510486322816e-08,17178,3012,OPTIMAL,0,1,1,0.0,OK
620,qcc_REL_21,cycle_cover,CB,210,29,182,413.730957,0.056801,413.787758,1657.191171,2070.978929,5,5,0,1,OPTIMAL,ORACLE_FAILURE_WITH_SNAPSHOT,NaN,NaN,NaN,NaN,NaN,2849,1511464,OPTIMAL,0,1,1,0.0,OK
621,qcc_REL_21,cycle_cover,GUROBI,210,29,182,0,0.001012,0.001012,92.649604,92.650616,5,5,0,1,OPTIMAL,NA,NaN,NaN,NaN,NaN,NaN,0,37493,OPTIMAL,0,1,1,0.0,OK
622,qcc_REL_22,cycle_cover,ADMM,210,29,182,2.527973,0.060514,2.588487,8.191789,10.780276,12,12,0,1,OPTIMAL,CONVERGED,328,0.000989092135363169,-3.003846268632,6.57663699877427e-15,4.24635465684272e-07,16503,1090,OPTIMAL,0,1,1,0.0,OK
623,qcc_REL_22,cycle_cover,CB,210,29,182,770.107368,0.049086,770.156454,420.255578,1190.412032,12,12,0,1,OPTIMAL,ORACLE_FAILURE_WITH_SNAPSHOT,NaN,NaN,NaN,NaN,NaN,4880,277488,OPTIMAL,0,1,1,0.0,OK
624,qcc_REL_22,cycle_cover,GUROBI,210,29,182,0,0.001108,0.001108,66.851808,66.852916,12,12,0,1,OPTIMAL,NA,NaN,NaN,NaN,NaN,NaN,0,28416,OPTIMAL,0,1,1,0.0,OK
625,qcc_REL_23,cycle_cover,ADMM,210,29,182,3.342348,0.063199,3.405547,13.011698,16.417245,4,4,0,1,OPTIMAL,CONVERGED,441,0.000990400816412165,-3.93492054883168,2.9490690690048e-14,6.51477280052625e-08,16848,1291,OPTIMAL,0,1,1,0.0,OK
626,qcc_REL_23,cycle_cover,CB,210,29,182,712.903733,0.066073,712.969806,2888.442911,3601.412717,4,1.75682386213373,56.0794034466569,0,TIME_LIMIT,ORACLE_FAILURE_WITH_SNAPSHOT,NaN,NaN,NaN,NaN,NaN,2839,2932115,TIME_LIMIT,0,1,0,56.07940344665675,OK
627,qcc_REL_23,cycle_cover,GUROBI,210,29,182,0,0.000965,0.000965,28.50272,28.503685,4,4,0,1,OPTIMAL,NA,NaN,NaN,NaN,NaN,NaN,0,11984,OPTIMAL,0,1,1,0.0,OK
628,qcc_REL_24,cycle_cover,ADMM,210,29,182,2.624761,0.075393,2.700154,8.041732,10.741886,11,11,0,1,OPTIMAL,CONVERGED,326,0.000989717747269397,-3.16025034691345,7.28021067630786e-15,3.28374664356752e-07,16284,915,OPTIMAL,0,1,1,0.0,OK
629,qcc_REL_24,cycle_cover,CB,210,29,182,850.563432,0.056255,850.619687,363.814784,1214.434471,11,11.0000000000582,0,1,OPTIMAL,ORACLE_FAILURE_WITH_SNAPSHOT,NaN,NaN,NaN,NaN,NaN,4900,245003,OPTIMAL,0,1,1,0.0,OK
630,qcc_REL_24,cycle_cover,GUROBI,210,29,182,0,0.000988,0.000988,78.418517,78.419505,11,11,0,1,OPTIMAL,NA,NaN,NaN,NaN,NaN,NaN,0,35357,OPTIMAL,0,1,1,0.0,OK
631,qcc_REL_25,cycle_cover,ADMM,210,29,182,4.691117,0.07095,4.762067,5.139627,9.901694,5,5,1.77635683940025e-14,1,OPTIMAL,CONVERGED,622,0.000994098366818614,-3.96500973183782,3.51257731669481e-14,5.55339510658569e-08,17200,504,OPTIMAL,0,1,1,0.0,OK
632,qcc_REL_25,cycle_cover,CB,210,29,182,516.380835,0.069302,516.450137,2878.168373,3394.61851,5,4.99999558412094,8.83175811949855e-05,1,OPTIMAL,ORACLE_FAILURE_WITH_SNAPSHOT,NaN,NaN,NaN,NaN,NaN,2836,2667098,OPTIMAL,0,1,1,8.831758119498545e-05,OK
633,qcc_REL_25,cycle_cover,GUROBI,210,29,182,0,0.00067,0.00067,188.894153,188.894823,5,5,0,1,OPTIMAL,NA,NaN,NaN,NaN,NaN,NaN,0,95279,OPTIMAL,0,1,1,0.0,OK
634,qcc_REL_26,cycle_cover,ADMM,210,29,182,2.853282,0.056458,2.90974,54.985651,57.895391,10,10,1.77635683940025e-14,1,OPTIMAL,CONVERGED,373,0.000982703211140228,-3.18247331746085,6.64440000891479e-15,3.58101023459428e-07,16164,4587,OPTIMAL,0,1,1,0.0,OK
635,qcc_REL_26,cycle_cover,CB,210,29,182,900.450544,0.050397,900.500941,815.419448,1715.920389,10,10.0000000000146,0,1,OPTIMAL,TIME_LIMIT_WITH_CHECKPOINT,NaN,NaN,NaN,NaN,NaN,5004,575474,OPTIMAL,0,1,1,0.0,OK
636,qcc_REL_26,cycle_cover,GUROBI,210,29,182,0,0.000763,0.000763,81.180551,81.181314,10,10,0,1,OPTIMAL,NA,NaN,NaN,NaN,NaN,NaN,0,33371,OPTIMAL,0,1,1,0.0,OK
637,qcc_REL_27,cycle_cover,ADMM,210,29,182,9.342099,0.081214,9.423313,1.451811,10.875124,4,3.99999999999999,1.55431223447522e-13,1,OPTIMAL,CONVERGED,1181,0.000861083788876613,-3.95163878684539,3.4426771015824e-14,6.20693287646107e-08,21340,7,OPTIMAL,0,1,1,2.55351295663786e-13,OK
638,qcc_REL_27,cycle_cover,CB,210,29,182,386.087674,0.04896,386.136634,3215.483849,3601.620483,4,1.56591677211464,60.852080697134,0,TIME_LIMIT,ORACLE_FAILURE_WITH_SNAPSHOT,NaN,NaN,NaN,NaN,NaN,2841,3216772,TIME_LIMIT,0,1,0,60.85208069713399,OK
639,qcc_REL_27,cycle_cover,GUROBI,210,29,182,0,0.000952,0.000952,30.295817,30.296769,4,4,0,1,OPTIMAL,NA,NaN,NaN,NaN,NaN,NaN,0,9359,OPTIMAL,0,1,1,0.0,OK
640,qcc_REL_28,cycle_cover,ADMM,210,29,182,5.876472,0.116956,5.993428,0.991516,6.984944,9,9.00000000000001,0,1,OPTIMAL,CONVERGED,703,0.000999807025642517,-3.12097500921202,7.06998168776617e-15,3.21695611257888e-07,16264,4,OPTIMAL,0,1,1,0.0,OK
641,qcc_REL_28,cycle_cover,CB,210,29,182,901.617839,0.051544,901.669383,297.552638,1199.222021,9,9.00000000005821,0,1,OPTIMAL,TIME_LIMIT_WITH_CHECKPOINT,NaN,NaN,NaN,NaN,NaN,4645,203768,OPTIMAL,0,1,1,0.0,OK
642,qcc_REL_28,cycle_cover,GUROBI,210,29,182,0,0.000902,0.000902,52.870797,52.871699,9,9,0,1,OPTIMAL,NA,NaN,NaN,NaN,NaN,NaN,0,20257,OPTIMAL,0,1,1,0.0,OK
643,qcc_REL_29,cycle_cover,ADMM,210,29,182,3.021131,0.083324,3.104455,124.06653,127.170985,6,6.00000000000001,0,1,OPTIMAL,CONVERGED,357,0.000978783291337981,-3.96314525828288,3.49926961947139e-14,6.8745999798513e-08,16859,9530,OPTIMAL,0,1,1,0.0,OK
644,qcc_REL_29,cycle_cover,CB,210,29,182,524.980508,0.060585,525.041093,3076.963672,3602.004765,6,3.68792253823156,38.5346243628073,0,TIME_LIMIT,ORACLE_FAILURE_WITH_SNAPSHOT,NaN,NaN,NaN,NaN,NaN,2837,3235541,TIME_LIMIT,0,1,0,38.53462436280733,OK
645,qcc_REL_29,cycle_cover,GUROBI,210,29,182,0,0.001073,0.001073,206.408232,206.409305,6,6,0,1,OPTIMAL,NA,NaN,NaN,NaN,NaN,NaN,0,83203,OPTIMAL,0,1,1,0.0,OK
646,qcc_REL_3,cycle_cover,ADMM,90,19,72,0.44993,0.06255,0.51248,0.643495,1.155975,5,5.00000000000001,0,1,OPTIMAL,CONVERGED,329,0.000989428082379058,-3.19309900927853,1.92259935633738e-14,4.10884677340512e-08,3196,252,OPTIMAL,0,1,1,0.0,OK
647,qcc_REL_3,cycle_cover,CB,90,19,72,40.237857,0.069339,40.307196,2.050834,42.35803,5,5,0,1,OPTIMAL,ORACLE_FAILURE_WITH_SNAPSHOT,NaN,NaN,NaN,NaN,NaN,765,8735,OPTIMAL,0,1,1,0.0,OK
648,qcc_REL_3,cycle_cover,GUROBI,90,19,72,0,0.000912,0.000912,2.543798,2.54471,5,5,0,1,OPTIMAL,NA,NaN,NaN,NaN,NaN,NaN,0,2987,OPTIMAL,0,1,1,0.0,OK
649,qcc_REL_30,cycle_cover,ADMM,210,29,182,2.84822,0.065497,2.913717,8.626225,11.539942,10,9.99999999999999,5.32907051820075e-14,1,OPTIMAL,CONVERGED,365,0.000985328720960294,-3.0154037001012,6.95412986116782e-15,3.25367129112269e-07,16521,915,OPTIMAL,0,1,1,1.0658141036401503e-13,OK
650,qcc_REL_30,cycle_cover,CB,210,29,182,841.236188,0.066321,841.302509,309.282057,1150.584566,10,9.99999999979627,2.03726813197136e-09,1,OPTIMAL,ORACLE_FAILURE_WITH_SNAPSHOT,NaN,NaN,NaN,NaN,NaN,5057,191406,OPTIMAL,0,1,1,2.0373036591081473e-09,OK
651,qcc_REL_30,cycle_cover,GUROBI,210,29,182,0,0.001219,0.001219,73.38818,73.389399,10,10,0,1,OPTIMAL,NA,NaN,NaN,NaN,NaN,NaN,0,32089,OPTIMAL,0,1,1,0.0,OK
652,qcc_REL_31,cycle_cover,ADMM,210,29,182,3.441201,0.06693,3.508131,15.782272,19.290403,5,5,8.88178419700125e-14,1,OPTIMAL,CONVERGED,454,0.000994625349457515,-3.95051870003198,3.88197329619222e-14,5.78761607528989e-08,16902,1490,OPTIMAL,0,1,1,0.0,OK
653,qcc_REL_31,cycle_cover,CB,210,29,182,407.698682,0.040621,407.739303,3193.541391,3601.280694,5,3.60291250631512,27.9417498736975,0,TIME_LIMIT,ORACLE_FAILURE_WITH_SNAPSHOT,NaN,NaN,NaN,NaN,NaN,2841,3290547,TIME_LIMIT,0,1,0,27.941749873697603,OK
654,qcc_REL_31,cycle_cover,GUROBI,210,29,182,0,0.00099,0.00099,112.578183,112.579173,5,5,0,1,OPTIMAL,NA,NaN,NaN,NaN,NaN,NaN,0,47735,OPTIMAL,0,1,1,0.0,OK
655,qcc_REL_32,cycle_cover,ADMM,210,29,182,2.815215,0.069788,2.885003,3.429645,6.314648,11,11,1.61486985400023e-14,1,OPTIMAL,CONVERGED,352,0.000985402817138452,-3.0404794870941,6.38431373343079e-15,3.85135898065814e-07,16254,334,OPTIMAL,0,1,1,0.0,OK
656,qcc_REL_32,cycle_cover,CB,210,29,182,798.162761,0.062308,798.225069,359.230949,1157.456018,11,11.0000000000073,0,1,OPTIMAL,ORACLE_FAILURE_WITH_SNAPSHOT,NaN,NaN,NaN,NaN,NaN,4902,230025,OPTIMAL,0,1,1,0.0,OK
657,qcc_REL_32,cycle_cover,GUROBI,210,29,182,0,0.000854,0.000854,86.502495,86.503349,11,11,0,1,OPTIMAL,NA,NaN,NaN,NaN,NaN,NaN,0,45969,OPTIMAL,0,1,1,0.0,OK
658,qcc_REL_33,cycle_cover,ADMM,210,29,182,8.6158,0.086111,8.701911,0.898119,9.60003,4,4,8.88178419700125e-14,1,OPTIMAL,CONVERGED,1080,0.000728048067378722,-3.95405446886099,3.28673786368298e-14,6.47175209365214e-08,21430,1,OPTIMAL,0,1,1,0.0,OK
659,qcc_REL_33,cycle_cover,CB,210,29,182,570.620352,0.056089,570.676441,649.756504,1220.432945,4,4,0,1,OPTIMAL,ORACLE_FAILURE_WITH_SNAPSHOT,NaN,NaN,NaN,NaN,NaN,2837,523457,OPTIMAL,0,1,1,0.0,OK
660,qcc_REL_33,cycle_cover,GUROBI,210,29,182,0,0.001303,0.001303,124.494476,124.495779,4,4,0,1,OPTIMAL,NA,NaN,NaN,NaN,NaN,NaN,0,49381,OPTIMAL,0,1,1,0.0,OK
661,qcc_REL_34,cycle_cover,ADMM,210,29,182,2.794981,0.056992,2.851973,30.972833,33.824806,8,8,0,1,OPTIMAL,CONVERGED,367,0.000965980688659442,-3.33939304728974,8.16450490466598e-15,2.90589018159645e-07,17124,2015,OPTIMAL,0,1,1,0.0,OK
662,qcc_REL_34,cycle_cover,CB,210,29,182,900.403003,0.049243,900.452246,700.671172,1601.123418,8,7.99999688598253,3.89252183596867e-05,1,OPTIMAL,TIME_LIMIT_WITH_CHECKPOINT,NaN,NaN,NaN,NaN,NaN,4622,538059,OPTIMAL,0,1,1,3.892521837078888e-05,OK
663,qcc_REL_34,cycle_cover,GUROBI,210,29,182,0,0.001079,0.001079,108.340491,108.34157,8,8,0,1,OPTIMAL,NA,NaN,NaN,NaN,NaN,NaN,0,45733,OPTIMAL,0,1,1,0.0,OK
664,qcc_REL_35,cycle_cover,ADMM,210,29,182,9.807195,0.077277,9.884472,0.90931,10.793782,4,3.99999957297256,1.06756858908597e-05,1,OPTIMAL,CONVERGED,1241,0.000649454834640895,-3.94192471073294,3.34858059862454e-14,6.515421847705e-08,21449,1,OPTIMAL,0,1,1,1.0675686001881957e-05,OK
665,qcc_REL_35,cycle_cover,CB,210,29,182,472.657623,0.045155,472.702778,959.888292,1432.59107,4,3.99999797927346,5.05181635634955e-05,1,OPTIMAL,ORACLE_FAILURE_WITH_SNAPSHOT,NaN,NaN,NaN,NaN,NaN,2843,748410,OPTIMAL,0,1,1,5.0518163496882096e-05,OK
666,qcc_REL_35,cycle_cover,GUROBI,210,29,182,0,0.001394,0.001394,99.987488,99.988882,4,4,0,1,OPTIMAL,NA,NaN,NaN,NaN,NaN,NaN,0,44770,OPTIMAL,0,1,1,0.0,OK
667,qcc_REL_36,cycle_cover,ADMM,210,29,182,3.753542,0.077454,3.830996,3.431444,7.26244,8,7.99999999999997,3.21964677141295e-13,1,OPTIMAL,CONVERGED,442,0.000995622347480139,-3.20595943098124,7.68643509417669e-15,2.96660585434139e-07,16080,219,OPTIMAL,0,1,1,3.774758283725532e-13,OK
668,qcc_REL_36,cycle_cover,CB,210,29,182,900.5947,0.059349,900.654049,312.347222,1213.001271,8,7.99998920822587,0.000134897176651272,1,OPTIMAL,TIME_LIMIT_WITH_CHECKPOINT,NaN,NaN,NaN,NaN,NaN,4806,189242,OPTIMAL,1.0791890547248e-05,1,1,0.00013489717662906742,OK
669,qcc_REL_36,cycle_cover,GUROBI,210,29,182,0,0.000882,0.000882,100.300037,100.300919,8,8,0,1,OPTIMAL,NA,NaN,NaN,NaN,NaN,NaN,0,33579,OPTIMAL,0,1,1,0.0,OK
670,qcc_REL_37,cycle_cover,ADMM,210,29,182,3.982333,0.083898,4.066231,16.94618,21.012411,6,6.00000000000001,0,1,OPTIMAL,CONVERGED,467,0.000990701386107681,-3.97687645030181,3.68769226743148e-14,5.93657995875703e-08,16880,1635,OPTIMAL,0,1,1,0.0,OK
671,qcc_REL_37,cycle_cover,CB,210,29,182,532.426776,0.060341,532.487117,3068.917132,3601.404249,6,4.98470208841966,16.9216318596723,0,TIME_LIMIT,ORACLE_FAILURE_WITH_SNAPSHOT,NaN,NaN,NaN,NaN,NaN,2836,3002185,TIME_LIMIT,0,1,0,16.921631859672342,OK
672,qcc_REL_37,cycle_cover,GUROBI,210,29,182,0,0.00129,0.00129,273.74792,273.74921,6,6,0,1,OPTIMAL,NA,NaN,NaN,NaN,NaN,NaN,0,119233,OPTIMAL,0,1,1,0.0,OK
673,qcc_REL_38,cycle_cover,ADMM,210,29,182,7.236041,0.080558,7.316599,0.789537,8.106136,11,10.9999998595462,1.27685243388565e-06,1,OPTIMAL,CONVERGED,906,0.000987129188223723,-3.13723960368176,7.63079405548381e-15,3.37068682509596e-07,21561,1,OPTIMAL,0,1,1,1.2768527245622285e-06,OK
674,qcc_REL_38,cycle_cover,CB,210,29,182,683.950448,0.0501,684.000548,403.185394,1087.185942,11,11.0000000000437,0,1,OPTIMAL,ORACLE_FAILURE_WITH_SNAPSHOT,NaN,NaN,NaN,NaN,NaN,4550,281786,OPTIMAL,0,1,1,0.0,OK
675,qcc_REL_38,cycle_cover,GUROBI,210,29,182,0,0.001571,0.001571,106.001527,106.003098,11,11,0,1,OPTIMAL,NA,NaN,NaN,NaN,NaN,NaN,0,57368,OPTIMAL,0,1,1,0.0,OK
676,qcc_REL_39,cycle_cover,ADMM,210,29,182,6.60506,0.074456,6.679516,0.767896,7.447412,3,2.99999998037565,6.54145034436245e-07,1,OPTIMAL,CONVERGED,873,0.000623065192241908,-3.93835169729158,3.21210191572647e-14,7.32540591890041e-08,21662,1,OPTIMAL,0,1,1,6.541450048302977e-07,OK
677,qcc_REL_39,cycle_cover,CB,210,29,182,418.622608,0.065511,418.688119,1211.881594,1630.569713,3,2.99999788937442,7.03541859140936e-05,1,OPTIMAL,ORACLE_FAILURE_WITH_SNAPSHOT,NaN,NaN,NaN,NaN,NaN,2843,1014734,OPTIMAL,0,1,1,7.035418600291148e-05,OK
678,qcc_REL_39,cycle_cover,GUROBI,210,29,182,0,0.001331,0.001331,10.123433,10.124764,3,3,0,1,OPTIMAL,NA,NaN,NaN,NaN,NaN,NaN,0,2550,OPTIMAL,0,1,1,0.0,OK
679,qcc_REL_4,cycle_cover,ADMM,90,19,72,0.371963,0.058536,0.430499,0.686038,1.116537,12,12,2.96059473233375e-14,1,OPTIMAL,CONVERGED,270,0.000975926441583715,-2.23048141225204,2.9792757440154e-15,2.59716102520712e-07,2826,366,OPTIMAL,0,1,1,0.0,OK
680,qcc_REL_4,cycle_cover,CB,90,19,72,276.058778,0.059986,276.118764,0.537108,276.655872,12,12.0000000000146,0,1,OPTIMAL,"64, limit of calls to evaluation oracle exceeded",NaN,NaN,NaN,NaN,NaN,1627,389,OPTIMAL,0,1,1,0.0,OK
681,qcc_REL_4,cycle_cover,GUROBI,90,19,72,0,0.001983,0.001983,0.94339,0.945373,12,12,0,1,OPTIMAL,NA,NaN,NaN,NaN,NaN,NaN,0,1431,OPTIMAL,0,1,1,0.0,OK
682,qcc_REL_40,cycle_cover,ADMM,210,29,182,6.288714,0.084736,6.37345,0.688818,7.062268,7,7,0,1,OPTIMAL,CONVERGED,808,0.000978767186452444,-3.25619949186453,8.03600209156782e-15,3.03449299038461e-07,21091,1,OPTIMAL,0,1,1,0.0,OK
683,qcc_REL_40,cycle_cover,CB,210,29,182,900.527982,0.048519,900.576501,101.828435,1002.404936,7,6.99981305946947,0.00267057900763693,1,OPTIMAL,TIME_LIMIT_WITH_CHECKPOINT,NaN,NaN,NaN,NaN,NaN,5098,53465,OPTIMAL,0.000186940472326876,1,1,0.0026705790075734876,OK
684,qcc_REL_40,cycle_cover,GUROBI,210,29,182,0,0.001085,0.001085,16.291302,16.292387,7,7,0,1,OPTIMAL,NA,NaN,NaN,NaN,NaN,NaN,0,6286,OPTIMAL,0,1,1,0.0,OK
685,qcc_REL_41,cycle_cover,ADMM,380,39,342,37.402335,0.123517,37.525852,469.755727,507.281579,4,4.00000000000001,0,1,OPTIMAL,CONVERGED,955,0.000997199224368608,-2.04763529449067,2.25630019207331e-14,9.91955321829182e-08,58570,7034,OPTIMAL,0,1,1,0.0,OK
686,qcc_REL_41,cycle_cover,CB,380,39,342,900.524261,0.063374,900.587635,2699.730917,3600.318552,7,-958.67273912836,13795.3248446909,0,TIME_LIMIT,TIME_LIMIT_WITH_CHECKPOINT,NaN,NaN,NaN,NaN,NaN,16620,194800,TIME_LIMIT,0,1,0,13795.324844690856,OK
687,qcc_REL_41,cycle_cover,GUROBI,380,39,342,0,0.00108,0.00108,1088.846278,1088.847358,4,4,0,1,OPTIMAL,NA,NaN,NaN,NaN,NaN,NaN,0,213439,OPTIMAL,0,1,1,0.0,OK
688,qcc_REL_42,cycle_cover,ADMM,380,39,342,13.701122,0.110923,13.812045,2887.092655,2900.9047,8,8,0,1,OPTIMAL,CONVERGED,349,0.000981605310972372,-1.47371587631708,8.13064543007105e-15,3.36426317897419e-07,56174,53404,OPTIMAL,0,1,1,0.0,OK
689,qcc_REL_42,cycle_cover,CB,380,39,342,900.667073,0.066792,900.733865,2699.535152,3600.269017,17,-610.245747091426,3689.68086524368,0,TIME_LIMIT,TIME_LIMIT_WITH_CHECKPOINT,NaN,NaN,NaN,NaN,NaN,18520,157492,TIME_LIMIT,0.000117672447901075,1,0,3689.6808652436825,OK
690,qcc_REL_42,cycle_cover,GUROBI,380,39,342,0,0.000824,0.000824,3600.358286,3600.35911,10,3,70,0,TIME_LIMIT,NA,NaN,NaN,NaN,NaN,NaN,0,668032,TIME_LIMIT,0,1,0,70.0,OK
691,qcc_REL_43,cycle_cover,ADMM,380,39,342,38.756131,0.14116,38.897291,285.645649,324.54294,3,3,8.88178419700125e-14,1,OPTIMAL,CONVERGED,912,0.00099674385204883,-2.03913188022401,2.12828591924245e-14,9.89331090895585e-08,58195,3516,OPTIMAL,0,1,1,0.0,OK
692,qcc_REL_43,cycle_cover,CB,380,39,342,900.762031,0.082299,900.84433,2699.925279,3600.769609,6,-509.274204960558,8587.9034160093,0,TIME_LIMIT,TIME_LIMIT_WITH_CHECKPOINT,NaN,NaN,NaN,NaN,NaN,12129,579352,TIME_LIMIT,0,1,0,8587.9034160093,OK
693,qcc_REL_43,cycle_cover,GUROBI,380,39,342,0,0.000875,0.000875,204.533373,204.534248,3,3,0,1,OPTIMAL,NA,NaN,NaN,NaN,NaN,NaN,0,24161,OPTIMAL,0,1,1,0.0,OK
694,qcc_REL_44,cycle_cover,ADMM,380,39,342,17.249837,0.126583,17.37642,3582.855358,3600.231778,9,7.80018705261885,13.3312549709017,0,TIME_LIMIT,CONVERGED,429,0.000992390133545194,-1.37926059509872,7.84357183509427e-15,4.80654130156798e-07,55763,67106,TIME_LIMIT,0,1,0,13.331254970901668,OK
695,qcc_REL_44,cycle_cover,CB,380,39,342,901.022965,0.072746,901.095711,2699.212451,3600.308162,22,-677.451468570107,3179.32485713685,0,TIME_LIMIT,TIME_LIMIT_WITH_CHECKPOINT,NaN,NaN,NaN,NaN,NaN,22314,136948,TIME_LIMIT,0.000153334217644963,1,0,3179.32485713685,OK
696,qcc_REL_44,cycle_cover,GUROBI,380,39,342,0,0.000993,0.000993,3600.30318,3600.304173,9,3,66.6666666666667,0,TIME_LIMIT,NA,NaN,NaN,NaN,NaN,NaN,0,709273,TIME_LIMIT,0,1,0,66.66666666666667,OK
697,qcc_REL_45,cycle_cover,ADMM,380,39,342,29.484737,0.165927,29.650664,311.555656,341.20632,3,3.00000000000001,0,1,OPTIMAL,CONVERGED,722,0.000996262834745979,-2.02620295580335,2.09118686481564e-14,1.0029747575825e-07,58533,3547,OPTIMAL,0,1,1,0.0,OK
698,qcc_REL_45,cycle_cover,CB,380,39,342,900.684302,0.062095,900.746397,2699.656019,3600.402416,7,-325.251314291085,4746.44734701551,0,TIME_LIMIT,TIME_LIMIT_WITH_CHECKPOINT,NaN,NaN,NaN,NaN,NaN,15177,275064,TIME_LIMIT,0.000110908939367734,1,0,4746.4473470155,OK
699,qcc_REL_45,cycle_cover,GUROBI,380,39,342,0,0.001166,0.001166,539.655312,539.656478,3,3,0,1,OPTIMAL,NA,NaN,NaN,NaN,NaN,NaN,0,106412,OPTIMAL,0,1,1,0.0,OK
700,qcc_REL_46,cycle_cover,ADMM,380,39,342,83.548402,0.164179,83.712581,5.489513,89.202094,6,5.99999993378538,1.1035769779492e-06,1,OPTIMAL,CONVERGED,2117,0.000935247006484591,-1.41387549916162,6.99872966085901e-15,4.34353690695752e-07,70796,1,OPTIMAL,0,1,1,1.1035769927521717e-06,OK
701,qcc_REL_46,cycle_cover,CB,380,39,342,900.732315,0.072736,900.805051,2699.414361,3600.219412,14,-734.839293882488,5348.85209916063,0,TIME_LIMIT,TIME_LIMIT_WITH_CHECKPOINT,NaN,NaN,NaN,NaN,NaN,22350,126570,TIME_LIMIT,0,1,0,5348.852099160628,OK
702,qcc_REL_46,cycle_cover,GUROBI,380,39,342,0,0.000938,0.000938,2025.104483,2025.105421,6,6,0,1,OPTIMAL,NA,NaN,NaN,NaN,NaN,NaN,0,385065,OPTIMAL,0,1,1,0.0,OK
703,qcc_REL_47,cycle_cover,ADMM,380,39,342,32.423179,0.181079,32.604258,52.320664,84.924922,3,3.00000000000001,0,1,OPTIMAL,CONVERGED,658,0.000994479903460938,-2.03525283688164,2.24004692575731e-14,9.78701961491446e-08,57956,1041,OPTIMAL,0,1,1,0.0,OK
704,qcc_REL_47,cycle_cover,CB,380,39,342,900.965262,0.06267,901.027932,2699.500617,3600.528549,5,-644.9051776065,12998.10355213,0,TIME_LIMIT,TIME_LIMIT_WITH_CHECKPOINT,NaN,NaN,NaN,NaN,NaN,14178,401971,TIME_LIMIT,0,1,0,12998.103552130002,OK
705,qcc_REL_47,cycle_cover,GUROBI,380,39,342,0,0.00158,0.00158,618.657836,618.659416,3,3,0,1,OPTIMAL,NA,NaN,NaN,NaN,NaN,NaN,0,109632,OPTIMAL,0,1,1,0.0,OK
706,qcc_REL_48,cycle_cover,ADMM,380,39,342,28.078524,0.133759,28.212283,15.130603,43.342886,5,5.00000000000002,0,1,OPTIMAL,CONVERGED,742,0.000997815036392372,-1.49552970662429,7.52648986213886e-15,3.93643025634371e-07,55320,357,OPTIMAL,0,1,1,0.0,OK
707,qcc_REL_48,cycle_cover,CB,380,39,342,900.708737,0.068466,900.777203,2699.494789,3600.271992,13,-554.392187566286,4364.55528897143,0,TIME_LIMIT,TIME_LIMIT_WITH_CHECKPOINT,NaN,NaN,NaN,NaN,NaN,18518,160920,TIME_LIMIT,0,1,0,4364.555288971431,OK
708,qcc_REL_48,cycle_cover,GUROBI,380,39,342,0,0.001325,0.001325,873.705765,873.70709,5,5,0,1,OPTIMAL,NA,NaN,NaN,NaN,NaN,NaN,0,58969,OPTIMAL,0,1,1,0.0,OK
709,qcc_REL_49,cycle_cover,ADMM,380,39,342,32.438671,0.132273,32.570944,2660.286224,2692.857168,4,4.00000000000001,0,1,OPTIMAL,CONVERGED,773,0.00099273554039756,-2.04539605219864,2.38706851979237e-14,9.94012018265989e-08,58758,43771,OPTIMAL,0,1,1,0.0,OK
710,qcc_REL_49,cycle_cover,CB,380,39,342,900.67931,0.080038,900.759348,2699.696257,3600.455605,7,-361.644898577364,5266.35569396235,0,TIME_LIMIT,TIME_LIMIT_WITH_CHECKPOINT,NaN,NaN,NaN,NaN,NaN,15612,233952,TIME_LIMIT,0,1,0,5266.355693962343,OK
711,qcc_REL_49,cycle_cover,GUROBI,380,39,342,0,0.005178,0.005178,1720.229883,1720.235061,4,4,0,1,OPTIMAL,NA,NaN,NaN,NaN,NaN,NaN,0,367705,OPTIMAL,0,1,1,0.0,OK
712,qcc_REL_5,cycle_cover,ADMM,90,19,72,0.485146,0.063922,0.549068,0.405311,0.954379,4,3.99999999999999,1.55431223447522e-13,1,OPTIMAL,CONVERGED,401,0.000955493591041927,-3.17280945924583,1.82369567736059e-14,4.0406830150213e-08,3853,10,OPTIMAL,0,1,1,2.55351295663786e-13,OK
713,qcc_REL_5,cycle_cover,CB,90,19,72,32.466831,0.086691,32.553522,1.751773,34.305295,4,3.99999999995634,1.09139364212751e-09,1,OPTIMAL,ORACLE_FAILURE_WITH_SNAPSHOT,NaN,NaN,NaN,NaN,NaN,765,6315,OPTIMAL,0,1,1,1.0915046644299764e-09,OK
714,qcc_REL_5,cycle_cover,GUROBI,90,19,72,0,0.000838,0.000838,0.630391,0.631229,4,4,0,1,OPTIMAL,NA,NaN,NaN,NaN,NaN,NaN,0,828,OPTIMAL,0,1,1,0.0,OK
715,qcc_REL_50,cycle_cover,ADMM,380,39,342,18.520623,0.160065,18.680688,1837.079261,1855.759949,8,8,0,1,OPTIMAL,CONVERGED,462,0.000993092669678758,-1.43025955125572,7.53398530327022e-15,3.59823565663392e-07,57113,28906,OPTIMAL,0,1,1,0.0,OK
716,qcc_REL_50,cycle_cover,CB,380,39,342,900.713568,0.071836,900.785404,2699.444667,3600.230071,15,-642.497716866107,4383.31811244071,0,TIME_LIMIT,TIME_LIMIT_WITH_CHECKPOINT,NaN,NaN,NaN,NaN,NaN,22747,125850,TIME_LIMIT,0.000219328231947174,1,0,4383.318112440713,OK
717,qcc_REL_50,cycle_cover,GUROBI,380,39,342,0,0.000942,0.000942,3600.166393,3600.167335,8,5,37.4999999999999,0,TIME_LIMIT,NA,NaN,NaN,NaN,NaN,NaN,0,457270,TIME_LIMIT,0,1,0,37.5,OK
718,qcc_REL_51,cycle_cover,ADMM,380,39,342,31.562349,0.164947,31.727296,3568.571032,3600.298328,4,3.38056690750581,15.4858273123548,1,TIME_LIMIT,CONVERGED,652,0.000995583649085225,-2.02765671630354,2.21030863422013e-14,9.34602528022257e-08,57940,55436,TIME_LIMIT,0,1,1,15.48582731235475,OK
719,qcc_REL_51,cycle_cover,CB,380,39,342,900.686028,0.08929,900.775318,2700.079614,3600.854932,6,-398.393332622182,6739.88887703637,0,TIME_LIMIT,TIME_LIMIT_WITH_CHECKPOINT,NaN,NaN,NaN,NaN,NaN,12410,544765,TIME_LIMIT,0,1,0,6739.8888770363665,OK
720,qcc_REL_51,cycle_cover,GUROBI,380,39,342,0,0.002922,0.002922,1534.730915,1534.733837,4,4,0,1,OPTIMAL,NA,NaN,NaN,NaN,NaN,NaN,0,293017,OPTIMAL,0,1,1,0.0,OK
721,qcc_REL_52,cycle_cover,ADMM,380,39,342,16.737616,0.170847,16.908463,3583.354178,3600.262641,8,5.93040637764777,25.8699202794029,0,TIME_LIMIT,CONVERGED,406,0.000991060576593328,-1.43141777962587,8.03609688301684e-15,3.95304003541543e-07,57032,53372,TIME_LIMIT,0,1,0,25.86992027940288,OK
722,qcc_REL_52,cycle_cover,CB,380,39,342,900.637463,0.060211,900.697674,2699.597615,3600.295289,20,-412.87674644024,2164.3837322012,0,TIME_LIMIT,TIME_LIMIT_WITH_CHECKPOINT,NaN,NaN,NaN,NaN,NaN,17444,191186,TIME_LIMIT,0,1,0,2164.3837322012,OK
723,qcc_REL_52,cycle_cover,GUROBI,380,39,342,0,0.001001,0.001001,1416.86106,1416.862061,7,7,0,1,OPTIMAL,NA,NaN,NaN,NaN,NaN,NaN,0,160256,OPTIMAL,0,1,1,0.0,OK
724,qcc_REL_53,cycle_cover,ADMM,380,39,342,39.89799,0.123062,40.021052,396.763541,436.784593,4,4.00000000000001,0,1,OPTIMAL,CONVERGED,978,0.000997923718404676,-2.06010227869387,2.50005666013749e-14,9.33271633900137e-08,60373,5076,OPTIMAL,0,1,1,0.0,OK
725,qcc_REL_53,cycle_cover,CB,380,39,342,901.001342,0.084307,901.085649,2699.638244,3600.723893,6,-758.321140029139,12738.6856671523,0,TIME_LIMIT,TIME_LIMIT_WITH_CHECKPOINT,NaN,NaN,NaN,NaN,NaN,13127,370982,TIME_LIMIT,0,1,0,12738.685667152315,OK
726,qcc_REL_53,cycle_cover,GUROBI,380,39,342,0,0.000828,0.000828,1106.953108,1106.953936,4,4,0,1,OPTIMAL,NA,NaN,NaN,NaN,NaN,NaN,0,244018,OPTIMAL,0,1,1,0.0,OK
727,qcc_REL_54,cycle_cover,ADMM,380,39,342,14.957934,0.11605,15.073984,1524.637039,1539.711023,9,8.99999999999999,9.86864910777917e-14,1,OPTIMAL,CONVERGED,367,0.000989483051451184,-1.3667660274335,7.43246772043478e-15,3.86453900103173e-07,55577,24980,OPTIMAL,0,1,1,1.1842378929335004e-13,OK
728,qcc_REL_54,cycle_cover,CB,380,39,342,900.646828,0.074473,900.721301,2699.658469,3600.37977,19,-670.825404728733,3630.66002488807,0,TIME_LIMIT,TIME_LIMIT_WITH_CHECKPOINT,NaN,NaN,NaN,NaN,NaN,20468,127604,TIME_LIMIT,0,1,0,3630.660024888068,OK
729,qcc_REL_54,cycle_cover,GUROBI,380,39,342,0,0.001121,0.001121,2859.002579,2859.0037,9,9,0,1,OPTIMAL,NA,NaN,NaN,NaN,NaN,NaN,0,466057,OPTIMAL,0,1,1,0.0,OK
730,qcc_REL_55,cycle_cover,ADMM,380,39,342,69.757485,0.271553,70.029038,4.513315,74.542353,3,3.00000000000002,0,1,OPTIMAL,CONVERGED,1839,0.000999782413342661,-2.02973053536905,2.21993414885794e-14,1.03309860278006e-07,56971,12,OPTIMAL,0,1,1,0.0,OK
731,qcc_REL_55,cycle_cover,CB,380,39,342,900.671004,0.062943,900.733947,2699.789017,3600.522964,6,-453.616431933467,7660.27386555778,0,TIME_LIMIT,TIME_LIMIT_WITH_CHECKPOINT,NaN,NaN,NaN,NaN,NaN,14118,365985,TIME_LIMIT,0.000125800700577661,1,0,7660.273865557784,OK
732,qcc_REL_55,cycle_cover,GUROBI,380,39,342,0,0.001136,0.001136,879.968525,879.969661,3,3,0,1,OPTIMAL,NA,NaN,NaN,NaN,NaN,NaN,0,132660,OPTIMAL,0,1,1,0.0,OK
733,qcc_REL_56,cycle_cover,ADMM,380,39,342,15.609191,0.163501,15.772692,3381.819176,3397.591868,9,9.00000000000002,0,1,OPTIMAL,CONVERGED,349,0.00098608965411644,-1.43159090343468,7.86591531777999e-15,4.84957507252298e-07,57327,53305,OPTIMAL,0,1,1,0.0,OK
734,qcc_REL_56,cycle_cover,CB,380,39,342,900.877245,0.083079,900.960324,2699.491328,3600.451652,18,-707.909134022211,4032.82852234562,0,TIME_LIMIT,TIME_LIMIT_WITH_CHECKPOINT,NaN,NaN,NaN,NaN,NaN,23510,95755,TIME_LIMIT,0.000199885813649659,1,0,4032.8285223456164,OK
735,qcc_REL_56,cycle_cover,GUROBI,380,39,342,0,0.00124,0.00124,3344.091182,3344.092422,9,9,0,1,OPTIMAL,NA,NaN,NaN,NaN,NaN,NaN,0,745216,OPTIMAL,0,1,1,0.0,OK
736,qcc_REL_57,cycle_cover,ADMM,380,39,342,25.436846,0.121088,25.557934,2638.339335,2663.897269,4,4,1.11022302462516e-14,1,OPTIMAL,CONVERGED,640,0.000992715317478593,-2.0406966792134,2.21725524915376e-14,9.39348781483328e-08,58587,44330,OPTIMAL,0,1,1,0.0,OK
737,qcc_REL_57,cycle_cover,CB,380,39,342,900.661503,0.079044,900.740547,2699.812793,3600.55334,8,-731.587909206139,9244.84886507674,0,TIME_LIMIT,TIME_LIMIT_WITH_CHECKPOINT,NaN,NaN,NaN,NaN,NaN,15264,252520,TIME_LIMIT,0.000122441110457552,1,0,9244.848865076738,OK
738,qcc_REL_57,cycle_cover,GUROBI,380,39,342,0,0.001356,0.001356,1001.61129,1001.612646,4,4,0,1,OPTIMAL,NA,NaN,NaN,NaN,NaN,NaN,0,196134,OPTIMAL,0,1,1,0.0,OK
739,qcc_REL_58,cycle_cover,ADMM,380,39,342,18.518871,0.337268,18.856139,723.912192,742.768331,7,7.00000000000002,0,1,OPTIMAL,CONVERGED,442,0.000990805865653961,-1.41808603406934,7.64917152095601e-15,4.10772527205614e-07,56712,9876,OPTIMAL,0,1,1,0.0,OK
740,qcc_REL_58,cycle_cover,CB,380,39,342,900.715641,0.08554,900.801181,2699.577303,3600.378484,21,-676.477628197255,3321.32203903455,0,TIME_LIMIT,TIME_LIMIT_WITH_CHECKPOINT,NaN,NaN,NaN,NaN,NaN,22089,115425,TIME_LIMIT,0,1,0,3321.3220390345473,OK
741,qcc_REL_58,cycle_cover,GUROBI,380,39,342,0,0.001226,0.001226,2062.175578,2062.176804,7,7,0,1,OPTIMAL,NA,NaN,NaN,NaN,NaN,NaN,0,245892,OPTIMAL,0,1,1,0.0,OK
742,qcc_REL_59,cycle_cover,ADMM,380,39,342,31.372648,0.136727,31.509375,321.949403,353.458778,3,3.00000000000002,0,1,OPTIMAL,CONVERGED,620,0.000994890537620073,-2.0258702092269,2.14455666589235e-14,9.5093677189568e-08,58649,3784,OPTIMAL,0,1,1,0.0,OK
743,qcc_REL_59,cycle_cover,CB,380,39,342,901.103406,0.081091,901.184497,2699.474022,3600.658519,7,-883.579021049612,12722.5574435659,0,TIME_LIMIT,TIME_LIMIT_WITH_CHECKPOINT,NaN,NaN,NaN,NaN,NaN,13973,306557,TIME_LIMIT,0,1,0,12722.557443565887,OK
744,qcc_REL_59,cycle_cover,GUROBI,380,39,342,0,0.001261,0.001261,280.582755,280.584016,3,3,0,1,OPTIMAL,NA,NaN,NaN,NaN,NaN,NaN,0,38193,OPTIMAL,0,1,1,0.0,OK
745,qcc_REL_6,cycle_cover,ADMM,90,19,72,0.410835,0.071402,0.482237,0.276213,0.75845,14,14,2.53765262771464e-14,1,OPTIMAL,CONVERGED,264,0.000971682685886905,-2.29935954983933,3.35333370726829e-15,2.14543464961529e-07,3853,1,OPTIMAL,0,1,1,0.0,OK
746,qcc_REL_6,cycle_cover,CB,90,19,72,286.585909,0.062215,286.648124,0.228518,286.876642,14,13.9998295117718,0.00121777305851976,1,OPTIMAL,"64, limit of calls to evaluation oracle exceeded",NaN,NaN,NaN,NaN,NaN,1869,27,OPTIMAL,0.000170488199089339,1,1,0.0012177730585705149,OK
747,qcc_REL_6,cycle_cover,GUROBI,90,19,72,0,0.001328,0.001328,1.480125,1.481453,14,14,0,1,OPTIMAL,NA,NaN,NaN,NaN,NaN,NaN,0,1477,OPTIMAL,0,1,1,0.0,OK
748,qcc_REL_60,cycle_cover,ADMM,380,39,342,30.532015,0.251333,30.783348,3569.523367,3600.306715,9,8.56754449419443,4.80506117561747,1,TIME_LIMIT,CONVERGED,518,0.000995150130160313,-1.33429055825966,6.82186877496445e-15,3.88142499961225e-07,55361,34911,TIME_LIMIT,0,1,1,4.805061175617453,OK
749,qcc_REL_60,cycle_cover,CB,380,39,342,900.571579,0.074492,900.646071,2699.613327,3600.259398,11,-619.373993239696,5730.67266581542,0,TIME_LIMIT,TIME_LIMIT_WITH_CHECKPOINT,NaN,NaN,NaN,NaN,NaN,18559,147319,TIME_LIMIT,0.000190121361213658,1,0,5730.672665815418,OK
750,qcc_REL_60,cycle_cover,GUROBI,380,39,342,0,0.000783,0.000783,3600.192407,3600.19319,9,4,55.5555555555556,0,TIME_LIMIT,NA,NaN,NaN,NaN,NaN,NaN,0,719092,TIME_LIMIT,0,1,0,55.55555555555556,OK
751,qcc_REL_7,cycle_cover,ADMM,90,19,72,0.430798,0.048433,0.479231,0.514674,0.993905,5,5.00000000000001,0,1,OPTIMAL,CONVERGED,343,0.000995657461956677,-3.19393512025316,2.22112133174879e-14,3.81320226174045e-08,3277,153,OPTIMAL,0,1,1,0.0,OK
752,qcc_REL_7,cycle_cover,CB,90,19,72,23.672831,0.062269,23.7351,1.996086,25.731186,5,5,0,1,OPTIMAL,ORACLE_FAILURE_WITH_SNAPSHOT,NaN,NaN,NaN,NaN,NaN,765,8413,OPTIMAL,0,1,1,0.0,OK
753,qcc_REL_7,cycle_cover,GUROBI,90,19,72,0,0.000762,0.000762,0.909245,0.910007,5,5,0,1,OPTIMAL,NA,NaN,NaN,NaN,NaN,NaN,0,1160,OPTIMAL,0,1,1,0.0,OK
754,qcc_REL_8,cycle_cover,ADMM,90,19,72,0.447608,0.044219,0.491827,0.166808,0.658635,11,11,1.29189588320018e-13,1,OPTIMAL,CONVERGED,364,0.000882342227688841,-2.28931475324458,3.14527579065511e-15,2.62151935652505e-07,3880,1,OPTIMAL,0,1,1,0.0,OK
755,qcc_REL_8,cycle_cover,CB,90,19,72,281.896261,0.063552,281.959813,0.268698,282.228511,11,10.9999999999709,2.64580276879397e-10,1,OPTIMAL,"64, limit of calls to evaluation oracle exceeded",NaN,NaN,NaN,NaN,NaN,1857,7,OPTIMAL,0,1,1,2.645479794823173e-10,OK
756,qcc_REL_8,cycle_cover,GUROBI,90,19,72,0,0.000703,0.000703,0.548684,0.549387,11,11,0,1,OPTIMAL,NA,NaN,NaN,NaN,NaN,NaN,0,1,OPTIMAL,0,1,1,0.0,OK
757,qcc_REL_9,cycle_cover,ADMM,90,19,72,0.616723,0.057519,0.674242,0.190461,0.864703,2,1.99999999999997,1.56541446472147e-12,1,OPTIMAL,CONVERGED,543,0.00091302250770678,-3.11967910665304,1.88980813118903e-14,4.0898124544788e-08,3899,1,OPTIMAL,0,1,1,1.4988010832439613e-12,OK
758,qcc_REL_9,cycle_cover,CB,90,19,72,31.443358,0.068199,31.511557,0.323075,31.834632,2,2.00000000002183,0,1,OPTIMAL,ORACLE_FAILURE_WITH_SNAPSHOT,NaN,NaN,NaN,NaN,NaN,766,583,OPTIMAL,0,1,1,0.0,OK
759,qcc_REL_9,cycle_cover,GUROBI,90,19,72,0,0.001116,0.001116,0.300357,0.301473,2,2,0,1,OPTIMAL,NA,NaN,NaN,NaN,NaN,NaN,0,45,OPTIMAL,0,1,1,0.0,OK
760,qsap_10_3,semi_assignment,ADMM,240,30,211,2.443848,0.065547,2.509395,3597.915762,3600.425157,-6027.735431,-6870.30072108545,13.9781398790701,0,TIME_LIMIT,CONVERGED,208,0.000755107824886436,134.218349036639,1.57421906971242e-15,2.83447136305045e-05,15054,472180,TIME_LIMIT,0,0,0,13.97813987907012,OK
761,qsap_10_3,semi_assignment,CB,240,30,211,900.659398,0.049809,900.709207,2699.532243,3600.24145,-6012.127369,-6920.60973630447,15.1108303524777,0,TIME_LIMIT,TIME_LIMIT_WITH_CHECKPOINT,NaN,NaN,NaN,NaN,NaN,7674,239931,TIME_LIMIT,0,0,0,15.110830352477688,OK
762,qsap_10_3,semi_assignment,GUROBI,240,30,211,0,0.001237,0.001237,3603.18284,3603.184077,-5782.70107,-10502.6130482793,81.6212341109185,0,TIME_LIMIT,NA,NaN,NaN,NaN,NaN,NaN,0,3403448,TIME_LIMIT,0,0,0,81.62123411091868,OK
763,qsap_12_3,semi_assignment,ADMM,140,35,106,1.038808,0.051708,1.090516,89.15289,90.243406,-6127.636219,-6127.636219,7.42125241502467e-14,1,OPTIMAL,CONVERGED,383,0.000941726354666529,88.8794933037488,5.02573454587462e-16,1.55339805816129e-05,4216,37738,OPTIMAL,0,0,1,0.0,OK
764,qsap_12_3,semi_assignment,CB,140,35,106,900.456981,0.0448,900.501781,87.776411,988.278192,-6127.636219,-6127.63621899486,0,1,OPTIMAL,TIME_LIMIT_WITH_CHECKPOINT,NaN,NaN,NaN,NaN,NaN,1605,39614,OPTIMAL,0,0,1,0.0,OK
765,qsap_12_3,semi_assignment,GUROBI,140,35,106,0,0.000867,0.000867,3606.459383,3606.46025,-6127.636219,-7849.26795787634,28.0961806044894,0,TIME_LIMIT,NA,NaN,NaN,NaN,NaN,NaN,0,8994902,TIME_LIMIT,0,0,0,28.09618060448931,OK
766,qsap_12_4,semi_assignment,ADMM,175,35,141,1.666263,0.048292,1.714555,3598.476916,3600.191471,-6606.618752,-6713.53531900135,1.61832506180241,0,TIME_LIMIT,CONVERGED,360,0.000884650877584524,107.573009278114,1.29838366114312e-15,1.99835400971972e-05,6881,1159825,TIME_LIMIT,0,0,0,1.618325061802354,OK
767,qsap_12_4,semi_assignment,CB,175,35,141,900.425437,0.037478,900.462915,2699.72405,3600.186965,-6606.618752,-6735.21730033401,1.9465108122832,0,TIME_LIMIT,TIME_LIMIT_WITH_CHECKPOINT,NaN,NaN,NaN,NaN,NaN,2993,860417,TIME_LIMIT,0,0,0,1.9465108122832095,OK
768,qsap_12_4,semi_assignment,GUROBI,175,35,141,0,0.001377,0.001377,3604.994369,3604.995746,-6606.618752,-9615.04823755233,45.5365989545197,0,TIME_LIMIT,NA,NaN,NaN,NaN,NaN,NaN,0,6022953,TIME_LIMIT,0,0,0,45.536598954519626,OK
769,qsap_15_2,semi_assignment,ADMM,210,35,176,2.218099,0.062983,2.281082,3598.094697,3600.375779,-7368.636164,-7720.38383421239,4.77357902308811,0,TIME_LIMIT,CONVERGED,302,0.000966582634720671,127.278271126726,1.53836053351261e-15,2.45786493440334e-05,10451,656572,TIME_LIMIT,0,0,0,4.773579023088137,OK
770,qsap_15_2,semi_assignment,CB,210,35,176,900.864176,0.044995,900.909171,2699.397228,3600.306399,-7368.636164,-7770.3274744669,5.45136578230566,0,TIME_LIMIT,TIME_LIMIT_WITH_CHECKPOINT,NaN,NaN,NaN,NaN,NaN,4781,412491,TIME_LIMIT,0,0,0,5.451365782305712,OK
771,qsap_15_2,semi_assignment,GUROBI,210,35,176,0,0.001094,0.001094,3603.405005,3603.406099,-7368.636164,-11074.8709773561,50.2974326709628,0,TIME_LIMIT,NA,NaN,NaN,NaN,NaN,NaN,0,4077481,TIME_LIMIT,0,0,0,50.2974326709626,OK
772,qsap_15_3,semi_assignment,ADMM,245,35,211,4.600909,0.111816,4.712725,3595.828253,3600.540978,-7066.248808,-8278.02343160567,17.1487681304651,0,TIME_LIMIT,CONVERGED,382,0.000947006402526819,144.687747100688,1.12329141204877e-15,2.82550257094734e-05,14951,452013,TIME_LIMIT,0,0,0,17.148768130465044,OK
773,qsap_15_3,semi_assignment,CB,245,35,211,900.586197,0.056623,900.64282,2699.724441,3600.367261,-7041.9928,-8322.37183939751,18.1820555027764,0,TIME_LIMIT,TIME_LIMIT_WITH_CHECKPOINT,NaN,NaN,NaN,NaN,NaN,6559,248892,TIME_LIMIT,0,0,0,18.182055502776294,OK
774,qsap_15_3,semi_assignment,GUROBI,245,35,211,0,0.001168,0.001168,3602.235711,3602.236879,-7066.248808,-12384.915045342,75.2685955711109,0,TIME_LIMIT,NA,NaN,NaN,NaN,NaN,NaN,0,2593588,TIME_LIMIT,0,0,0,75.2685955711114,OK
775,qsap_15_4,semi_assignment,ADMM,245,35,211,4.422152,0.06604,4.488192,3596.041229,3600.529421,-7066.248808,-8271.33260980182,17.0540810909106,0,TIME_LIMIT,CONVERGED,382,0.000947006402526819,144.687747100688,1.12329141204877e-15,2.82550257094734e-05,14951,487008,TIME_LIMIT,0,0,0,17.05408109091055,OK
776,qsap_15_4,semi_assignment,CB,245,35,211,900.717043,0.05658,900.773623,2699.567328,3600.340951,-7076.81848,-8318.58548749035,17.5469670587107,0,TIME_LIMIT,TIME_LIMIT_WITH_CHECKPOINT,NaN,NaN,NaN,NaN,NaN,6544,301964,TIME_LIMIT,0,0,0,17.546967058710695,OK
777,qsap_15_4,semi_assignment,GUROBI,245,35,211,0,0.001106,0.001106,3602.321364,3602.32247,-7066.248808,-12405.0923557824,75.5541404335792,0,TIME_LIMIT,NA,NaN,NaN,NaN,NaN,NaN,0,2289592,TIME_LIMIT,0,0,0,75.5541404335787,OK
778,qsap_15_5,semi_assignment,ADMM,15,5,11,0.055096,0.15689,0.211986,0.127884,0.33987,-174.8263,-174.8263,0,1,OPTIMAL,CONVERGED,162,0.000833794806459972,8.18095446100371,1.21325452592294e-15,9.81132115952748e-07,95,1,OPTIMAL,0,0,1,0.0,OK
779,qsap_15_5,semi_assignment,CB,15,5,11,0.948757,0.047641,0.996398,0.133815,1.130213,-174.8263,-174.826300000001,3.41399376431626e-13,1,OPTIMAL,"1, relative precision criterion satisfied",NaN,NaN,NaN,NaN,NaN,87,1,OPTIMAL,0,0,1,5.68998960719377e-13,OK
780,qsap_15_5,semi_assignment,GUROBI,15,5,11,0,0.00099,0.00099,0.175259,0.176249,-174.8263,-174.8263,0,1,OPTIMAL,NA,NaN,NaN,NaN,NaN,NaN,0,1,OPTIMAL,0,0,1,0.0,OK
781,qsap_18_3,semi_assignment,ADMM,54,18,37,0.816326,0.064405,0.880731,0.33919,1.219921,-1872.904898,-1872.904898,0,1,OPTIMAL,CONVERGED,1871,0.000989472846271407,28.182117429026,1.18190149807764e-15,5.31213719086883e-06,1223,1,OPTIMAL,0,0,1,0.0,OK
782,qsap_18_3,semi_assignment,CB,54,18,37,2.723328,0.057791,2.781119,0.174858,2.955977,-1872.904898,-1872.90665421716,9.37696924947946e-05,1,OPTIMAL,"1, relative precision criterion satisfied",NaN,NaN,NaN,NaN,NaN,748,1,OPTIMAL,0,0,1,9.376969230055205e-05,OK
783,qsap_18_3,semi_assignment,GUROBI,54,18,37,0,0.001487,0.001487,4.82068,4.822167,-1872.904898,-1872.904898,0,1,OPTIMAL,NA,NaN,NaN,NaN,NaN,NaN,0,47,OPTIMAL,0,0,1,0.0,OK
784,qsap_18_4,semi_assignment,ADMM,72,18,55,0.308086,0.044628,0.352714,0.26912,0.621834,-1978.92582,-1978.92582,2.29795046530074e-14,1,OPTIMAL,CONVERGED,303,0.000984065615634869,45.3446914752043,4.54521020561441e-16,7.45676523366671e-06,1292,70,OPTIMAL,0,0,1,0.0,OK
785,qsap_18_4,semi_assignment,CB,72,18,55,101.002676,0.053858,101.056534,0.260255,101.316789,-1978.92582,-1978.92582000032,1.63843868175942e-11,1,OPTIMAL,"64, limit of calls to evaluation oracle exceeded",NaN,NaN,NaN,NaN,NaN,798,63,OPTIMAL,0,0,1,1.6177571275717185e-11,OK
786,qsap_18_4,semi_assignment,GUROBI,72,18,55,0,0.001156,0.001156,19.182038,19.183194,-1978.92582,-1978.92582,0,1,OPTIMAL,NA,NaN,NaN,NaN,NaN,NaN,0,125375,OPTIMAL,0,0,1,0.0,OK
787,qsap_18_5,semi_assignment,ADMM,90,18,73,0.406443,0.054405,0.460848,0.452998,0.913846,-2730.22904,-2730.22904,1.66560147234557e-14,1,OPTIMAL,CONVERGED,275,0.000973819460342679,54.8809933880073,8.25177912844744e-16,1.08691894387093e-05,2183,71,OPTIMAL,0,0,1,0.0,OK
788,qsap_18_5,semi_assignment,CB,90,18,73,190.523779,0.056353,190.580132,0.377585,190.957717,-2730.22904,-2730.22903999983,0,1,OPTIMAL,"64, limit of calls to evaluation oracle exceeded",NaN,NaN,NaN,NaN,NaN,1376,79,OPTIMAL,0,0,1,0.0,OK
789,qsap_18_5,semi_assignment,GUROBI,90,18,73,0,0.001538,0.001538,240.261892,240.26343,-2730.22904,-2730.23133758316,8.41534949422229e-05,1,OPTIMAL,NA,NaN,NaN,NaN,NaN,NaN,0,1341302,OPTIMAL,0,0,1,8.4153495042159e-05,OK
790,qsap_18_6,semi_assignment,ADMM,108,18,91,0.480962,0.066699,0.547661,14.27204,14.819701,-2375.55755,-2375.55755,0,1,OPTIMAL,CONVERGED,209,0.000973522666955933,69.6922001181956,1.53902977796881e-15,1.17095000303004e-05,3133,8975,OPTIMAL,0,0,1,0.0,OK
791,qsap_18_6,semi_assignment,CB,108,18,91,353.399335,0.045184,353.444519,12.448353,365.892872,-2375.55755,-2375.55754999956,0,1,OPTIMAL,"64, limit of calls to evaluation oracle exceeded",NaN,NaN,NaN,NaN,NaN,1811,7636,OPTIMAL,0,0,1,0.0,OK
792,qsap_18_6,semi_assignment,GUROBI,108,18,91,0,0.001774,0.001774,3608.899357,3608.901131,-2375.55755,-2848.61184474744,19.9134007402783,0,TIME_LIMIT,NA,NaN,NaN,NaN,NaN,NaN,0,17556459,TIME_LIMIT,0,0,0,19.913400740278426,OK
793,qsap_20_3,semi_assignment,ADMM,60,20,41,1.082426,0.050305,1.132731,0.155954,1.288685,-2569.97703,-2569.97703,0,1,OPTIMAL,CONVERGED,3039,0.000978513900586008,36.3733424741252,9.95191836463362e-16,6.63235189819765e-06,1466,1,OPTIMAL,0,0,1,0.0,OK
794,qsap_20_3,semi_assignment,CB,60,20,41,1.686252,0.043081,1.729333,0.211812,1.941145,-2569.97703,-2569.97833476534,5.07695332009049e-05,1,OPTIMAL,"1, relative precision criterion satisfied",NaN,NaN,NaN,NaN,NaN,1108,1,OPTIMAL,0,0,1,5.076953314782106e-05,OK
795,qsap_20_3,semi_assignment,GUROBI,60,20,41,0,0.001599,0.001599,0.707199,0.708798,-2569.97703,-2569.97703,1.76946076006938e-14,1,OPTIMAL,NA,NaN,NaN,NaN,NaN,NaN,0,3344,OPTIMAL,0,0,1,0.0,OK
796,qsap_20_4,semi_assignment,ADMM,80,20,61,0.368782,0.056468,0.42525,0.336246,0.761496,-2402.88361,-2402.88361,3.78501354783858e-14,1,OPTIMAL,CONVERGED,315,0.000985193285192639,52.4800490684918,4.68101544775622e-16,9.07110648989141e-06,1501,97,OPTIMAL,0,0,1,0.0,OK
797,qsap_20_4,semi_assignment,CB,80,20,61,146.238097,0.048834,146.286931,0.34513,146.632061,-2402.88361,-2402.8836099999,0,1,OPTIMAL,"64, limit of calls to evaluation oracle exceeded",NaN,NaN,NaN,NaN,NaN,810,99,OPTIMAL,0,0,1,0.0,OK
798,qsap_20_4,semi_assignment,GUROBI,80,20,61,0,0.001454,0.001454,297.225891,297.227345,-2402.88361,-2402.88361,0,1,OPTIMAL,NA,NaN,NaN,NaN,NaN,NaN,0,1858240,OPTIMAL,0,0,1,0.0,OK
799,qsap_20_5,semi_assignment,ADMM,100,20,81,0.412565,0.052186,0.464751,5.322808,5.787559,-2933.060974,-2933.060974,0,1,OPTIMAL,CONVERGED,222,0.00094046184009742,66.1032892463273,8.18292385178292e-16,1.10619899388092e-05,2560,3112,OPTIMAL,0,0,1,0.0,OK
800,qsap_20_5,semi_assignment,CB,100,20,81,285.590815,0.03939,285.630205,3.586858,289.217063,-2933.060974,-2933.0609739995,0,1,OPTIMAL,"64, limit of calls to evaluation oracle exceeded",NaN,NaN,NaN,NaN,NaN,1336,2654,OPTIMAL,0,0,1,0.0,OK
801,qsap_20_5,semi_assignment,GUROBI,100,20,81,0,0.001691,0.001691,3604.811871,3604.813562,-2933.060974,-3287.58806262331,12.0872730490775,0,TIME_LIMIT,NA,NaN,NaN,NaN,NaN,NaN,0,18912423,TIME_LIMIT,0,0,0,12.087273049077437,OK
802,qsap_20_6,semi_assignment,ADMM,120,20,101,0.477107,0.053019,0.530126,13.861223,14.391349,-3006.18559,-3006.18559,3.02541102185553e-14,1,OPTIMAL,CONVERGED,171,0.000829084027752345,78.4600828774071,1.55617448096111e-15,1.37308688945038e-05,3822,6479,OPTIMAL,0,0,1,0.0,OK
803,qsap_20_6,semi_assignment,CB,120,20,101,475.706775,0.050148,475.756923,14.218862,489.975785,-3006.18559,-3006.18558999931,0,1,OPTIMAL,"64, limit of calls to evaluation oracle exceeded",NaN,NaN,NaN,NaN,NaN,2109,6936,OPTIMAL,0,0,1,0.0,OK
804,qsap_20_6,semi_assignment,GUROBI,120,20,101,0,0.000869,0.000869,3610.084014,3610.084883,-3006.18559,-3718.10866818785,23.6819403484617,0,TIME_LIMIT,NA,NaN,NaN,NaN,NaN,NaN,0,15593578,TIME_LIMIT,0,0,0,23.681940348461655,OK
805,qsap_25_4,semi_assignment,ADMM,100,25,76,0.42339,0.057165,0.480555,1.011382,1.491937,-3490.22217,-3490.22217,0,1,OPTIMAL,CONVERGED,258,0.000926182944497922,69.4075718877569,4.66195208439224e-16,1.2233647294922e-05,2251,580,OPTIMAL,0,0,1,0.0,OK
806,qsap_25_4,semi_assignment,CB,100,25,76,359.118101,0.04204,359.160141,1.193193,360.353334,-3490.22217,-3490.22216999735,0,1,OPTIMAL,"64, limit of calls to evaluation oracle exceeded",NaN,NaN,NaN,NaN,NaN,1072,637,OPTIMAL,0,0,1,0.0,OK
807,qsap_25_4,semi_assignment,GUROBI,100,25,76,0,0.001262,0.001262,3602.67954,3602.680802,-3490.22217,-3730.44964804243,6.88287066958926,0,TIME_LIMIT,NA,NaN,NaN,NaN,NaN,NaN,0,17683556,TIME_LIMIT,0,0,0,6.882870669589209,OK
808,qsap_25_5,semi_assignment,ADMM,125,25,101,0.584354,0.058492,0.642846,6.019747,6.662593,-4231.736677,-4231.73667700001,1.07461164433522e-13,1,OPTIMAL,CONVERGED,215,0.000989721034564028,79.4148927461465,8.25197966222958e-16,1.53399048640293e-05,3778,2307,OPTIMAL,0,0,1,2.36414561753749e-13,OK
809,qsap_25_5,semi_assignment,CB,125,25,101,627.701974,0.046517,627.748491,5.01099,632.759481,-4231.736677,-4231.73667699844,0,1,OPTIMAL,"64, limit of calls to evaluation oracle exceeded",NaN,NaN,NaN,NaN,NaN,2008,1935,OPTIMAL,0,0,1,0.0,OK
810,qsap_25_5,semi_assignment,GUROBI,125,25,101,0,0.000871,0.000871,3607.005465,3607.006336,-4231.736677,-5120.47615912575,21.0017671221405,0,TIME_LIMIT,NA,NaN,NaN,NaN,NaN,NaN,0,12936461,TIME_LIMIT,0,0,0,21.00176712214058,OK
811,qsap_25_6,semi_assignment,ADMM,150,25,126,0.739649,0.081317,0.820966,255.832131,256.653097,-4346.11732,-4346.11732,0,1,OPTIMAL,CONVERGED,181,0.000987383992027611,90.3163470792792,1.85846882938822e-15,1.61920971352437e-05,5891,93905,OPTIMAL,0,0,1,0.0,OK
812,qsap_25_6,semi_assignment,CB,150,25,126,900.922283,0.045422,900.967705,178.124029,1079.091734,-4346.11732,-4346.11732000089,2.05499237913121e-11,1,OPTIMAL,TIME_LIMIT_WITH_CHECKPOINT,NaN,NaN,NaN,NaN,NaN,3062,58270,OPTIMAL,0,0,1,2.046621738075685e-11,OK
813,qsap_25_6,semi_assignment,GUROBI,150,25,126,0,0.001027,0.001027,3607.563287,3607.564314,-4346.11732,-6209.99110190296,42.8859518661811,0,TIME_LIMIT,NA,NaN,NaN,NaN,NaN,NaN,0,9411756,TIME_LIMIT,0,0,0,42.88595186618108,OK
814,qsap_25_7,semi_assignment,ADMM,175,25,151,1.03507,0.070263,1.105333,3599.240941,3600.346274,-4473.70907,-4613.48353652466,3.12435306671959,0,TIME_LIMIT,CONVERGED,183,0.000850566886221575,104.272603337871,9.63500566787892e-16,1.98257995632539e-05,8030,1180085,TIME_LIMIT,0,0,0,3.124353066719648,OK
815,qsap_25_7,semi_assignment,CB,175,25,151,900.945967,0.048126,900.994093,2699.318743,3600.312836,-4473.70907,-4677.11653323196,4.54672979510395,0,TIME_LIMIT,TIME_LIMIT_WITH_CHECKPOINT,NaN,NaN,NaN,NaN,NaN,4211,715289,TIME_LIMIT,0,0,0,4.546729795103994,OK
816,qsap_25_7,semi_assignment,GUROBI,175,25,151,0,0.001167,0.001167,3605.907546,3605.908713,-4473.70907,-6997.60627142187,56.4162121839066,0,TIME_LIMIT,NA,NaN,NaN,NaN,NaN,NaN,0,6998864,TIME_LIMIT,0,0,0,56.41621218390649,OK
817,qsap_30_4,semi_assignment,ADMM,120,30,91,0.709575,0.064355,0.77393,65.136472,65.910402,-4646.248688,-4646.248688,9.78740875538912e-14,1,OPTIMAL,CONVERGED,348,0.000931412275280535,75.6239910411744,6.46209994463136e-16,1.41268383549689e-05,3177,38184,OPTIMAL,0,0,1,0.0,OK
818,qsap_30_4,semi_assignment,CB,120,30,91,594.940264,0.043335,594.983599,64.626496,659.610095,-4646.248688,-4646.24868800095,2.05144087512956e-11,1,OPTIMAL,"64, limit of calls to evaluation oracle exceeded",NaN,NaN,NaN,NaN,NaN,1395,41427,OPTIMAL,0,0,1,2.045568429876326e-11,OK
819,qsap_30_4,semi_assignment,GUROBI,120,30,91,0,0.000998,0.000998,3607.879224,3607.880222,-4645.30407,-5742.38890050973,23.6170725097384,0,TIME_LIMIT,NA,NaN,NaN,NaN,NaN,NaN,0,13351656,TIME_LIMIT,0,0,0,23.617072509738417,OK
820,qsap_30_5,semi_assignment,ADMM,150,30,121,1.063921,0.068922,1.132843,736.656444,737.789287,-5132.4507,-5132.4507,5.31614284248027e-14,1,OPTIMAL,CONVERGED,313,0.000882820882621529,99.736614248811,8.29080210560382e-16,1.85262881278714e-05,5112,334796,OPTIMAL,0,0,1,0.0,OK
821,qsap_30_5,semi_assignment,CB,150,30,121,900.929183,0.040915,900.970098,748.560041,1649.530139,-5132.4507,-5132.45070000365,7.11654321846692e-11,1,OPTIMAL,TIME_LIMIT_WITH_CHECKPOINT,NaN,NaN,NaN,NaN,NaN,2264,302008,OPTIMAL,0,0,1,7.11122707562444e-11,OK
822,qsap_30_5,semi_assignment,GUROBI,150,30,121,0,0.00113,0.00113,3606.940579,3606.941709,-5132.4507,-7198.58812707287,40.2563521374472,0,TIME_LIMIT,NA,NaN,NaN,NaN,NaN,NaN,0,8581344,TIME_LIMIT,0,0,0,40.25635213744711,OK
823,qsap_30_6,semi_assignment,ADMM,180,30,151,1.316402,0.065076,1.381478,3598.804692,3600.18617,-5668.924803,-5772.29740261629,1.82349569289719,0,TIME_LIMIT,CONVERGED,231,0.000855639050085114,108.641778940002,1.66952896499736e-15,2.09942498695914e-05,7830,1041175,TIME_LIMIT,0,0,0,1.8234956928972734,OK
824,qsap_30_6,semi_assignment,CB,180,30,151,900.546298,0.045815,900.592113,2699.709602,3600.301715,-5668.924803,-5880.8127922697,3.73771035307374,0,TIME_LIMIT,TIME_LIMIT_WITH_CHECKPOINT,NaN,NaN,NaN,NaN,NaN,3880,629828,TIME_LIMIT,0,0,0,3.737710353073817,OK
825,qsap_30_6,semi_assignment,GUROBI,180,30,151,0,0.001121,0.001121,3605.019299,3605.02042,-5600.5661268,-8353.82216281366,49.1603165408349,0,TIME_LIMIT,NA,NaN,NaN,NaN,NaN,NaN,0,6009588,TIME_LIMIT,0,0,0,49.16031654083494,OK
826,qsap_30_7,semi_assignment,ADMM,210,30,181,2.253921,0.066285,2.320206,3598.312236,3600.632442,-5617.11814,-6154.5505298103,9.56776012922356,0,TIME_LIMIT,CONVERGED,280,0.000822802780361799,126.436649389347,1.03180803271759e-15,2.52109680137833e-05,11085,706667,TIME_LIMIT,0,0,0,9.567760129223492,OK
827,qsap_30_7,semi_assignment,CB,210,30,181,900.537807,0.046395,900.584202,2699.839288,3600.42349,-5617.11814,-6176.13322187302,9.95199082412427,0,TIME_LIMIT,TIME_LIMIT_WITH_CHECKPOINT,NaN,NaN,NaN,NaN,NaN,5292,439697,TIME_LIMIT,0.000193711561706778,0,0,9.951990824124287,OK
828,qsap_30_7,semi_assignment,GUROBI,210,30,181,0,0.001357,0.001357,3603.661488,3603.662845,-5684.36235,-9026.31818588113,58.7920971625098,0,TIME_LIMIT,NA,NaN,NaN,NaN,NaN,NaN,0,4297872,TIME_LIMIT,0,0,0,58.79209716250986,OK
829,qsap_30_8,semi_assignment,ADMM,210,30,181,2.187781,0.060848,2.248629,3598.343653,3600.592282,-5617.11814,-6150.3455372454,9.4928998101044,0,TIME_LIMIT,CONVERGED,280,0.000822802780361799,126.436649389347,1.03180803271759e-15,2.52109680137833e-05,11085,741144,TIME_LIMIT,0,0,0,9.492899810104412,OK
830,qsap_30_8,semi_assignment,CB,210,30,181,900.574855,0.056205,900.63106,2699.742265,3600.373325,-5684.36235,-6186.22674096903,8.82885995065094,0,TIME_LIMIT,TIME_LIMIT_WITH_CHECKPOINT,NaN,NaN,NaN,NaN,NaN,5327,432740,TIME_LIMIT,0,0,0,8.828859950650926,OK
831,qsap_30_8,semi_assignment,GUROBI,210,30,181,0,0.002017,0.002017,3603.211948,3603.213965,-5684.36235,-9028.83208501581,58.8363219845725,0,TIME_LIMIT,NA,NaN,NaN,NaN,NaN,NaN,0,4223217,TIME_LIMIT,0,0,0,58.83632198457247,OK
832,qsap_35_4,semi_assignment,ADMM,210,30,181,2.221379,0.066459,2.287838,3598.344028,3600.631866,-5617.11814,-6153.68134617596,9.55228629348288,0,TIME_LIMIT,CONVERGED,280,0.000822802780361799,126.436649389347,1.03180803271759e-15,2.52109680137833e-05,11085,713909,TIME_LIMIT,0,0,0,9.552286293482883,OK
833,qsap_35_4,semi_assignment,CB,210,30,181,900.564943,0.054694,900.619637,2699.8008,3600.420437,-5684.36235,-6204.84472964205,9.15638989203506,0,TIME_LIMIT,TIME_LIMIT_WITH_CHECKPOINT,NaN,NaN,NaN,NaN,NaN,5321,437459,TIME_LIMIT,0,0,0,9.156389892035113,OK
834,qsap_35_4,semi_assignment,GUROBI,210,30,181,0,0.001148,0.001148,3603.781146,3603.782294,-5684.36235,-9027.54265839433,58.8136382332194,0,TIME_LIMIT,NA,NaN,NaN,NaN,NaN,NaN,0,4260576,TIME_LIMIT,0,0,0,58.813638233219415,OK
835,qsap_35_5,semi_assignment,ADMM,210,30,181,2.221767,0.062386,2.284153,3598.320449,3600.604602,-5617.11814,-6154.51497345158,9.56712712920752,0,TIME_LIMIT,CONVERGED,280,0.000822802780361799,126.436649389347,1.03180803271759e-15,2.52109680137833e-05,11085,706885,TIME_LIMIT,0,0,0,9.567127129207583,OK
836,qsap_35_5,semi_assignment,CB,210,30,181,900.50055,0.047246,900.547796,2699.87599,3600.423786,-5582.85453,-6211.16464514511,11.254280615209,0,TIME_LIMIT,TIME_LIMIT_WITH_CHECKPOINT,NaN,NaN,NaN,NaN,NaN,5327,430715,TIME_LIMIT,0,0,0,11.254280615209048,OK
837,qsap_35_5,semi_assignment,GUROBI,210,30,181,0,0.000932,0.000932,3603.63378,3603.634712,-5684.36235,-9023.84120728701,58.7485218511274,0,TIME_LIMIT,NA,NaN,NaN,NaN,NaN,NaN,0,4368188,TIME_LIMIT,0,0,0,58.74852185112742,OK
838,qsap_35_6,semi_assignment,ADMM,210,30,181,2.164282,0.059936,2.224218,3598.353432,3600.57765,-5617.11814,-6150.13997283209,9.48924020373351,0,TIME_LIMIT,CONVERGED,280,0.000822802780361799,126.436649389347,1.03180803271759e-15,2.52109680137833e-05,11085,742853,TIME_LIMIT,0,0,0,9.48924020373356,OK
839,qsap_35_6,semi_assignment,CB,210,30,181,900.488281,0.050856,900.539137,2699.902007,3600.441144,-5624.88005,-6200.08629466127,10.2261068600258,0,TIME_LIMIT,TIME_LIMIT_WITH_CHECKPOINT,NaN,NaN,NaN,NaN,NaN,5334,446557,TIME_LIMIT,0,0,0,10.226106860025752,OK
840,qsap_35_6,semi_assignment,GUROBI,210,30,181,0,0.000902,0.000902,3603.83022,3603.831122,-5684.36235,-9029.1012318619,58.8410568489164,0,TIME_LIMIT,NA,NaN,NaN,NaN,NaN,NaN,0,4216233,TIME_LIMIT,0,0,0,58.84105684891638,OK
841,qsap_35_7,semi_assignment,ADMM,210,30,181,2.254857,0.078054,2.332911,3598.299672,3600.632583,-5617.11814,-6154.68681553549,9.5701863862791,0,TIME_LIMIT,CONVERGED,280,0.000822802780361799,126.436649389347,1.03180803271759e-15,2.52109680137833e-05,11085,705250,TIME_LIMIT,0,0,0,9.570186386279033,OK
842,qsap_35_7,semi_assignment,CB,210,30,181,900.484121,0.051511,900.535632,2699.908292,3600.443924,-5624.88005,-6201.17074508265,10.2453863897534,0,TIME_LIMIT,TIME_LIMIT_WITH_CHECKPOINT,NaN,NaN,NaN,NaN,NaN,5334,439898,TIME_LIMIT,0,0,0,10.245386389753326,OK
843,qsap_35_7,semi_assignment,GUROBI,210,30,181,0,0.001241,0.001241,3603.896093,3603.897334,-5684.36235,-9028.1162303178,58.8237285808812,0,TIME_LIMIT,NA,NaN,NaN,NaN,NaN,NaN,0,4243885,TIME_LIMIT,0,0,0,58.823728580881195,OK
844,qsap_35_8,semi_assignment,ADMM,210,30,181,2.299394,0.068847,2.368241,3598.260499,3600.62874,-5617.11814,-6155.62235819799,9.58684159343654,0,TIME_LIMIT,CONVERGED,280,0.000822802780361799,126.436649389347,1.03180803271759e-15,2.52109680137833e-05,11085,696911,TIME_LIMIT,0,0,0,9.586841593436572,OK
845,qsap_35_8,semi_assignment,CB,210,30,181,900.555374,0.042713,900.598087,2699.772861,3600.370948,-5582.85453,-6217.20950999317,11.36255613655,0,TIME_LIMIT,TIME_LIMIT_WITH_CHECKPOINT,NaN,NaN,NaN,NaN,NaN,5351,445550,TIME_LIMIT,0,0,0,11.36255613654993,OK
846,qsap_35_8,semi_assignment,GUROBI,210,30,181,0,0.000844,0.000844,3603.40406,3603.404904,-5684.36235,-9024.50109163816,58.7601306176084,0,TIME_LIMIT,NA,NaN,NaN,NaN,NaN,NaN,0,4350232,TIME_LIMIT,0,0,0,58.76013061760848,OK
847,qsap_5_3,semi_assignment,ADMM,210,30,181,2.21801,0.066913,2.284923,3598.335462,3600.620385,-5617.11814,-6157.20752025712,9.61506179496388,0,TIME_LIMIT,CONVERGED,280,0.000822802780361799,126.436649389347,1.03180803271759e-15,2.52109680137833e-05,11085,684277,TIME_LIMIT,0,0,0,9.615061794963795,OK
848,qsap_5_3,semi_assignment,CB,210,30,181,900.553344,0.055123,900.608467,2699.796641,3600.405108,-5617.11814,-6206.72585861338,10.4966230710856,0,TIME_LIMIT,TIME_LIMIT_WITH_CHECKPOINT,NaN,NaN,NaN,NaN,NaN,5359,391646,TIME_LIMIT,0,0,0,10.496623071085715,OK
849,qsap_5_3,semi_assignment,GUROBI,210,30,181,0,0.00109,0.00109,3603.594025,3603.595115,-5684.36235,-9029.60236523446,58.8498728487014,0,TIME_LIMIT,NA,NaN,NaN,NaN,NaN,NaN,0,4203258,TIME_LIMIT,0,0,0,58.849872848701466,OK
850,anna_k3,partition,ADMM,414,140,275,202.658787,0.128855,202.787642,3397.422604,3600.210246,129,125.333875255257,2.84195716646737,0,TIME_LIMIT,CONVERGED,6685,0.00096434399798685,1.01650038823567,4.06565507767756e-15,4.98387125203349e-07,39349,41252,TIME_LIMIT,0,1,0,2.841957166467443,OK
851,anna_k3,partition,CB,414,140,275,900.594888,0.076388,900.671276,2699.482741,3600.154017,165,115.212788938543,30.1740673099739,0,TIME_LIMIT,TIME_LIMIT_WITH_CHECKPOINT,NaN,NaN,NaN,NaN,NaN,28777,1,TIME_LIMIT,0.0023355709870012,1,0,30.17406730997394,OK
852,anna_k3,partition,GUROBI,414,140,275,0,0.001673,0.001673,3.931345,3.933018,129,129,0,1,OPTIMAL,NA,NaN,NaN,NaN,NaN,NaN,0,250,OPTIMAL,0,1,1,0.0,OK
853,anna_k4,partition,ADMM,552,141,412,314.845535,0.196104,315.041639,3285.2316,3600.273239,162,155.497345260258,4.01398440724817,0,TIME_LIMIT,CONVERGED,4233,0.000950810249583675,1.00405496611501,6.12753803947973e-15,5.11679033129999e-07,75286,44968,TIME_LIMIT,0,1,0,4.013984407248156,OK
854,anna_k4,partition,CB,552,141,412,900.761327,0.09865,900.859977,2699.273126,3600.133103,359,-104894571.160831,29218643.4988386,0,TIME_LIMIT,TIME_LIMIT_WITH_CHECKPOINT,NaN,NaN,NaN,NaN,NaN,48350,1,TIME_LIMIT,0.0615216846471397,1,0,29218643.498838723,OK
855,anna_k4,partition,GUROBI,552,141,412,0,0.000764,0.000764,63.356348,63.357112,162,162,0,1,OPTIMAL,NA,NaN,NaN,NaN,NaN,NaN,0,2299,OPTIMAL,0,1,1,0.0,OK
856,david_k3,partition,ADMM,261,89,173,39.889054,0.084209,39.973263,477.501301,517.474564,126,126,9.02276489854095e-14,1,OPTIMAL,CONVERGED,4585,0.000981610953621633,1.14699364938233,2.00813858917529e-15,2.9890939946932e-07,16365,13824,OPTIMAL,0,1,1,0.0,OK
857,david_k3,partition,CB,261,89,173,900.370475,0.066717,900.437192,2699.688251,3600.125443,127,114.496874758291,9.84498050528267,0,TIME_LIMIT,TIME_LIMIT_WITH_CHECKPOINT,NaN,NaN,NaN,NaN,NaN,11488,383,TIME_LIMIT,0.00113366503047675,1,0,9.844980505282676,OK
858,david_k3,partition,GUROBI,261,89,173,0,0.00081,0.00081,2.920956,2.921766,126,126,0,1,OPTIMAL,NA,NaN,NaN,NaN,NaN,NaN,0,354,OPTIMAL,0,1,1,0.0,OK
859,david_k4,partition,ADMM,348,90,259,73.675035,0.129785,73.80482,3526.3602,3600.16502,150,144.531476032598,3.6456826449345,0,TIME_LIMIT,CONVERGED,3304,0.00096215101769736,1.20464165349625,3.10082997035795e-15,3.16190033083319e-07,30035,42068,TIME_LIMIT,0,1,0,3.6456826449346713,OK
860,david_k4,partition,CB,348,90,259,900.404215,0.062726,900.466941,2699.657099,3600.12404,153,137.216335591049,10.316120528726,0,TIME_LIMIT,TIME_LIMIT_WITH_CHECKPOINT,NaN,NaN,NaN,NaN,NaN,16885,16,TIME_LIMIT,0.00131044734327786,1,0,10.316120528726152,OK
861,david_k4,partition,GUROBI,348,90,259,0,0.000684,0.000684,21.744068,21.744752,150,150,0,1,OPTIMAL,NA,NaN,NaN,NaN,NaN,NaN,0,1561,OPTIMAL,0,1,1,0.0,OK
862,games120_k3,partition,ADMM,360,122,239,128.289264,0.120632,128.409896,3471.759101,3600.168997,105,102.077298524727,2.78352521454536,0,TIME_LIMIT,CONVERGED,6384,0.000949146059356784,2.04730587732734,2.53869941350157e-15,1.94981630062976e-07,28978,298166,TIME_LIMIT,0,1,0,2.7835252145457154,OK
863,games120_k3,partition,CB,360,122,239,900.625901,0.068011,900.693912,2699.449956,3600.143868,113,90.2578380331217,20.1258070503348,0,TIME_LIMIT,TIME_LIMIT_WITH_CHECKPOINT,NaN,NaN,NaN,NaN,NaN,21792,13,TIME_LIMIT,0.00722911850339855,1,0,20.125807050334778,OK
864,games120_k3,partition,GUROBI,360,122,239,0,0.000913,0.000913,3600.220628,3600.221541,105,73,30.4761904761905,0,TIME_LIMIT,NA,NaN,NaN,NaN,NaN,NaN,0,274700,TIME_LIMIT,0,1,0,30.476190476190474,OK
865,games120_k4,partition,ADMM,480,123,358,254.039735,0.148501,254.188236,3346.095832,3600.284068,133,114.750598045976,13.7213548526499,0,TIME_LIMIT,CONVERGED,4596,0.000942650549538713,2.31330291741477,6.77777449490496e-15,2.28871110269559e-07,54427,117193,TIME_LIMIT,0,1,0,13.72135485264962,OK
866,games120_k4,partition,CB,480,123,358,900.767594,0.082925,900.850519,2699.287627,3600.138146,478,-22779083.4931923,4765598.63874317,0,TIME_LIMIT,TIME_LIMIT_WITH_CHECKPOINT,NaN,NaN,NaN,NaN,NaN,33534,1,TIME_LIMIT,0.0354954289949872,1,0,4765598.638743159,OK
867,games120_k4,partition,GUROBI,480,123,358,0,0.001032,0.001032,3600.18881,3600.189842,133,71,46.6165413533835,0,TIME_LIMIT,NA,NaN,NaN,NaN,NaN,NaN,0,115791,TIME_LIMIT,0,1,0,46.61654135338346,OK
868,huck_k3,partition,ADMM,222,76,147,23.581001,0.082663,23.663664,127.303145,150.966809,51,50.9999999999998,3.901018941428e-13,1,OPTIMAL,CONVERGED,4239,0.000915630442712884,0.976262008227164,4.05542944159641e-15,2.85077380517435e-07,12135,5099,OPTIMAL,0,1,1,3.901018941428001e-13,OK
869,huck_k3,partition,CB,222,76,147,214.318713,0.046802,214.365515,3385.776293,3600.141808,51,45.1711946029209,11.4290301903511,0,TIME_LIMIT,"1, relative precision criterion satisfied",NaN,NaN,NaN,NaN,NaN,8906,441,TIME_LIMIT,0.0164821075582066,1,0,11.429030190351178,OK
870,huck_k3,partition,GUROBI,222,76,147,0,0.001939,0.001939,0.756918,0.758857,51,51,0,1,OPTIMAL,NA,NaN,NaN,NaN,NaN,NaN,0,77,OPTIMAL,0,1,1,0.0,OK
871,huck_k4,partition,ADMM,296,77,220,20.808099,0.097047,20.905146,30.369018,51.274164,59,59.0000000000004,0,1,OPTIMAL,CONVERGED,1462,0.000891879156841844,0.910195472674241,5.19202675678221e-15,2.40705022223531e-07,23611,474,OPTIMAL,0,1,1,0.0,OK
872,huck_k4,partition,CB,296,77,220,900.601684,0.064036,900.66572,2699.441863,3600.107583,60,56.7329543630796,5.44507606153401,0,TIME_LIMIT,TIME_LIMIT_WITH_CHECKPOINT,NaN,NaN,NaN,NaN,NaN,13522,176,TIME_LIMIT,0.0118756222249667,1,0,5.445076061534,OK
873,huck_k4,partition,GUROBI,296,77,220,0,0.002145,0.002145,1.693068,1.695213,59,59,0,1,OPTIMAL,NA,NaN,NaN,NaN,NaN,NaN,0,97,OPTIMAL,0,1,1,0.0,OK
874,jean_k3,partition,ADMM,240,82,159,32.022141,0.075872,32.098013,150.036305,182.134318,40,40.0000000000003,0,1,OPTIMAL,CONVERGED,4752,0.000943693078194347,0.97157787570983,1.57790510122839e-15,3.28570748122558e-07,13929,5794,OPTIMAL,0,1,1,0.0,OK
875,jean_k3,partition,CB,240,82,159,599.589202,0.050413,599.639615,3000.483684,3600.123299,41,34.1014305689563,16.8257791001065,0,TIME_LIMIT,"1, relative precision criterion satisfied",NaN,NaN,NaN,NaN,NaN,10038,488,TIME_LIMIT,0.0041198118998903,1,0,16.82577910010658,OK
876,jean_k3,partition,GUROBI,240,82,159,0,0.003007,0.003007,1.592657,1.595664,40,40,0,1,OPTIMAL,NA,NaN,NaN,NaN,NaN,NaN,0,392,OPTIMAL,0,1,1,0.0,OK
877,jean_k4,partition,ADMM,320,83,238,44.917988,0.086237,45.004225,3555.165918,3600.170143,51,49.4701378461182,2.99972971349377,0,TIME_LIMIT,CONVERGED,2571,0.00096094476739329,1.02461326165378,2.41671111912552e-15,2.61535258076019e-07,24870,55727,TIME_LIMIT,0,1,0,2.9997297134937275,OK
878,jean_k4,partition,CB,320,83,238,900.657093,0.071006,900.728099,2699.396963,3600.125062,52,42.6318017851776,18.0157657977354,0,TIME_LIMIT,TIME_LIMIT_WITH_CHECKPOINT,NaN,NaN,NaN,NaN,NaN,14464,71,TIME_LIMIT,0.0017335161351989,1,0,18.015765797735384,OK
879,jean_k4,partition,GUROBI,320,83,238,0,0.001162,0.001162,2.698252,2.699414,51,51,0,1,OPTIMAL,NA,NaN,NaN,NaN,NaN,NaN,0,432,OPTIMAL,0,1,1,0.0,OK
880,miles1000_k3,partition,ADMM,384,130,255,66.562327,0.127083,66.68941,1997.102318,2063.791728,1198,1198.00000000001,0,1,OPTIMAL,CONVERGED,2650,0.000971702424420625,2.30503620318779,1.30163512255849e-14,6.24258607895144e-07,34519,26356,OPTIMAL,0,1,1,0.0,OK
881,miles1000_k3,partition,CB,384,130,255,900.700535,0.079039,900.779574,2699.345608,3600.125182,2133,-34215345.6474128,1604194.96706108,0,TIME_LIMIT,TIME_LIMIT_WITH_CHECKPOINT,NaN,NaN,NaN,NaN,NaN,26471,1,TIME_LIMIT,0.0177064423877461,1,0,1604194.9670610784,OK
882,miles1000_k3,partition,GUROBI,384,130,255,0,0.001364,0.001364,3600.121126,3600.12249,1198,922,23.0383973288815,0,TIME_LIMIT,NA,NaN,NaN,NaN,NaN,NaN,0,1815,TIME_LIMIT,0,1,0,23.03839732888147,OK
883,miles1000_k4,partition,ADMM,512,131,382,430.958186,0.209114,431.1673,3169.052753,3600.220053,1539,1504.72860654003,2.22686117348732,0,TIME_LIMIT,CONVERGED,6241,0.00094187830244094,1.87618055661387,6.9952099079129e-15,5.40365182950247e-07,68974,15569,TIME_LIMIT,0,1,0,2.226861173487337,OK
884,miles1000_k4,partition,CB,512,131,382,900.911707,0.082941,900.994648,2699.183709,3600.178357,1557,1430.08729080376,8.151105279142,0,TIME_LIMIT,TIME_LIMIT_WITH_CHECKPOINT,NaN,NaN,NaN,NaN,NaN,38996,7,TIME_LIMIT,0.00258144284915687,1,0,8.151105279141941,OK
885,miles1000_k4,partition,GUROBI,512,131,382,0,0.002035,0.002035,3600.142257,3600.144292,1582,1366,13.653603034134,0,TIME_LIMIT,NA,NaN,NaN,NaN,NaN,NaN,0,426,TIME_LIMIT,0,1,0,13.653603034134008,OK
886,miles1500_k3,partition,ADMM,384,130,255,102.197903,0.129747,102.32765,3069.675814,3172.003464,2700,2699.99730055791,9.99793366005448e-05,1,OPTIMAL,CONVERGED,4200,0.000956961983763831,1.21478457596597,2.37379097379678e-14,6.76790374161669e-07,37460,646292,OPTIMAL,0,1,1,9.997933666791478e-05,OK
887,miles1500_k3,partition,CB,384,130,255,900.634885,0.070932,900.705817,2699.412539,3600.118356,2700,2697.32483534931,0.0990801722476944,0,TIME_LIMIT,TIME_LIMIT_WITH_CHECKPOINT,NaN,NaN,NaN,NaN,NaN,26107,126,TIME_LIMIT,0.0173784794715836,1,0,0.09908017224777857,OK
888,miles1500_k3,partition,GUROBI,384,130,255,0,0.000942,0.000942,3601.436057,3601.436999,2704,441.5,83.6723372781065,0,TIME_LIMIT,NA,NaN,NaN,NaN,NaN,NaN,0,1728676,TIME_LIMIT,0,1,0,83.67233727810651,OK
889,miles1500_k4,partition,ADMM,512,131,382,256.275076,0.239335,256.514411,3343.721716,3600.236127,3231,3230.90009770221,0.00309199312255858,1,TIME_LIMIT,CONVERGED,3741,0.000886579683955956,0.107781612257174,1.48560562319422e-14,3.52411038235818e-07,68077,534843,TIME_LIMIT,0,1,1,0.003091993122558576,OK
890,miles1500_k4,partition,CB,512,131,382,900.767727,0.088184,900.855911,2699.304193,3600.160104,3369,3101.52524384688,7.93929225743893,0,TIME_LIMIT,TIME_LIMIT_WITH_CHECKPOINT,NaN,NaN,NaN,NaN,NaN,38482,6,TIME_LIMIT,0.00433660839114423,1,0,7.939292257438999,OK
891,miles1500_k4,partition,GUROBI,512,131,382,0,0.000893,0.000893,3600.22934,3600.230233,3241,421.5,86.9947547053379,0,TIME_LIMIT,NA,NaN,NaN,NaN,NaN,NaN,0,171140,TIME_LIMIT,0,1,0,86.99475470533785,OK
892,miles250_k3,partition,ADMM,384,130,255,107.72717,0.0996,107.82677,435.279147,543.105917,13,12.9999999999997,2.62354240896037e-12,1,OPTIMAL,CONVERGED,4621,0.000998666443374215,1.01639387068965,3.49447692859066e-15,2.02695028581146e-07,37731,3637,OPTIMAL,0,1,1,2.3092638912203256e-12,OK
893,miles250_k3,partition,CB,384,130,255,900.638123,0.068925,900.707048,2699.479663,3600.186711,13,5.90879066119075,54.5477641446865,0,TIME_LIMIT,TIME_LIMIT_WITH_CHECKPOINT,NaN,NaN,NaN,NaN,NaN,25650,458,TIME_LIMIT,0.0409522331961179,1,0,54.54776414468654,OK
894,miles250_k3,partition,GUROBI,384,130,255,0,0.001749,0.001749,0.685305,0.687054,13,13,0,1,OPTIMAL,NA,NaN,NaN,NaN,NaN,NaN,0,33,OPTIMAL,0,1,1,0.0,OK
895,miles250_k4,partition,ADMM,512,131,382,261.539155,0.197036,261.736191,2911.614752,3173.350943,23,22.9999780371802,9.54905209204565e-05,1,OPTIMAL,CONVERGED,3720,0.00099628942327544,1.23720856880435,4.82130557154597e-15,2.56064414281858e-07,61968,72189,OPTIMAL,0,1,1,9.54905208741168e-05,OK
896,miles250_k4,partition,CB,512,131,382,900.875781,0.090354,900.966135,2699.169379,3600.135514,291,-55398485.1542802,19037380.1217458,0,TIME_LIMIT,TIME_LIMIT_WITH_CHECKPOINT,NaN,NaN,NaN,NaN,NaN,37891,1,TIME_LIMIT,0.169728206225943,1,0,19037380.121745776,OK
897,miles250_k4,partition,GUROBI,512,131,382,0,0.001035,0.001035,3.034668,3.035703,23,23,0,1,OPTIMAL,NA,NaN,NaN,NaN,NaN,NaN,0,207,OPTIMAL,0,1,1,0.0,OK
898,miles500_k3,partition,ADMM,384,130,255,215.720286,0.149342,215.869628,2864.036597,3079.906225,143,143,1.59002570240022e-13,1,OPTIMAL,CONVERGED,8832,0.000933804640964545,3.01067342454778,4.07241623996189e-15,4.54058096083362e-07,35703,69914,OPTIMAL,0,1,1,0.0,OK
899,miles500_k3,partition,CB,384,130,255,900.603456,0.077616,900.681072,2699.457822,3600.138894,770,-9849423.76937775,1279245.94407503,0,TIME_LIMIT,TIME_LIMIT_WITH_CHECKPOINT,NaN,NaN,NaN,NaN,NaN,26657,1,TIME_LIMIT,0.0463365546197827,1,0,1279245.9440750324,OK
900,miles500_k3,partition,GUROBI,384,130,255,0,0.001048,0.001048,1269.049102,1269.05015,143,143,0,1,OPTIMAL,NA,NaN,NaN,NaN,NaN,NaN,0,49639,OPTIMAL,0,1,1,0.0,OK
901,miles500_k4,partition,ADMM,512,131,382,466.196676,0.192575,466.389251,3133.862388,3600.251639,212,195.84281284289,7.62131469674997,0,TIME_LIMIT,CONVERGED,6675,0.000982031948138768,2.628243039283,5.10941300302692e-15,5.16244603515051e-07,59921,27820,TIME_LIMIT,0,1,0,7.621314696750001,OK
902,miles500_k4,partition,CB,512,131,382,900.803571,0.094386,900.897957,2699.26103,3600.158987,415,155.344567558557,62.5675740822754,0,TIME_LIMIT,TIME_LIMIT_WITH_CHECKPOINT,NaN,NaN,NaN,NaN,NaN,42384,1,TIME_LIMIT,0.014233725872924,1,0,62.56757408227542,OK
903,miles500_k4,partition,GUROBI,512,131,382,0,0.001335,0.001335,3600.151681,3600.153016,212,188,11.3207547169811,0,TIME_LIMIT,NA,NaN,NaN,NaN,NaN,NaN,0,62162,TIME_LIMIT,0,1,0,11.320754716981131,OK
904,miles750_k3,partition,ADMM,384,130,255,131.98191,0.127944,132.109854,3468.088934,3600.198788,512,502.088898278468,1.93576205498666,0,TIME_LIMIT,CONVERGED,5639,0.000970662336471612,2.93907480824238,7.12585794266169e-15,5.3572531806596e-07,32884,69646,TIME_LIMIT,0,1,0,1.9357620549867227,OK
905,miles750_k3,partition,CB,384,130,255,900.565645,0.063492,900.629137,2699.488136,3600.117273,1409,-50896020.2813852,3612308.6785937,0,TIME_LIMIT,TIME_LIMIT_WITH_CHECKPOINT,NaN,NaN,NaN,NaN,NaN,27046,1,TIME_LIMIT,0.00943530296499694,1,0,3612308.678593698,OK
906,miles750_k3,partition,GUROBI,384,130,255,0,0.001233,0.001233,3600.147638,3600.148871,521,287,44.9136276391555,0,TIME_LIMIT,NA,NaN,NaN,NaN,NaN,NaN,0,7428,TIME_LIMIT,0,1,0,44.91362763915547,OK
907,miles750_k4,partition,ADMM,512,131,382,508.927286,0.16865,509.095936,3091.090055,3600.185991,725,694.282228855051,4.23693395102746,0,TIME_LIMIT,CONVERGED,7266,0.000971537581402987,2.57674083850797,5.55848108346179e-15,5.04041044859986e-07,62747,14432,TIME_LIMIT,0,1,0,4.236933951027446,OK
908,miles750_k4,partition,CB,512,131,382,900.842783,0.102645,900.945428,2699.201764,3600.147192,1579,-107214791.738536,6790143.80864698,0,TIME_LIMIT,TIME_LIMIT_WITH_CHECKPOINT,NaN,NaN,NaN,NaN,NaN,41632,1,TIME_LIMIT,0.00371770058022958,1,0,6790143.808646992,OK
909,miles750_k4,partition,GUROBI,512,131,382,0,0.001723,0.001723,3600.157771,3600.159494,725,542,25.2413793103448,0,TIME_LIMIT,NA,NaN,NaN,NaN,NaN,NaN,0,1684,TIME_LIMIT,0,1,0,25.24137931034483,OK
910,mulsol.i.1_k3,partition,ADMM,591,199,393,819.580984,0.238906,819.81989,497.247457,1317.067347,450,450.000000000087,0,1,OPTIMAL,ITERATION_LIMIT,10000,0.00286772767560865,0.503349130216382,2.39453906348169e-14,4.54578025217937e-07,142078,7,OPTIMAL,0,1,1,0.0,OK
911,mulsol.i.1_k3,partition,CB,591,199,393,900.931498,0.117359,901.048857,2699.157778,3600.206635,1544,158.76916859505,89.7170227593879,0,TIME_LIMIT,TIME_LIMIT_WITH_CHECKPOINT,NaN,NaN,NaN,NaN,NaN,67731,1,TIME_LIMIT,0.0167399198631686,1,0,89.71702275938796,OK
912,mulsol.i.1_k3,partition,GUROBI,591,199,393,0,0.001876,0.001876,708.949828,708.951704,450,450,0,1,OPTIMAL,NA,NaN,NaN,NaN,NaN,NaN,0,84285,OPTIMAL,0,1,1,0.0,OK
913,mulsol.i.1_k4,partition,ADMM,788,200,589,900.113985,0.350434,900.464419,2699.980309,3600.444728,2661,1250.62504179744,53.0016895228319,0,TIME_LIMIT,TIME_LIMIT,4023,0.00904665950286462,0.263385560677421,4.02956860579164e-14,3.16540402584035e-07,176664,4,TIME_LIMIT,0,1,0,53.001689522832024,OK
914,mulsol.i.1_k4,partition,CB,788,200,589,901.365614,0.138246,901.50386,2698.675449,3600.179309,2899,-214437688.914362,7397053.73971583,0,TIME_LIMIT,TIME_LIMIT_WITH_CHECKPOINT,NaN,NaN,NaN,NaN,NaN,78400,1,TIME_LIMIT,0.0114432453067851,1,0,7397053.739715834,OK
915,mulsol.i.1_k4,partition,GUROBI,788,200,589,0,0.00152,0.00152,3600.13023,3600.13175,1551,967,37.6531270148291,0,TIME_LIMIT,NA,NaN,NaN,NaN,NaN,NaN,0,910,TIME_LIMIT,0,1,0,37.653127014829145,OK
916,mulsol.i.2_k3,partition,ADMM,564,190,375,506.902494,0.236078,507.138572,113.681493,620.820065,1176,1175.99999999999,5.41365893912457e-13,1,OPTIMAL,CONVERGED,7409,0.000978545187293862,0.734636114467975,1.4934160368788e-14,6.62573860627395e-07,90951,57,OPTIMAL,0,1,1,8.507178332910043e-13,OK
917,mulsol.i.2_k3,partition,CB,564,190,375,900.931767,0.114177,901.045944,2703.462177,3604.508121,2558,-87693245.4162735,3428295.6769458,0,TIME_LIMIT,TIME_LIMIT_WITH_CHECKPOINT,NaN,NaN,NaN,NaN,NaN,57690,1,TIME_LIMIT,0.11145780262011,1,0,3428295.6769457976,OK
918,mulsol.i.2_k3,partition,GUROBI,564,190,375,0,0.000942,0.000942,3600.159394,3600.160336,1195,995,16.7364016736402,0,TIME_LIMIT,NA,NaN,NaN,NaN,NaN,NaN,0,1825,TIME_LIMIT,0,1,0,16.736401673640167,OK
919,mulsol.i.2_k4,partition,ADMM,752,191,562,900.043442,0.3586,900.402042,2700.185606,3600.587648,1793,1718.17367776916,4.17324719636573,0,TIME_LIMIT,TIME_LIMIT,4442,0.0342377910609484,1.03555338073577,1.68246847719995e-14,5.1541648732585e-07,154180,1010,TIME_LIMIT,0,1,0,4.173247196365873,OK
920,mulsol.i.2_k4,partition,CB,752,191,562,901.375034,0.135642,901.510676,2698.674702,3600.185378,2983,-206923842.336246,6936869.77325666,0,TIME_LIMIT,TIME_LIMIT_WITH_CHECKPOINT,NaN,NaN,NaN,NaN,NaN,71434,1,TIME_LIMIT,0.0207317985694402,1,0,6936869.773256656,OK
921,mulsol.i.2_k4,partition,GUROBI,752,191,562,0,0.001269,0.001269,3600.166567,3600.167836,1812,1476,18.5430463576159,0,TIME_LIMIT,NA,NaN,NaN,NaN,NaN,NaN,0,824,TIME_LIMIT,0,1,0,18.543046357615893,OK
922,mulsol.i.3_k3,partition,ADMM,552,186,367,572.81006,0.23828,573.04834,587.275463,1160.323803,1240,1239.9991461054,6.88624674415722e-05,1,OPTIMAL,CONVERGED,8111,0.000937969757874137,0.813439397695823,1.60741438383013e-14,7.94857342611327e-07,89221,821,OPTIMAL,0,1,1,6.886246773495757e-05,OK
923,mulsol.i.3_k3,partition,CB,552,186,367,900.894992,0.104195,900.999187,2699.172288,3600.171475,2594,-198728524.864806,7661184.22763323,0,TIME_LIMIT,TIME_LIMIT_WITH_CHECKPOINT,NaN,NaN,NaN,NaN,NaN,53792,1,TIME_LIMIT,0.130146299062398,1,0,7661184.22763323,OK
924,mulsol.i.3_k3,partition,GUROBI,552,186,367,0,0.000961,0.000961,3600.128267,3600.129228,1240,1042,15.9677419354839,0,TIME_LIMIT,NA,NaN,NaN,NaN,NaN,NaN,0,1841,TIME_LIMIT,0,1,0,15.96774193548387,OK
925,mulsol.i.3_k4,partition,ADMM,736,187,550,900.134027,0.286506,900.420533,2699.880608,3600.301141,1841,1776.37431342852,3.51035777140042,0,TIME_LIMIT,TIME_LIMIT,5181,0.0411021643764813,1.05312427200187,2.74934571017288e-14,4.57430850332235e-07,149857,1640,TIME_LIMIT,0,1,0,3.510357771400323,OK
926,mulsol.i.3_k4,partition,CB,736,187,550,901.30443,0.120791,901.425221,2698.813478,3600.238699,2244,768.0256219016,65.7742592735472,0,TIME_LIMIT,TIME_LIMIT_WITH_CHECKPOINT,NaN,NaN,NaN,NaN,NaN,68442,1,TIME_LIMIT,0.656610948165214,1,0,65.77425927354723,OK
927,mulsol.i.3_k4,partition,GUROBI,736,187,550,0,0.00106,0.00106,3600.137722,3600.138782,1846,1543,16.4138678223185,0,TIME_LIMIT,NA,NaN,NaN,NaN,NaN,NaN,0,806,TIME_LIMIT,0,1,0,16.413867822318526,OK
928,mulsol.i.4_k3,partition,ADMM,555,187,369,498.705084,0.238888,498.943972,377.877593,876.821565,1244,1243.99967407523,2.61997404710241e-05,1,OPTIMAL,CONVERGED,7146,0.000987872940650162,0.79558385190925,1.34572447480976e-14,7.77242017723591e-07,89486,648,OPTIMAL,0,1,1,2.6199740361358386e-05,OK
929,mulsol.i.4_k3,partition,CB,555,187,369,900.866691,0.102619,900.96931,2699.226364,3600.195674,2613,-69719615.9393436,2668282.77609428,0,TIME_LIMIT,TIME_LIMIT_WITH_CHECKPOINT,NaN,NaN,NaN,NaN,NaN,54884,1,TIME_LIMIT,0.181204385973908,1,0,2668282.7760942825,OK
930,mulsol.i.4_k3,partition,GUROBI,555,187,369,0,0.000981,0.000981,3600.161059,3600.16204,1244,1062,14.6302250803859,0,TIME_LIMIT,NA,NaN,NaN,NaN,NaN,NaN,0,1529,TIME_LIMIT,0,1,0,14.630225080385852,OK
931,mulsol.i.4_k4,partition,ADMM,740,188,553,900.085324,0.313053,900.398377,2699.999657,3600.398034,1871,1801.8432733562,3.69624407502918,0,TIME_LIMIT,TIME_LIMIT,4548,0.0120779305274528,0.499628021609067,3.40033258314193e-14,4.68349962327055e-07,151718,883,TIME_LIMIT,0,1,0,3.6962440750294006,OK
932,mulsol.i.4_k4,partition,CB,740,188,553,901.416329,0.133502,901.549831,2698.661687,3600.211518,2036,779.048064178296,61.7363426238558,0,TIME_LIMIT,TIME_LIMIT_WITH_CHECKPOINT,NaN,NaN,NaN,NaN,NaN,69946,1,TIME_LIMIT,0.789982777580439,1,0,61.73634262385579,OK
933,mulsol.i.4_k4,partition,GUROBI,740,188,553,0,0.000861,0.000861,3600.152238,3600.153099,1906,1529,19.7796432318993,0,TIME_LIMIT,NA,NaN,NaN,NaN,NaN,NaN,0,752,TIME_LIMIT,0,1,0,19.779643231899264,OK
934,mulsol.i.5_k3,partition,ADMM,558,188,371,748.924789,0.240711,749.1655,1049.652701,1798.818201,1260,1260,0,1,OPTIMAL,ITERATION_LIMIT,10000,0.00831273060832432,0.813596224992473,2.91054374376083e-14,7.56927986172622e-07,91816,1262,OPTIMAL,0,1,1,0.0,OK
935,mulsol.i.5_k3,partition,CB,558,188,371,900.843403,0.099697,900.9431,2699.233193,3600.176293,1338,907.808668627072,32.1518184882607,0,TIME_LIMIT,TIME_LIMIT_WITH_CHECKPOINT,NaN,NaN,NaN,NaN,NaN,52170,1,TIME_LIMIT,0.00044913064323309,1,0,32.15181848826069,OK
936,mulsol.i.5_k3,partition,GUROBI,558,188,371,0,0.001141,0.001141,3600.153494,3600.154635,1267,1083,14.5224940805051,0,TIME_LIMIT,NA,NaN,NaN,NaN,NaN,NaN,0,1978,TIME_LIMIT,0,1,0,14.52249408050513,OK
937,mulsol.i.5_k4,partition,ADMM,744,189,556,900.06818,0.296319,900.364499,2700.006204,3600.370703,1856,1817.43510359455,2.07785002184518,0,TIME_LIMIT,TIME_LIMIT,5094,0.00916864043894074,0.49089969758101,3.13914027246822e-14,4.41353655390777e-07,152841,1139,TIME_LIMIT,0,1,0,2.077850021845372,OK
938,mulsol.i.5_k4,partition,CB,744,189,556,901.27177,0.133914,901.405684,2698.813737,3600.219421,3066,-712961529.004178,23253900.6850678,0,TIME_LIMIT,TIME_LIMIT_WITH_CHECKPOINT,NaN,NaN,NaN,NaN,NaN,101006,1,TIME_LIMIT,0.0414996892912822,1,0,23253900.685067777,OK
939,mulsol.i.5_k4,partition,GUROBI,744,189,556,0,0.004303,0.004303,3600.317019,3600.321322,1881,1548,17.7033492822966,0,TIME_LIMIT,NA,NaN,NaN,NaN,NaN,NaN,0,784,TIME_LIMIT,0,1,0,17.70334928229665,OK
940,myciel3_k3,partition,ADMM,33,13,21,0.123276,0.204349,0.327625,0.339591,0.667216,10,9.99999849028966,1.50971034429404e-05,1,OPTIMAL,CONVERGED,279,0.000929041574103238,0.177829557256419,1.4938152380005e-15,4.19964296596981e-08,241,81,OPTIMAL,0,1,1,1.5097103407413215e-05,OK
941,myciel3_k3,partition,CB,33,13,21,9.63568,0.090542,9.726222,0.485172,10.211394,10,10.0000000000005,0,1,OPTIMAL,"64, limit of calls to evaluation oracle exceeded",NaN,NaN,NaN,NaN,NaN,196,65,OPTIMAL,0,1,1,0.0,OK
942,myciel3_k3,partition,GUROBI,33,13,21,0,0.004374,0.004374,0.367275,0.371649,10,10,0,1,OPTIMAL,NA,NaN,NaN,NaN,NaN,NaN,0,27,OPTIMAL,0,1,1,0.0,OK
943,myciel3_k4,partition,ADMM,44,14,31,0.146427,0.174664,0.321091,1.429942,1.751033,13,12.999999192353,6.21266955829032e-06,1,OPTIMAL,CONVERGED,184,0.000861524367339596,-0.0885248288455845,1.38757663395463e-15,4.28553913004836e-08,470,5769,OPTIMAL,0,1,1,6.212669230347518e-06,OK
944,myciel3_k4,partition,CB,44,14,31,17.523048,0.084874,17.607922,4.338132,21.946054,13,12.9999895091486,8.06988571146515e-05,1,OPTIMAL,"64, limit of calls to evaluation oracle exceeded",NaN,NaN,NaN,NaN,NaN,286,7450,OPTIMAL,0,1,1,8.06988569233515e-05,OK
945,myciel3_k4,partition,GUROBI,44,14,31,0,0.004215,0.004215,0.440889,0.445104,13,13,0,1,OPTIMAL,NA,NaN,NaN,NaN,NaN,NaN,0,100,OPTIMAL,0,1,1,0.0,OK
946,myciel4_k3,partition,ADMM,69,25,45,0.469773,0.059831,0.529604,22.55035,23.079954,37,37,5.76115731697379e-14,1,OPTIMAL,CONVERGED,824,0.000933311156520362,0.460623705427141,1.31427356518664e-15,9.82073368580048e-08,1004,125520,OPTIMAL,0,1,1,0.0,OK
947,myciel4_k3,partition,CB,69,25,45,5.585841,0.0409,5.626741,303.494271,309.121012,37,36.9999999999762,6.43713310883204e-11,1,OPTIMAL,"1, relative precision criterion satisfied",NaN,NaN,NaN,NaN,NaN,828,148416,OPTIMAL,0,1,1,6.433292337287393e-11,OK
948,myciel4_k3,partition,GUROBI,69,25,45,0,0.000981,0.000981,3.518571,3.519552,37,37,0,1,OPTIMAL,NA,NaN,NaN,NaN,NaN,NaN,0,6988,OPTIMAL,0,1,1,0.0,OK
949,myciel4_k4,partition,ADMM,92,26,67,0.554816,0.064632,0.619448,358.835003,359.454451,42,41.9999674208128,7.75694933471035e-05,1,OPTIMAL,CONVERGED,468,0.000865876498800658,0.424725949011941,1.70870117141335e-15,9.70245904066725e-08,1746,1002250,OPTIMAL,0,1,1,7.756949333018579e-05,OK
950,myciel4_k4,partition,CB,92,26,67,65.058296,0.042617,65.100913,2201.22284,2266.323753,42,41.999964397192,8.4768590572334e-05,1,OPTIMAL,"64, limit of calls to evaluation oracle exceeded",NaN,NaN,NaN,NaN,NaN,1147,982170,OPTIMAL,0,1,1,8.476859047082794e-05,OK
951,myciel4_k4,partition,GUROBI,92,26,67,0,0.000903,0.000903,10.852386,10.853289,42,42,0,1,OPTIMAL,NA,NaN,NaN,NaN,NaN,NaN,0,14438,OPTIMAL,0,1,1,0.0,OK
952,myciel5_k3,partition,ADMM,141,49,93,4.727847,0.061482,4.789329,3597.6011,3602.390429,122,118.259072390769,3.06633410592679,0,TIME_LIMIT,CONVERGED,2359,0.000955312168282171,0.752401073428217,1.99507143953421e-15,2.02882157619617e-07,4304,6106286,TIME_LIMIT,0,1,0,3.066334105927044,OK
953,myciel5_k3,partition,CB,141,49,93,76.447161,0.043447,76.490608,3523.657157,3600.147765,122,115.568897439706,5.27139554122463,0,TIME_LIMIT,"1, relative precision criterion satisfied",NaN,NaN,NaN,NaN,NaN,3383,58042,TIME_LIMIT,0,1,0,5.271395541224585,OK
954,myciel5_k3,partition,GUROBI,141,49,93,0,0.00082,0.00082,3600.723362,3600.724182,122,110,9.83606557377049,0,TIME_LIMIT,NA,NaN,NaN,NaN,NaN,NaN,0,3191944,TIME_LIMIT,0,1,0,9.836065573770492,OK
955,myciel5_k4,partition,ADMM,188,50,139,9.319653,0.062931,9.382584,3592.322864,3601.705448,139,131.614178752271,5.31354046599185,0,TIME_LIMIT,CONVERGED,2006,0.00093042499708177,0.817663462675868,1.6838862254349e-15,2.21084606889259e-07,7988,2653097,TIME_LIMIT,0,1,0,5.313540465992095,OK
956,myciel5_k4,partition,CB,188,50,139,821.154063,0.041698,821.195761,2778.914496,3600.110257,141,130.092236794549,7.73600227336965,0,TIME_LIMIT,"64, limit of calls to evaluation oracle exceeded",NaN,NaN,NaN,NaN,NaN,4603,16958,TIME_LIMIT,0,1,0,7.7360022733695075,OK
957,myciel5_k4,partition,GUROBI,188,50,139,0,0.001512,0.001512,3600.730972,3600.732484,140,110,21.4285714285714,0,TIME_LIMIT,NA,NaN,NaN,NaN,NaN,NaN,0,1002287,TIME_LIMIT,0,1,0,21.428571428571427,OK
958,myciel6_k3,partition,ADMM,285,97,189,55.299905,0.113001,55.412906,3545.38368,3600.796586,390,367.681286501493,5.7227470508992,0,TIME_LIMIT,CONVERGED,5156,0.000965148111404944,1.19669876527273,6.58182762602025e-15,4.13106621508021e-07,18602,916542,TIME_LIMIT,0,1,0,5.722747050899233,OK
959,myciel6_k3,partition,CB,285,97,189,900.457956,0.055797,900.513753,2699.646176,3600.159929,395,363.289118282612,8.02807132085773,0,TIME_LIMIT,TIME_LIMIT_WITH_CHECKPOINT,NaN,NaN,NaN,NaN,NaN,13679,524,TIME_LIMIT,0,1,0,8.028071320857727,OK
960,myciel6_k3,partition,GUROBI,285,97,189,0,0.001046,0.001046,3600.407597,3600.408643,394,205,47.9695431472081,0,TIME_LIMIT,NA,NaN,NaN,NaN,NaN,NaN,0,356139,TIME_LIMIT,0,1,0,47.96954314720812,OK
961,myciel6_k4,partition,ADMM,380,98,283,130.51277,0.118512,130.631282,3469.804127,3600.435409,449,413.994666850915,7.79628800647778,0,TIME_LIMIT,CONVERGED,4368,0.000990828687702829,1.32622762884502,1.03393875971205e-14,4.58310958636102e-07,33616,344896,TIME_LIMIT,0,1,0,7.796288006477729,OK
962,myciel6_k4,partition,CB,380,98,283,900.581877,0.064117,900.645994,2699.504305,3600.150299,453,412.078446275496,9.03345556832309,0,TIME_LIMIT,TIME_LIMIT_WITH_CHECKPOINT,NaN,NaN,NaN,NaN,NaN,18430,8,TIME_LIMIT,0,1,0,9.03345556832318,OK
963,myciel6_k4,partition,GUROBI,380,98,283,0,0.001232,0.001232,3600.179655,3600.180887,454,216,52.4229074889868,0,TIME_LIMIT,NA,NaN,NaN,NaN,NaN,NaN,0,89437,TIME_LIMIT,0,1,0,52.42290748898679,OK
964,myciel7_k3,partition,ADMM,573,193,381,824.951448,0.304339,825.255787,2775.251933,3600.50772,1222,1127.53831075595,7.73008913617428,0,TIME_LIMIT,ITERATION_LIMIT,10000,0.0132903279182475,1.90495997367642,7.90267867001659e-15,8.33714704343029e-07,81494,86406,TIME_LIMIT,0,1,0,7.730089136174298,OK
965,myciel7_k3,partition,CB,573,193,381,901.271322,0.123449,901.394771,2698.872257,3600.267028,1616,-16148958.3754962,999416.731156946,0,TIME_LIMIT,TIME_LIMIT_WITH_CHECKPOINT,NaN,NaN,NaN,NaN,NaN,55014,1,TIME_LIMIT,0.000270518804141244,1,0,999416.731156943,OK
966,myciel7_k3,partition,GUROBI,573,193,381,0,0.002364,0.002364,3600.236702,3600.239066,1253,356,71.5881883479649,0,TIME_LIMIT,NA,NaN,NaN,NaN,NaN,NaN,0,66991,TIME_LIMIT,0,1,0,71.58818834796489,OK
967,myciel7_k4,partition,ADMM,764,194,571,900.199201,0.346196,900.545397,2699.893361,3600.438758,1395,1268.8307599274,9.04438996936184,0,TIME_LIMIT,TIME_LIMIT,4034,0.0117145015956756,2.23718438562672,1.32805592940168e-14,9.38749022904065e-07,140953,45988,TIME_LIMIT,0,1,0,9.044389969362,OK
968,myciel7_k4,partition,CB,764,194,571,901.703664,0.152199,901.855863,2698.343105,3600.198968,2000,-38662232.8129345,1933211.64064672,0,TIME_LIMIT,TIME_LIMIT_WITH_CHECKPOINT,NaN,NaN,NaN,NaN,NaN,73720,1,TIME_LIMIT,6.9779235798553e-05,1,0,1933211.6406467252,OK
969,myciel7_k4,partition,GUROBI,764,194,571,0,0.00251,0.00251,3600.185852,3600.188362,1417,397,71.9830628087509,0,TIME_LIMIT,NA,NaN,NaN,NaN,NaN,NaN,0,10318,TIME_LIMIT,0,1,0,71.98306280875089,OK
970,queen10_10_k3,partition,ADMM,300,102,199,67.639426,0.112758,67.752184,3532.604254,3600.356438,714,689.86987131216,3.3795698442353,0,TIME_LIMIT,CONVERGED,5220,0.000912706167958133,1.99753506309348,7.44816507065179e-15,3.31298078251714e-07,20870,271035,TIME_LIMIT,0,1,0,3.379569844235302,OK
971,queen10_10_k3,partition,CB,300,102,199,900.898157,0.079432,900.977589,2699.172229,3600.149818,724,681.461384004583,5.87549944688074,0,TIME_LIMIT,TIME_LIMIT_WITH_CHECKPOINT,NaN,NaN,NaN,NaN,NaN,15149,316,TIME_LIMIT,0,1,0,5.8754994468807995,OK
972,queen10_10_k3,partition,GUROBI,300,102,199,0,0.002562,0.002562,3600.245804,3600.248366,734,128,82.5613079019074,0,TIME_LIMIT,NA,NaN,NaN,NaN,NaN,NaN,0,53067,TIME_LIMIT,0,1,0,82.56130790190736,OK
973,queen10_10_k4,partition,ADMM,400,103,298,111.69599,0.12256,111.81855,3488.49981,3600.31836,830,800.119788591852,3.60002547086121,0,TIME_LIMIT,CONVERGED,3310,0.000980334553157867,2.10164585940789,8.4048652448017e-15,3.66857015774212e-07,37529,156691,TIME_LIMIT,0,1,0,3.600025470861212,OK
974,queen10_10_k4,partition,CB,400,103,298,900.983995,0.082427,901.066422,2699.064726,3600.131148,850,796.025386433583,6.34995453722556,0,TIME_LIMIT,TIME_LIMIT_WITH_CHECKPOINT,NaN,NaN,NaN,NaN,NaN,20400,42,TIME_LIMIT,0,1,0,6.349954537225532,OK
975,queen10_10_k4,partition,GUROBI,400,103,298,0,0.002235,0.002235,3600.171372,3600.173607,850,278,67.2941176470588,0,TIME_LIMIT,NA,NaN,NaN,NaN,NaN,NaN,0,1420,TIME_LIMIT,0,1,0,67.29411764705883,OK
976,queen11_11_k3,partition,ADMM,363,123,241,110.532985,0.11856,110.651545,3489.634953,3600.286498,954,916.455080263903,3.93552617778789,0,TIME_LIMIT,CONVERGED,5301,0.000920930678104708,2.24873669301341,5.29171395431696e-15,3.86119203519327e-07,31136,146333,TIME_LIMIT,0,1,0,3.9355261777879424,OK
977,queen11_11_k3,partition,CB,363,123,241,900.809733,0.07807,900.887803,2699.244538,3600.132341,980,-10820237.8763653,1104205.90575157,0,TIME_LIMIT,TIME_LIMIT_WITH_CHECKPOINT,NaN,NaN,NaN,NaN,NaN,22141,1,TIME_LIMIT,0,1,0,1104205.905751561,OK
978,queen11_11_k3,partition,GUROBI,363,123,241,0,0.001221,0.001221,3600.143794,3600.145015,973,119,87.7697841726619,0,TIME_LIMIT,NA,NaN,NaN,NaN,NaN,NaN,0,29882,TIME_LIMIT,0,1,0,87.76978417266187,OK
979,queen11_11_k4,partition,ADMM,484,124,361,217.707798,0.17854,217.886338,3382.43935,3600.325688,1108,1064.27051082527,3.94670479916312,0,TIME_LIMIT,CONVERGED,3708,0.000986924881350834,2.4063328875486,6.65596065927172e-15,4.3473494111517e-07,55158,68475,TIME_LIMIT,0,1,0,3.946704799163349,OK
980,queen11_11_k4,partition,CB,484,124,361,900.830905,0.079004,900.909909,2699.232412,3600.142321,1143,-33749931.8340718,2952849.94173857,0,TIME_LIMIT,TIME_LIMIT_WITH_CHECKPOINT,NaN,NaN,NaN,NaN,NaN,29851,1,TIME_LIMIT,0.000226602408345579,1,0,2952849.941738565,OK
981,queen11_11_k4,partition,GUROBI,484,124,361,0,0.001018,0.001018,3600.109801,3600.110819,1123,233,79.2520035618878,0,TIME_LIMIT,NA,NaN,NaN,NaN,NaN,NaN,0,1975,TIME_LIMIT,0,1,0,79.2520035618878,OK
982,queen12_12_k3,partition,ADMM,432,146,287,242.932641,0.139012,243.071653,3357.168218,3600.239871,1216,1186.77284754313,2.40354872178193,0,TIME_LIMIT,CONVERGED,7114,0.000945458725297287,2.58566996289476,7.3198282157961e-15,4.33503771167098e-07,44176,97826,TIME_LIMIT,0,1,0,2.403548721782076,OK
983,queen12_12_k3,partition,CB,432,146,287,901.075965,0.082577,901.158542,2699.053229,3600.211771,1216,-8066216.09753101,663440.13959959,0,TIME_LIMIT,TIME_LIMIT_WITH_CHECKPOINT,NaN,NaN,NaN,NaN,NaN,31317,1,TIME_LIMIT,2.28316569408366e-07,1,0,663440.1395995896,OK
984,queen12_12_k3,partition,GUROBI,432,146,287,0,0.000981,0.000981,3600.153111,3600.154092,1216,130,89.3092105263158,0,TIME_LIMIT,NA,NaN,NaN,NaN,NaN,NaN,0,20096,TIME_LIMIT,0,1,0,89.3092105263158,OK
985,queen12_12_k4,partition,ADMM,576,147,430,470.256449,0.226152,470.482601,3129.814057,3600.296658,1404,1380.13018042084,1.70012959965525,0,TIME_LIMIT,CONVERGED,4915,0.000961229514087954,2.78735908205598,7.81823652489804e-15,4.80797694517552e-07,78656,38765,TIME_LIMIT,0,1,0,1.7001295996552774,OK
986,queen12_12_k4,partition,CB,576,147,430,901.370802,0.121009,901.491811,2698.734512,3600.226323,1404,1354.11420020119,3.55311964378968,0,TIME_LIMIT,TIME_LIMIT_WITH_CHECKPOINT,NaN,NaN,NaN,NaN,NaN,44470,1,TIME_LIMIT,0.00165683582151023,1,0,3.553119643789887,OK
987,queen12_12_k4,partition,GUROBI,576,147,430,0,0.001088,0.001088,3600.171616,3600.172704,1404,155,88.960113960114,0,TIME_LIMIT,NA,NaN,NaN,NaN,NaN,NaN,0,2986,TIME_LIMIT,0,1,0,88.96011396011396,OK
988,queen13_13_k3,partition,ADMM,507,171,337,344.894561,0.20401,345.098571,3255.163357,3600.261928,1574,1504.98145079277,4.38491418089106,0,TIME_LIMIT,CONVERGED,6947,0.000961036408409201,2.85213370142427,7.42096349460048e-15,4.96662344897218e-07,63495,68144,TIME_LIMIT,0,1,0,4.384914180891364,OK
989,queen13_13_k3,partition,CB,507,171,337,901.16968,0.096868,901.266548,2698.893462,3600.16001,1612,-10332254.0474935,641058.687809767,0,TIME_LIMIT,TIME_LIMIT_WITH_CHECKPOINT,NaN,NaN,NaN,NaN,NaN,43093,1,TIME_LIMIT,0.000257415438071684,1,0,641058.6878097705,OK
990,queen13_13_k3,partition,GUROBI,507,171,337,0,0.001354,0.001354,3600.105677,3600.107031,1603,89,94.4479101684342,0,TIME_LIMIT,NA,NaN,NaN,NaN,NaN,NaN,0,11036,TIME_LIMIT,0,1,0,94.44791016843419,OK
991,queen13_13_k4,partition,ADMM,676,172,505,769.777752,0.293927,770.071679,2830.228661,3600.30034,1840,1752.79480710452,4.73941265736313,0,TIME_LIMIT,CONVERGED,5199,0.000948189638406239,3.11993891771397,1.04674754461601e-14,5.51312232419172e-07,114546,26777,TIME_LIMIT,0,1,0,4.739412657363041,OK
992,queen13_13_k4,partition,CB,676,172,505,901.000063,0.121256,901.121319,2699.045764,3600.167083,1881,-72755472.2483142,3868014.5267578,0,TIME_LIMIT,TIME_LIMIT_WITH_CHECKPOINT,NaN,NaN,NaN,NaN,NaN,62029,1,TIME_LIMIT,0.00214628056579577,1,0,3868014.526757799,OK
993,queen13_13_k4,partition,GUROBI,676,172,505,0,0.001074,0.001074,3600.122617,3600.123691,1849,106,94.2671714440238,0,TIME_LIMIT,NA,NaN,NaN,NaN,NaN,NaN,0,5145,TIME_LIMIT,0,1,0,94.2671714440238,OK
994,queen14_14_k3,partition,ADMM,588,198,391,592.642715,0.226566,592.869281,3007.443044,3600.312325,1957,1874.54255223114,4.21346181751982,0,TIME_LIMIT,CONVERGED,7694,0.000922436368672345,3.18529570643034,1.11259934219099e-14,5.34418774021509e-07,85745,35409,TIME_LIMIT,0,1,0,4.213461817519673,OK
995,queen14_14_k3,partition,CB,588,198,391,900.926009,0.104031,901.03004,2699.147175,3600.177215,2005,-13747313.7287505,685751.557543664,0,TIME_LIMIT,TIME_LIMIT_WITH_CHECKPOINT,NaN,NaN,NaN,NaN,NaN,57949,1,TIME_LIMIT,0,1,0,685751.5575436659,OK
996,queen14_14_k3,partition,GUROBI,588,198,391,0,0.000949,0.000949,3600.105436,3600.106385,1998,87,95.6456456456456,0,TIME_LIMIT,NA,NaN,NaN,NaN,NaN,NaN,0,9323,TIME_LIMIT,0,1,0,95.64564564564564,OK
997,queen14_14_k4,partition,ADMM,784,199,586,900.192204,0.434651,900.626855,2699.782362,3600.409217,2310,2156.35977934308,6.65109180332997,0,TIME_LIMIT,TIME_LIMIT,3988,0.0216465739244869,3.51273631813419,1.17579077329002e-14,6.02072629140409e-07,154195,19064,TIME_LIMIT,0,1,0,6.651091803329873,OK
998,queen14_14_k4,partition,CB,784,199,586,901.467086,0.151368,901.618454,2698.576582,3600.195036,2310,-19923921.4926869,862607.42392584,0,TIME_LIMIT,TIME_LIMIT_WITH_CHECKPOINT,NaN,NaN,NaN,NaN,NaN,77610,1,TIME_LIMIT,0.00554872668206826,1,0,862607.4239258398,OK
999,queen14_14_k4,partition,GUROBI,784,199,586,0,0.00084,0.00084,3600.142186,3600.143026,2310,81,96.4935064935065,0,TIME_LIMIT,NA,NaN,NaN,NaN,NaN,NaN,0,4743,TIME_LIMIT,0,1,0,96.49350649350649,OK
1000,queen15_15_k3,partition,ADMM,675,227,449,900.12678,0.285642,900.412422,2699.8498,3600.262222,2375,2303.19055752905,3.02355547246095,0,TIME_LIMIT,TIME_LIMIT,7672,0.00220945480285917,3.52087984714888,8.67666808226442e-15,5.95447335055948e-07,113187,19442,TIME_LIMIT,0,1,0,3.023555472461062,OK
1001,queen15_15_k3,partition,CB,675,227,449,901.519066,0.126412,901.645478,2698.585766,3600.231244,2375,-11589240.7441746,488068.031333669,0,TIME_LIMIT,TIME_LIMIT_WITH_CHECKPOINT,NaN,NaN,NaN,NaN,NaN,76272,1,TIME_LIMIT,0,1,0,488068.03133366734,OK
1002,queen15_15_k3,partition,GUROBI,675,227,449,0,0.000982,0.000982,3600.124953,3600.125935,2375,82,96.5473684210526,0,TIME_LIMIT,NA,NaN,NaN,NaN,NaN,NaN,0,7051,TIME_LIMIT,0,1,0,96.54736842105264,OK
1003,queen15_15_k4,partition,ADMM,900,228,673,900.264641,0.46409,900.728731,2699.685481,3600.414212,2834,2629.41050950509,7.2191069334829,0,TIME_LIMIT,TIME_LIMIT,2761,0.0546478558826004,4.64307291778441,1.40334117042276e-14,6.75600929590969e-07,202704,21941,TIME_LIMIT,0,1,0,7.219106933483063,OK
1004,queen15_15_k4,partition,CB,900,228,673,901.740248,0.184213,901.924461,2698.29679,3600.221251,2864,-24333291.3835362,849726.095793863,0,TIME_LIMIT,TIME_LIMIT_WITH_CHECKPOINT,NaN,NaN,NaN,NaN,NaN,102144,1,TIME_LIMIT,0.00742187768371345,1,0,849726.0957938618,OK
1005,queen15_15_k4,partition,GUROBI,900,228,673,0,0.002276,0.002276,3600.159001,3600.161277,2849,46,98.3853983853984,0,TIME_LIMIT,NA,NaN,NaN,NaN,NaN,NaN,0,3480,TIME_LIMIT,0,1,0,98.38539838539839,OK
1006,queen16_16_k3,partition,ADMM,768,258,511,900.057624,0.365401,900.423025,2699.906545,3600.32957,2931,2670.88384895138,8.87465544348765,0,TIME_LIMIT,TIME_LIMIT,4959,0.0276127350278913,4.02783056375846,1.06983615741243e-14,6.70510501713777e-07,146170,16338,TIME_LIMIT,0,1,0,8.874655443487544,OK
1007,queen16_16_k3,partition,CB,768,258,511,901.37604,0.158212,901.534252,2698.696533,3600.230785,2985,-13098532.9164287,438911.822995936,0,TIME_LIMIT,TIME_LIMIT_WITH_CHECKPOINT,NaN,NaN,NaN,NaN,NaN,98685,1,TIME_LIMIT,0.0234081422504859,1,0,438911.8229959363,OK
1008,queen16_16_k3,partition,GUROBI,768,258,511,0,0.001906,0.001906,3600.115585,3600.117491,2978,79,97.3472128945601,0,TIME_LIMIT,NA,NaN,NaN,NaN,NaN,NaN,0,4874,TIME_LIMIT,0,1,0,97.3472128945601,OK
1009,queen16_16_k4,partition,ADMM,1024,259,766,900.440445,0.68876,901.129205,2699.332008,3600.461213,3328,3212.85103217244,3.46000504289543,0,TIME_LIMIT,TIME_LIMIT,1842,0.0272464451403096,4.69642859062208,1.57180120524534e-14,7.24170245891704e-07,264029,12573,TIME_LIMIT,0,1,0,3.4600050428954394,OK
1010,queen16_16_k4,partition,CB,1024,259,766,901.968715,0.229143,902.197858,2698.051908,3600.249766,3328,-87103213.3925573,2617384.05626675,0,TIME_LIMIT,TIME_LIMIT_WITH_CHECKPOINT,NaN,NaN,NaN,NaN,NaN,132090,1,TIME_LIMIT,0,1,0,2617384.0562667456,OK
1011,queen16_16_k4,partition,GUROBI,1024,259,766,0,0.001393,0.001393,3600.11386,3600.115253,3328,47,98.5877403846154,0,TIME_LIMIT,NA,NaN,NaN,NaN,NaN,NaN,0,2905,TIME_LIMIT,0,1,0,98.58774038461539,OK
1012,queen5_5_k3,partition,ADMM,75,27,49,0.703212,0.184468,0.88768,2.790571,3.678251,88,88,0,1,OPTIMAL,CONVERGED,1092,0.000908431567069539,0.348640375792547,3.68225204896362e-15,8.91718973870725e-08,1192,5397,OPTIMAL,0,1,1,0.0,OK
1013,queen5_5_k3,partition,CB,75,27,49,30.488397,0.058192,30.546589,38.710124,69.256713,88,88.0000000000509,0,1,OPTIMAL,"1, relative precision criterion satisfied",NaN,NaN,NaN,NaN,NaN,975,5228,OPTIMAL,0,1,1,0.0,OK
1014,queen5_5_k3,partition,GUROBI,75,27,49,0,0.000903,0.000903,1416.518652,1416.519555,88,88,0,1,OPTIMAL,NA,NaN,NaN,NaN,NaN,NaN,0,366361,OPTIMAL,0,1,1,0.0,OK
1015,queen5_5_k4,partition,ADMM,100,28,73,0.902891,0.058519,0.96141,192.881384,193.842794,104,103.99994918125,4.88641822936022e-05,1,OPTIMAL,CONVERGED,780,0.000872958057940047,0.303843553062509,2.20440923154796e-15,9.60387386835341e-08,2034,594093,OPTIMAL,0,1,1,4.88641826898664e-05,OK
1016,queen5_5_k4,partition,CB,100,28,73,86.037472,0.038198,86.07567,3514.06976,3600.14543,104,101.933722858156,1.98680494408111,0,TIME_LIMIT,"64, limit of calls to evaluation oracle exceeded",NaN,NaN,NaN,NaN,NaN,1350,182989,TIME_LIMIT,0,1,0,1.9868049440807667,OK
1017,queen5_5_k4,partition,GUROBI,100,28,73,0,0.001356,0.001356,3600.202114,3600.20347,104,101,2.88461538461538,0,TIME_LIMIT,NA,NaN,NaN,NaN,NaN,NaN,0,507700,TIME_LIMIT,0,1,0,2.8846153846153846,OK
1018,queen6_6_k3,partition,ADMM,108,38,71,1.955008,0.053898,2.008906,10.852292,12.861198,152,152,5.60954791389553e-14,1,OPTIMAL,CONVERGED,1590,0.000936469285637952,0.782413155376534,2.2932575734587e-15,1.37917042994866e-07,2622,10507,OPTIMAL,0,1,1,0.0,OK
1019,queen6_6_k3,partition,CB,108,38,71,133.305383,0.038996,133.344379,699.11344,832.457819,152,152.000000000179,0,1,OPTIMAL,"1, relative precision criterion satisfied",NaN,NaN,NaN,NaN,NaN,1997,24259,OPTIMAL,0,1,1,0.0,OK
1020,queen6_6_k3,partition,GUROBI,108,38,71,0,0.001048,0.001048,3600.203141,3600.204189,152,123,19.0789473684211,0,TIME_LIMIT,NA,NaN,NaN,NaN,NaN,NaN,0,205681,TIME_LIMIT,0,1,0,19.07894736842105,OK
1021,queen6_6_k4,partition,ADMM,144,39,106,3.203749,0.060949,3.264698,1428.873642,1432.13834,178,177.999846395701,8.62945500245863e-05,1,OPTIMAL,CONVERGED,1244,0.000948203166053602,0.72481239215018,1.96432146036308e-15,1.36607619919434e-07,4660,1169584,OPTIMAL,0,1,1,8.629454999265179e-05,OK
1022,queen6_6_k4,partition,CB,144,39,106,314.71326,0.054024,314.767284,3285.344263,3600.111547,178,173.090467231712,2.75816447656635,0,TIME_LIMIT,"64, limit of calls to evaluation oracle exceeded",NaN,NaN,NaN,NaN,NaN,2736,29244,TIME_LIMIT,0,1,0,2.7581644765662854,OK
1023,queen6_6_k4,partition,GUROBI,144,39,106,0,0.000927,0.000927,3600.178539,3600.179466,178,158,11.2359550561798,0,TIME_LIMIT,NA,NaN,NaN,NaN,NaN,NaN,0,110448,TIME_LIMIT,0,1,0,11.235955056179776,OK
1024,queen7_7_k3,partition,ADMM,147,51,97,5.632365,0.065956,5.698321,1583.84657,1589.544891,246,245.999880939506,4.83985748316841e-05,1,OPTIMAL,CONVERGED,2742,0.000992270992274167,1.00188164726603,3.13466749268045e-15,1.84061889616273e-07,4743,1104317,OPTIMAL,0,1,1,4.839857479702352e-05,OK
1025,queen7_7_k3,partition,CB,147,51,97,354.153739,0.049287,354.203026,3245.905642,3600.108668,246,237.091034378015,3.62153074064447,0,TIME_LIMIT,"1, relative precision criterion satisfied",NaN,NaN,NaN,NaN,NaN,3675,29181,TIME_LIMIT,0,1,0,3.6215307406443107,OK
1026,queen7_7_k3,partition,GUROBI,147,51,97,0,0.002122,0.002122,3600.191171,3600.193293,246,132,46.3414634146341,0,TIME_LIMIT,NA,NaN,NaN,NaN,NaN,NaN,0,91292,TIME_LIMIT,0,1,0,46.34146341463415,OK
1027,queen7_7_k4,partition,ADMM,196,52,145,8.198056,0.073739,8.271795,3592.473573,3600.745368,285,278.340831367685,2.33655039730359,0,TIME_LIMIT,CONVERGED,1574,0.000931207559726298,1.02840602016106,6.25617124722286e-15,2.03668827720793e-07,8687,1373335,TIME_LIMIT,0,1,0,2.3365503973035144,OK
1028,queen7_7_k4,partition,CB,196,52,145,858.780043,0.043215,858.823258,2741.290373,3600.113631,286,274.327513340426,4.0812890418091,0,TIME_LIMIT,"64, limit of calls to evaluation oracle exceeded",NaN,NaN,NaN,NaN,NaN,4998,12933,TIME_LIMIT,0,1,0,4.0812890418090975,OK
1029,queen7_7_k4,partition,GUROBI,196,52,145,0,0.000923,0.000923,3600.166733,3600.167656,291,207,28.8659793814433,0,TIME_LIMIT,NA,NaN,NaN,NaN,NaN,NaN,0,52841,TIME_LIMIT,0,1,0,28.8659793814433,OK
1030,queen8_12_k3,partition,ADMM,288,98,191,42.269428,0.119748,42.389176,3558.098246,3600.487422,654,624.654036209611,4.48715042666505,0,TIME_LIMIT,CONVERGED,3840,0.000966893798274324,2.3722479937923,6.0027910476316e-15,3.17501361190547e-07,18970,681227,TIME_LIMIT,0,1,0,4.4871504266649795,OK
1031,queen8_12_k3,partition,CB,288,98,191,900.60371,0.063909,900.667619,2699.449625,3600.117244,658,610.929796695356,7.15352633809174,0,TIME_LIMIT,TIME_LIMIT_WITH_CHECKPOINT,NaN,NaN,NaN,NaN,NaN,13973,532,TIME_LIMIT,6.31528538571889e-05,1,0,7.153526338091793,OK
1032,queen8_12_k3,partition,GUROBI,288,98,191,0,0.001298,0.001298,3600.177606,3600.178904,662,150,77.3413897280967,0,TIME_LIMIT,NA,NaN,NaN,NaN,NaN,NaN,0,72021,TIME_LIMIT,0,1,0,77.34138972809667,OK
1033,queen8_12_k4,partition,ADMM,384,99,286,123.530909,0.141299,123.672208,62.570257,186.242465,704,703.999679753332,4.54895835424261e-05,1,OPTIMAL,CONVERGED,4272,0.000953103740834657,2.73342898183694,4.16894223263212e-15,3.59032583115076e-07,33628,3778,OPTIMAL,0,1,1,4.548958352627737e-05,OK
1034,queen8_12_k4,partition,CB,384,99,286,900.550239,0.072417,900.622656,2699.485478,3600.108134,704,-18988348.4814135,2697308.59110988,0,TIME_LIMIT,TIME_LIMIT_WITH_CHECKPOINT,NaN,NaN,NaN,NaN,NaN,19384,1,TIME_LIMIT,0.00416196432816451,1,0,2697308.591109872,OK
1035,queen8_12_k4,partition,GUROBI,384,99,286,0,0.00064,0.00064,3600.124457,3600.125097,704,279,60.3693181818182,0,TIME_LIMIT,NA,NaN,NaN,NaN,NaN,NaN,0,2031,TIME_LIMIT,0,1,0,60.36931818181818,OK
1036,queen8_8_k3,partition,ADMM,192,66,127,10.758499,0.065067,10.823566,3589.556076,3600.379642,365,358.933863668238,1.66195515938675,0,TIME_LIMIT,CONVERGED,2724,0.000927589273847568,1.38761347477143,4.74620786693313e-15,2.27703876327599e-07,8412,1176099,TIME_LIMIT,0,1,0,1.6619551593868442,OK
1037,queen8_8_k3,partition,CB,192,66,127,900.543589,0.056857,900.600446,2699.522621,3600.123067,366,348.720184539197,4.72126105486411,0,TIME_LIMIT,TIME_LIMIT_WITH_CHECKPOINT,NaN,NaN,NaN,NaN,NaN,6239,567,TIME_LIMIT,0,1,0,4.721261054864202,OK
1038,queen8_8_k3,partition,GUROBI,192,66,127,0,0.001013,0.001013,3600.157986,3600.158999,367,139,62.125340599455,0,TIME_LIMIT,NA,NaN,NaN,NaN,NaN,NaN,0,79067,TIME_LIMIT,0,1,0,62.12534059945504,OK
1039,queen8_8_k4,partition,ADMM,256,67,190,20.507409,0.08795,20.595359,3579.664155,3600.259514,416,412.596083156392,0.818249241251988,0,TIME_LIMIT,CONVERGED,2069,0.0008956674778626,1.41866873175535,1.62170397233216e-15,2.44521150540015e-07,14711,491870,TIME_LIMIT,0,1,0,0.8182492412519201,OK
1040,queen8_8_k4,partition,CB,256,67,190,900.604877,0.051863,900.65674,2699.435594,3600.092334,416,407.87972431979,1.95198934620424,0,TIME_LIMIT,TIME_LIMIT_WITH_CHECKPOINT,NaN,NaN,NaN,NaN,NaN,8448,263,TIME_LIMIT,0,1,0,1.951989346204327,OK
1041,queen8_8_k4,partition,GUROBI,256,67,190,0,0.001023,0.001023,3600.132919,3600.133942,416,271,34.8557692307692,0,TIME_LIMIT,NA,NaN,NaN,NaN,NaN,NaN,0,13578,TIME_LIMIT,0,1,0,34.85576923076923,OK
1042,queen9_9_k3,partition,ADMM,243,83,161,27.574591,0.075674,27.650265,3572.551006,3600.201271,513,508.057647967081,0.963421448912156,0,TIME_LIMIT,CONVERGED,4051,0.000976607104785674,1.65768005338039,5.37599008097499e-15,2.87542848254305e-07,13553,539781,TIME_LIMIT,0,1,0,0.9634214489120894,OK
1043,queen9_9_k3,partition,CB,243,83,161,900.663688,0.070703,900.734391,2699.379175,3600.113566,513,496.692209047084,3.17890661850214,0,TIME_LIMIT,TIME_LIMIT_WITH_CHECKPOINT,NaN,NaN,NaN,NaN,NaN,9961,343,TIME_LIMIT,0.000117569937954934,1,0,3.17890661850214,OK
1044,queen9_9_k3,partition,GUROBI,243,83,161,0,0.000983,0.000983,3600.174209,3600.175192,513,152,70.3703703703704,0,TIME_LIMIT,NA,NaN,NaN,NaN,NaN,NaN,0,68142,TIME_LIMIT,0,1,0,70.37037037037037,OK
1045,queen9_9_k4,partition,ADMM,324,84,241,48.43155,0.136684,48.568234,3551.724349,3600.292583,608,584.886267075986,3.80160080987067,0,TIME_LIMIT,CONVERGED,2636,0.000988722910092399,1.7237684772449,5.85702516053402e-15,3.18804584554197e-07,24060,278940,TIME_LIMIT,0,1,0,3.801600809870726,OK
1046,queen9_9_k4,partition,CB,324,84,241,903.351988,0.108792,903.46078,2696.835456,3600.296236,620,581.413507396925,6.22362783920571,0,TIME_LIMIT,TIME_LIMIT_WITH_CHECKPOINT,NaN,NaN,NaN,NaN,NaN,13446,524,TIME_LIMIT,0,1,0,6.223627839205652,OK
1047,queen9_9_k4,partition,GUROBI,324,84,241,0,0.00433,0.00433,3600.394267,3600.398597,615,276,55.1219512195122,0,TIME_LIMIT,NA,NaN,NaN,NaN,NaN,NaN,0,90965,TIME_LIMIT,0,1,0,55.1219512195122,OK
1048,zeroin.i.1_k3,partition,ADMM,633,213,421,890.213991,0.352223,890.566214,2709.912696,3600.47891,1437,1240.7282721647,13.6584361750381,0,TIME_LIMIT,CONVERGED,9059,0.000895217238324758,0.854776313304859,3.08178634581018e-14,7.74259799692196e-07,112429,1514,TIME_LIMIT,0,1,0,13.658436175038275,OK
1049,zeroin.i.1_k3,partition,CB,633,213,421,903.588814,0.165346,903.75416,2696.613657,3600.367817,2796,-134840665.332609,4822727.51547242,0,TIME_LIMIT,TIME_LIMIT_WITH_CHECKPOINT,NaN,NaN,NaN,NaN,NaN,67107,1,TIME_LIMIT,0.239776790319803,1,0,4822727.515472425,OK
1050,zeroin.i.1_k3,partition,GUROBI,633,213,421,0,0.00504,0.00504,3600.40238,3600.40742,1427,652,54.3097407147863,0,TIME_LIMIT,NA,NaN,NaN,NaN,NaN,NaN,0,132248,TIME_LIMIT,0,1,0,54.309740714786265,OK
1051,zeroin.i.1_k4,partition,ADMM,844,214,631,900.158868,0.489698,900.648566,2700.474364,3601.12293,1935,1772.84651819307,8.38002489958279,0,TIME_LIMIT,TIME_LIMIT,3340,0.0253340073538044,1.05229591203226,4.00601322849154e-14,7.24096121816384e-07,190788,734,TIME_LIMIT,0,1,0,8.38002489958294,OK
1052,zeroin.i.1_k4,partition,CB,844,214,631,901.520347,0.162494,901.682841,2698.508178,3600.191019,3228,-182218800.103933,5645044.24113794,0,TIME_LIMIT,TIME_LIMIT_WITH_CHECKPOINT,NaN,NaN,NaN,NaN,NaN,89880,1,TIME_LIMIT,0,1,0,5645044.241137949,OK
1053,zeroin.i.1_k4,partition,GUROBI,844,214,631,0,0.000882,0.000882,3600.167871,3600.168753,1928,692,64.1078838174274,0,TIME_LIMIT,NA,NaN,NaN,NaN,NaN,NaN,0,50675,TIME_LIMIT,0,1,0,64.10788381742739,OK
1054,zeroin.i.2_k3,partition,ADMM,633,213,421,900.05438,0.302187,900.356567,2699.971819,3600.328386,1353,1280.27255917578,5.37527278819053,0,TIME_LIMIT,TIME_LIMIT,9214,0.0141044778231521,1.34257438719652,2.97905036857325e-14,8.22684528622093e-07,113304,1740,TIME_LIMIT,0,1,0,5.3752727881906806,OK
1055,zeroin.i.2_k3,partition,CB,633,213,421,901.316277,0.129333,901.44561,2698.760945,3600.206555,2536,-197866920.842346,7802423.3770641,0,TIME_LIMIT,TIME_LIMIT_WITH_CHECKPOINT,NaN,NaN,NaN,NaN,NaN,67129,1,TIME_LIMIT,0.736552072467204,1,0,7802423.377064116,OK
1056,zeroin.i.2_k3,partition,GUROBI,633,213,421,0,0.001698,0.001698,3600.152865,3600.154563,1353,1038,23.2815964523282,0,TIME_LIMIT,NA,NaN,NaN,NaN,NaN,NaN,0,91011,TIME_LIMIT,0,1,0,23.28159645232816,OK
1057,zeroin.i.2_k4,partition,ADMM,844,214,631,900.144261,0.430692,900.574953,2699.947738,3600.522691,1673,1640.93895442418,1.91638048869211,0,TIME_LIMIT,TIME_LIMIT,3173,0.0150672358205032,1.27627958855152,2.12162113564018e-14,8.7336215777513e-07,187317,1356,TIME_LIMIT,0,1,0,1.9163804886921632,OK
1058,zeroin.i.2_k4,partition,CB,844,214,631,902.38351,0.242756,902.626266,2697.649875,3600.276141,2927,-185926714.88615,6352225.5512863,0,TIME_LIMIT,TIME_LIMIT_WITH_CHECKPOINT,NaN,NaN,NaN,NaN,NaN,89880,1,TIME_LIMIT,0,1,0,6352225.551286301,OK
1059,zeroin.i.2_k4,partition,GUROBI,844,214,631,0,0.001477,0.001477,3600.176736,3600.178213,1673,1420,15.1225343693963,0,TIME_LIMIT,NA,NaN,NaN,NaN,NaN,NaN,0,39433,TIME_LIMIT,0,1,0,15.122534369396295,OK
1060,zeroin.i.3_k3,partition,ADMM,618,208,411,900.016208,0.246987,900.263195,2700.08472,3600.347915,1425,1292.190331505,9.31997673649109,0,TIME_LIMIT,TIME_LIMIT,9472,0.0220004809787742,1.38053537838127,1.36467401169945e-14,7.72610589286922e-07,107113,3066,TIME_LIMIT,0,1,0,9.319976736491235,OK
1061,zeroin.i.3_k3,partition,CB,618,208,411,901.074347,0.111995,901.186342,2698.983474,3600.169816,2585,-108991010.937454,4216386.69003689,0,TIME_LIMIT,TIME_LIMIT_WITH_CHECKPOINT,NaN,NaN,NaN,NaN,NaN,66745,1,TIME_LIMIT,0.126102802079932,1,0,4216386.690036905,OK
1062,zeroin.i.3_k3,partition,GUROBI,618,208,411,0,0.001054,0.001054,3600.201372,3600.202426,1403,1154,17.7476835352815,0,TIME_LIMIT,NA,NaN,NaN,NaN,NaN,NaN,0,107417,TIME_LIMIT,0,1,0,17.74768353528154,OK
1063,zeroin.i.3_k4,partition,ADMM,824,209,616,900.043804,0.396904,900.440708,2699.965857,3600.406565,1706,1660.97212476374,2.63938307363781,0,TIME_LIMIT,TIME_LIMIT,3562,0.0121974753769816,1.28954304394346,2.70339004166208e-14,9.10814027136314e-07,189815,609,TIME_LIMIT,0,1,0,2.6393830736377426,OK
1064,zeroin.i.3_k4,partition,CB,824,209,616,901.66657,0.161234,901.827804,2698.417025,3600.244829,2925,-568343251.013355,19430638.4961831,0,TIME_LIMIT,TIME_LIMIT_WITH_CHECKPOINT,NaN,NaN,NaN,NaN,NaN,126164,1,TIME_LIMIT,3.89546700626865,1,0,19430638.49618308,OK
1065,zeroin.i.3_k4,partition,GUROBI,824,209,616,0,0.000812,0.000812,3600.232007,3600.232819,1695,1388,18.1120943952802,0,TIME_LIMIT,NA,NaN,NaN,NaN,NaN,NaN,0,51643,TIME_LIMIT,0,1,0,18.112094395280234,OK
1066,GRID1_square_01,qspp,ADMM,220,120,101,1.729182,0.080917,1.810099,3.250204,5.060303,206,205.999999999999,3.44923658135971e-13,1,OPTIMAL,CONVERGED,462,0.000847954048214846,-1.78314564375123,1.1204430636023e-14,1.0722044810715e-06,23184,7,OPTIMAL,0,1,1,4.828931213903594e-13,OK
1067,GRID1_square_01,qspp,CB,220,120,101,77.000459,0.052846,77.053305,83.329194,160.382499,206,205.999565204127,0.000211065957583207,1,OPTIMAL,ORACLE_FAILURE_WITH_SNAPSHOT,NaN,NaN,NaN,NaN,NaN,13083,4782,OPTIMAL,0.000434797036775664,1,1,0.00021106595776256777,OK
1068,GRID1_square_01,qspp,GUROBI,220,120,101,0,0.001198,0.001198,2.445439,2.446637,206,206,0,1,OPTIMAL,NA,NaN,NaN,NaN,NaN,NaN,0,698,OPTIMAL,0,1,1,0.0,OK
1069,GRID1_square_02,qspp,ADMM,220,120,101,5.834485,0.072317,5.906802,0.92543,6.832232,181,181,9.4215611371505e-14,1,OPTIMAL,CONVERGED,1687,0.000961371295567437,-0.641051187057866,9.2779397192398e-15,1.37140428259135e-06,22579,1,OPTIMAL,0,1,1,0.0,OK
1070,GRID1_square_02,qspp,CB,220,120,101,95.626986,0.05452,95.681506,28.702808,124.384314,181,180.999269940185,0.000403347964008882,1,OPTIMAL,ORACLE_FAILURE_WITH_SNAPSHOT,NaN,NaN,NaN,NaN,NaN,12120,2146,OPTIMAL,0.000730056089558333,1,1,0.0004033479640873951,OK
1071,GRID1_square_02,qspp,GUROBI,220,120,101,0,0.001241,0.001241,1.675174,1.676415,181,181,0,1,OPTIMAL,NA,NaN,NaN,NaN,NaN,NaN,0,423,OPTIMAL,0,1,1,0.0,OK
1072,GRID1_square_03,qspp,ADMM,220,120,101,1.02072,0.068485,1.089205,0.93551,2.024715,1375,1374.99999999999,9.9217603829774e-13,1,OPTIMAL,CONVERGED,289,0.00029747027588078,-0.799585596718798,3.90386240932368e-14,1.79725668874647e-06,23257,1,OPTIMAL,0,1,1,7.275957614183426e-13,OK
1073,GRID1_square_03,qspp,CB,220,120,101,900.524424,0.055811,900.580235,4.559151,905.139386,1375,1374.99999999418,4.23328443007036e-10,1,OPTIMAL,TIME_LIMIT_WITH_CHECKPOINT,NaN,NaN,NaN,NaN,NaN,12767,18,OPTIMAL,0,1,1,4.232788342051208e-10,OK
1074,GRID1_square_03,qspp,GUROBI,220,120,101,0,0.000914,0.000914,20.228754,20.229668,1375,1374.99923771462,5.54389370749546e-05,1,OPTIMAL,NA,NaN,NaN,NaN,NaN,NaN,0,32004,OPTIMAL,0,1,1,5.5438936727692965e-05,OK
1075,GRID1_square_04,qspp,ADMM,220,120,101,2.684157,0.075567,2.759724,0.832812,3.592536,1324,1323.99999999999,1.03039429959169e-12,1,OPTIMAL,CONVERGED,796,0.000992805388745526,-1.94085241031647,3.92025471714465e-14,1.74389619823587e-06,22742,1,OPTIMAL,0,1,1,7.556224863672364e-13,OK
1076,GRID1_square_04,qspp,CB,220,120,101,568.235612,0.064508,568.30012,2.718816,571.018936,1324,1323.99717012025,0.000213737141387539,1,OPTIMAL,"1, relative precision criterion satisfied",NaN,NaN,NaN,NaN,NaN,14600,1,OPTIMAL,0.00157802357050825,1,1,0.00021373714123298018,OK
1077,GRID1_square_04,qspp,GUROBI,220,120,101,0,0.001528,0.001528,17.817514,17.819042,1324,1324,0,1,OPTIMAL,NA,NaN,NaN,NaN,NaN,NaN,0,27335,OPTIMAL,0,1,1,0.0,OK
1078,GRID1_square_05,qspp,ADMM,264,143,122,2.60714,0.082837,2.689977,1.425474,4.115451,248,247.999999999997,1.00851227011111e-12,1,OPTIMAL,CONVERGED,480,0.000609041432973438,-1.99002147196376,9.98995545550042e-15,1.95135372354139e-06,34123,1,OPTIMAL,0,1,1,1.2147988708156552e-12,OK
1079,GRID1_square_05,qspp,CB,264,143,122,194.6142,0.060494,194.674694,166.813829,361.488523,248,247.999387968121,0.000246787047892612,1,OPTIMAL,ORACLE_FAILURE_WITH_SNAPSHOT,NaN,NaN,NaN,NaN,NaN,17706,8075,OPTIMAL,0.000612030481777374,1,1,0.00024678704798429497,OK
1080,GRID1_square_05,qspp,GUROBI,264,143,122,0,0.002849,0.002849,5.50734,5.510189,248,248,0,1,OPTIMAL,NA,NaN,NaN,NaN,NaN,NaN,0,1011,OPTIMAL,0,1,1,0.0,OK
1081,GRID1_square_06,qspp,ADMM,264,143,122,9.898948,0.099736,9.998684,1.379742,11.378426,221,220.999999999998,8.10211626296585e-13,1,OPTIMAL,CONVERGED,1806,0.000982057617097853,-1.85961957852677,1.01185943006553e-14,1.39183445437421e-06,33317,1,OPTIMAL,0,1,1,9.002351403295387e-13,OK
1082,GRID1_square_06,qspp,CB,264,143,122,186.784217,0.067963,186.85218,136.186997,323.039177,221,220.998939356157,0.000479929340790333,1,OPTIMAL,ORACLE_FAILURE_WITH_SNAPSHOT,NaN,NaN,NaN,NaN,NaN,17728,5650,OPTIMAL,0.00106064803410465,1,1,0.00047992934072603043,OK
1083,GRID1_square_06,qspp,GUROBI,264,143,122,0,0.001549,0.001549,3.553441,3.55499,221,221,0,1,OPTIMAL,NA,NaN,NaN,NaN,NaN,NaN,0,599,OPTIMAL,0,1,1,0.0,OK
1084,GRID1_square_07,qspp,ADMM,264,143,122,12.831614,0.093916,12.92553,1.222262,14.147792,1589,1588.99999999998,1.13042922341192e-12,1,OPTIMAL,CONVERGED,2389,0.000977075388208209,-1.90871068019124,3.783030989229e-14,2.09778771835994e-06,32872,1,OPTIMAL,0,1,1,1.2592122994968169e-12,OK
1085,GRID1_square_07,qspp,CB,264,143,122,779.792504,0.066932,779.859436,3.51177,783.371206,1589,1588.99938667191,3.85983691802469e-05,1,OPTIMAL,"1, relative precision criterion satisfied",NaN,NaN,NaN,NaN,NaN,18960,1,OPTIMAL,0.000613331345859435,1,1,3.859836940919458e-05,OK
1086,GRID1_square_07,qspp,GUROBI,264,143,122,0,0.001541,0.001541,49.808164,49.809705,1589,1589,0,1,OPTIMAL,NA,NaN,NaN,NaN,NaN,NaN,0,59793,OPTIMAL,0,1,1,0.0,OK
1087,GRID1_square_08,qspp,ADMM,264,143,122,12.605099,0.088326,12.693425,1.544022,14.237447,1611,1610.99999999999,9.03284620010357e-13,1,OPTIMAL,CONVERGED,2356,0.000972670376546693,-2.57886432297837,3.8986691099596e-14,2.11041106783291e-06,32510,1,OPTIMAL,0,1,1,6.210081762571204e-13,OK
1088,GRID1_square_08,qspp,CB,264,143,122,900.615889,0.070304,900.686193,5.36356,906.049753,1611,1610.94785261007,0.00323695778601926,1,OPTIMAL,TIME_LIMIT_WITH_CHECKPOINT,NaN,NaN,NaN,NaN,NaN,19553,1,OPTIMAL,0.0530094789184206,1,1,0.0032369577858498916,OK
1089,GRID1_square_08,qspp,GUROBI,264,143,122,0,0.00094,0.00094,50.799725,50.800665,1611,1611,0,1,OPTIMAL,NA,NaN,NaN,NaN,NaN,NaN,0,60923,OPTIMAL,0,1,1,0.0,OK
1090,GRID1_square_09,qspp,ADMM,312,168,145,4.059848,0.120216,4.180064,2.892468,7.072532,299,299.000000000002,0,1,OPTIMAL,CONVERGED,484,0.000940996033537594,-1.77029503746165,9.20410735620937e-15,1.72138036453897e-06,46462,1,OPTIMAL,0,1,1,0.0,OK
1091,GRID1_square_09,qspp,CB,312,168,145,311.962118,0.057229,312.019347,408.579029,720.598376,299,298.999014590037,0.000329568549515113,1,OPTIMAL,ORACLE_FAILURE_WITH_SNAPSHOT,NaN,NaN,NaN,NaN,NaN,24600,16743,OPTIMAL,0.000983279096990908,1,1,0.0003295685494961018,OK
1092,GRID1_square_09,qspp,GUROBI,312,168,145,0,0.00149,0.00149,13.004775,13.006265,299,299,0,1,OPTIMAL,NA,NaN,NaN,NaN,NaN,NaN,0,2048,OPTIMAL,0,1,1,0.0,OK
1093,GRID1_square_10,qspp,ADMM,312,168,145,13.453852,0.10937,13.563222,2.544074,16.107296,263,263.000000000001,0,1,OPTIMAL,CONVERGED,1446,0.000923687142690235,-1.35526942913992,8.99539706909491e-15,1.77238903431322e-06,47013,1,OPTIMAL,0,1,1,0.0,OK
1094,GRID1_square_10,qspp,CB,312,168,145,335.529485,0.078873,335.608358,587.952333,923.560691,263,262.998008055156,0.000757393476765813,1,OPTIMAL,ORACLE_FAILURE_WITH_SNAPSHOT,NaN,NaN,NaN,NaN,NaN,26710,16087,OPTIMAL,0.00199195136312913,1,1,0.0007573934768090403,OK
1095,GRID1_square_10,qspp,GUROBI,312,168,145,0,0.00105,0.00105,11.183702,11.184752,263,263,0,1,OPTIMAL,NA,NaN,NaN,NaN,NaN,NaN,0,1410,OPTIMAL,0,1,1,0.0,OK
1096,GRID1_square_11,qspp,ADMM,312,168,145,18.293153,0.110098,18.403251,6.099104,24.502355,2004,2004.00000000001,0,1,OPTIMAL,CONVERGED,1988,0.000971221672096194,-2.43309967142274,2.40285346521475e-14,2.47980421617616e-06,44811,1,OPTIMAL,0,1,1,0.0,OK
1097,GRID1_square_11,qspp,CB,312,168,145,900.743306,0.090603,900.833909,64.204271,965.03818,2004,2003.99883858439,5.79548706733629e-05,1,OPTIMAL,TIME_LIMIT_WITH_CHECKPOINT,NaN,NaN,NaN,NaN,NaN,24975,1702,OPTIMAL,0.00116057997910278,1,1,5.79548707641308e-05,OK
1098,GRID1_square_11,qspp,GUROBI,312,168,145,0,0.001246,0.001246,361.171236,361.172482,2004,2004,0,1,OPTIMAL,NA,NaN,NaN,NaN,NaN,NaN,0,337302,OPTIMAL,0,1,1,0.0,OK
1099,GRID1_square_12,qspp,ADMM,312,168,145,4.349802,0.116448,4.46625,3.480899,7.947149,2065,2065.00000000001,0,1,OPTIMAL,CONVERGED,427,0.000984434743681896,-4.34531400509348,2.30480878986078e-14,2.86275673191625e-06,35546,17,OPTIMAL,0,1,1,0.0,OK
1100,GRID1_square_12,qspp,CB,312,168,145,900.679128,0.07725,900.756378,274.089338,1174.845716,2065,2064.99959997044,1.9371891517755e-05,1,OPTIMAL,TIME_LIMIT_WITH_CHECKPOINT,NaN,NaN,NaN,NaN,NaN,23444,7598,OPTIMAL,0.000400030956906924,1,1,1.9371891517755034e-05,OK
1101,GRID1_square_12,qspp,GUROBI,312,168,145,0,0.001222,0.001222,473.880021,473.881243,2065,2065,0,1,OPTIMAL,NA,NaN,NaN,NaN,NaN,NaN,0,436897,OPTIMAL,0,1,1,0.0,OK
1102,GRID1_square_13,qspp,ADMM,364,195,170,13.24059,0.128654,13.369244,3.238314,16.607558,331,331,0,1,OPTIMAL,CONVERGED,924,0.000917393456606929,-1.73387080922893,8.55919057321468e-15,2.27575828385585e-06,65250,1,OPTIMAL,0,1,1,0.0,OK
1103,GRID1_square_13,qspp,CB,364,195,170,858.346087,0.094552,858.440639,2507.819132,3366.259771,331,330.998991585202,0.000304657038578678,1,OPTIMAL,ORACLE_FAILURE_WITH_SNAPSHOT,NaN,NaN,NaN,NaN,NaN,33389,40414,OPTIMAL,0.00100840827845782,1,1,0.00030465703866454374,OK
1104,GRID1_square_13,qspp,GUROBI,364,195,170,0,0.00248,0.00248,726.27927,726.28175,331,331,0,1,OPTIMAL,NA,NaN,NaN,NaN,NaN,NaN,0,1258381,OPTIMAL,0,1,1,0.0,OK
1105,GRID1_square_14,qspp,ADMM,364,195,170,5.785545,0.122401,5.907946,4.602321,10.510267,366,366.000000000001,0,1,OPTIMAL,CONVERGED,390,0.000992202183396824,-2.18215113361123,8.1163743776848e-15,2.04257789771169e-06,49583,25,OPTIMAL,0,1,1,0.0,OK
1106,GRID1_square_14,qspp,CB,364,195,170,638.076935,0.087707,638.164642,1802.383947,2440.548589,366,365.997979961387,0.000551923118355709,1,OPTIMAL,ORACLE_FAILURE_WITH_SNAPSHOT,NaN,NaN,NaN,NaN,NaN,33140,52295,OPTIMAL,0.00202007307208992,1,1,0.0005519231183091163,OK
1107,GRID1_square_14,qspp,GUROBI,364,195,170,0,0.001127,0.001127,782.492803,782.49393,366,366,0,1,OPTIMAL,NA,NaN,NaN,NaN,NaN,NaN,0,1395830,OPTIMAL,0,1,1,0.0,OK
1108,GRID1_square_15,qspp,ADMM,364,195,170,50.813912,0.160929,50.974841,5.919249,56.89409,2328,2327.99999999999,3.32074955544239e-13,1,OPTIMAL,CONVERGED,3893,0.00097557315598931,-3.08284388360333,1.87896398407249e-14,3.1057021780691e-06,58878,3,OPTIMAL,0,1,1,4.2974406011607433e-13,OK
1109,GRID1_square_15,qspp,CB,364,195,170,900.741268,0.088142,900.82941,441.8294,1342.65881,2328,2327.99805106191,8.37172717013086e-05,1,OPTIMAL,TIME_LIMIT_WITH_CHECKPOINT,NaN,NaN,NaN,NaN,NaN,33611,6166,OPTIMAL,0.00194710989890887,1,1,8.371727191618062e-05,OK
1110,GRID1_square_15,qspp,GUROBI,364,195,170,0,0.001135,0.001135,1549.329334,1549.330469,2328,2328,0,1,OPTIMAL,NA,NaN,NaN,NaN,NaN,NaN,0,838977,OPTIMAL,0,1,1,0.0,OK
1111,GRID1_square_16,qspp,ADMM,364,195,170,46.157681,0.205067,46.362748,3.602795,49.965543,2338,2338,1.94502716375733e-13,1,OPTIMAL,CONVERGED,3676,0.00098196857621212,-1.73212305832126,1.90509618382712e-14,2.89115552827602e-06,61487,1,OPTIMAL,0,1,1,0.0,OK
1112,GRID1_square_16,qspp,CB,364,195,170,900.675749,0.081959,900.757708,338.775158,1239.532866,2338,2337.99915401296,3.61842189933989e-05,1,OPTIMAL,TIME_LIMIT_WITH_CHECKPOINT,NaN,NaN,NaN,NaN,NaN,32008,6246,OPTIMAL,0.000845987040010409,1,1,3.6184218993398866e-05,OK
1113,GRID1_square_16,qspp,GUROBI,364,195,170,0,0.000925,0.000925,1003.351751,1003.352676,2338,2337.99786594796,9.12768196493727e-05,1,OPTIMAL,NA,NaN,NaN,NaN,NaN,NaN,0,780425,OPTIMAL,0,1,1,9.127681951322083e-05,OK
1114,GRID1_square_17,qspp,ADMM,420,224,197,9.756811,0.146428,9.903239,8.186242,18.089481,382,382.000000000001,0,1,OPTIMAL,CONVERGED,480,0.000997621367864192,-1.41788956176064,9.28466860640506e-15,2.33469576834739e-06,69195,19,OPTIMAL,0,1,1,0.0,OK
1115,GRID1_square_17,qspp,CB,420,224,197,900.722744,0.101292,900.824036,2699.38698,3600.211016,382,131.332974623811,65.6196401508348,0,TIME_LIMIT,TIME_LIMIT_WITH_CHECKPOINT,NaN,NaN,NaN,NaN,NaN,48391,31527,TIME_LIMIT,0.00293842695305951,1,0,65.61964015083483,OK
1116,GRID1_square_17,qspp,GUROBI,420,224,197,0,0.001078,0.001078,2635.298539,2635.299617,382,382,0,1,OPTIMAL,NA,NaN,NaN,NaN,NaN,NaN,0,3917960,OPTIMAL,0,1,1,0.0,OK
1117,GRID1_square_18,qspp,ADMM,420,224,197,6.723238,0.134526,6.857764,29.513347,36.371111,459,459.000000000001,0,1,OPTIMAL,CONVERGED,337,0.000990032703682327,-2.45582372521919,8.7979363030868e-15,2.70863341525779e-06,64625,565,OPTIMAL,0,1,1,0.0,OK
1118,GRID1_square_18,qspp,CB,420,224,197,900.787395,0.090827,900.878222,2699.30938,3600.187602,483,122.984897781651,74.5372882439646,0,TIME_LIMIT,TIME_LIMIT_WITH_CHECKPOINT,NaN,NaN,NaN,NaN,NaN,47960,27785,TIME_LIMIT,0.00264841555270408,1,0,74.5372882439646,OK
1119,GRID1_square_18,qspp,GUROBI,420,224,197,0,0.001614,0.001614,3313.278883,3313.280497,459,459,0,1,OPTIMAL,NA,NaN,NaN,NaN,NaN,NaN,0,5134741,OPTIMAL,0,1,1,0.0,OK
1120,GRID1_square_19,qspp,ADMM,420,224,197,19.148244,0.258589,19.406833,6.871939,26.278772,1956,1956,0,1,OPTIMAL,CONVERGED,1004,0.000998893854921706,-2.36041851811331,1.64348744710568e-14,3.90962975199609e-06,84923,1,OPTIMAL,0,1,1,0.0,OK
1121,GRID1_square_19,qspp,CB,420,224,197,900.782425,0.081143,900.863568,2699.32166,3600.185228,1956,1548.52470673281,20.8320702079339,0,TIME_LIMIT,TIME_LIMIT_WITH_CHECKPOINT,NaN,NaN,NaN,NaN,NaN,49266,21915,TIME_LIMIT,0.00200368511105878,1,0,20.83207020793405,OK
1122,GRID1_square_19,qspp,GUROBI,420,224,197,0,0.000813,0.000813,3600.380109,3600.380922,1956,1555.99087070706,20.4503644832791,0,TIME_LIMIT,NA,NaN,NaN,NaN,NaN,NaN,0,2666744,TIME_LIMIT,0,1,0,20.450364483279145,OK
1123,GRID1_square_20,qspp,ADMM,420,224,197,11.648852,0.174486,11.823338,10.748695,22.572033,2795,2795.00000000001,0,1,OPTIMAL,CONVERGED,624,0.00097376729916227,-2.11908109818049,2.42803246772069e-14,3.44430391854067e-06,82368,1,OPTIMAL,0,1,1,0.0,OK
1124,GRID1_square_20,qspp,CB,420,224,197,900.748583,0.087091,900.835674,2699.366536,3600.20221,2795,2481.38880225388,11.2204364130993,0,TIME_LIMIT,TIME_LIMIT_WITH_CHECKPOINT,NaN,NaN,NaN,NaN,NaN,48607,28397,TIME_LIMIT,0.00242914829496657,1,0,11.220436413099108,OK
1125,GRID1_square_20,qspp,GUROBI,420,224,197,0,0.000913,0.000913,3600.411113,3600.412026,2795,2336.21003833694,16.4146676802526,0,TIME_LIMIT,NA,NaN,NaN,NaN,NaN,NaN,0,2123481,TIME_LIMIT,0,1,0,16.414667680252588,OK
1126,GRID1_square_21,qspp,ADMM,480,255,226,15.544196,0.199907,15.744103,9.642615,25.386718,457,456.999999999997,5.72165704069402e-13,1,OPTIMAL,CONVERGED,524,0.000991487878338076,-1.10458746590918,9.52834354800631e-15,3.17938462093539e-06,89046,15,OPTIMAL,0,1,1,6.592343981669201e-13,OK
1127,GRID1_square_21,qspp,CB,480,255,226,900.899473,0.101697,901.00117,2699.241907,3600.243077,497,-244.567086475993,149.208669311065,0,TIME_LIMIT,TIME_LIMIT_WITH_CHECKPOINT,NaN,NaN,NaN,NaN,NaN,60212,10249,TIME_LIMIT,0.0347315472564066,1,0,149.208669311065,OK
1128,GRID1_square_21,qspp,GUROBI,480,255,226,0,0.000979,0.000979,3601.054885,3601.055864,457,2.13517872458027,99.5327836488883,0,TIME_LIMIT,NA,NaN,NaN,NaN,NaN,NaN,0,4363977,TIME_LIMIT,0,1,0,99.53278364888834,OK
1129,GRID1_square_22,qspp,ADMM,480,255,226,21.978269,0.197011,22.17528,12.530422,34.705702,489,488.999999999997,6.27718735886223e-13,1,OPTIMAL,CONVERGED,741,0.000992910623289098,-2.47725191254368,9.99658963796547e-15,2.6756661825898e-06,89849,18,OPTIMAL,0,1,1,6.160943148512934e-13,OK
1130,GRID1_square_22,qspp,CB,480,255,226,900.718666,0.101381,900.820047,2699.441994,3600.262041,489,-213.82481879746,143.726956809297,0,TIME_LIMIT,TIME_LIMIT_WITH_CHECKPOINT,NaN,NaN,NaN,NaN,NaN,62116,10202,TIME_LIMIT,0.0374909637269834,1,0,143.72695680929652,OK
1131,GRID1_square_22,qspp,GUROBI,480,255,226,0,0.00105,0.00105,3601.093467,3601.094517,489,19.7338963321801,95.9644383778773,0,TIME_LIMIT,NA,NaN,NaN,NaN,NaN,NaN,0,4247881,TIME_LIMIT,0,1,0,95.96443837787729,OK
1132,GRID1_square_23,qspp,ADMM,480,255,226,10.19788,0.159384,10.357264,16.727346,27.08461,2165,2164.99999999999,2.31049462344162e-13,1,OPTIMAL,CONVERGED,350,0.000993636742328974,-1.86341032633353,1.71524486790551e-14,4.12536591754599e-06,84181,140,OPTIMAL,0,1,1,4.620989246883239e-13,OK
1133,GRID1_square_23,qspp,CB,480,255,226,900.743794,0.099029,900.842823,2699.359813,3600.202636,2165,1150.55581054528,46.856544547562,0,TIME_LIMIT,TIME_LIMIT_WITH_CHECKPOINT,NaN,NaN,NaN,NaN,NaN,59414,10214,TIME_LIMIT,0.196867902466078,1,0,46.85654454756212,OK
1134,GRID1_square_23,qspp,GUROBI,480,255,226,0,0.000775,0.000775,3600.668588,3600.669363,2165,1353.83859726231,37.4670393874223,0,TIME_LIMIT,NA,NaN,NaN,NaN,NaN,NaN,0,1968424,TIME_LIMIT,0,1,0,37.46703938742217,OK
1135,GRID1_square_24,qspp,ADMM,480,255,226,21.671596,0.208467,21.880063,36.485658,58.365721,3276,3275.99999999998,6.24652954514374e-13,1,OPTIMAL,CONVERGED,710,0.000998224203585366,-4.19840804286937,2.3701871562189e-14,4.4969699609456e-06,82928,412,OPTIMAL,0,1,1,6.107717777473877e-13,OK
1136,GRID1_square_24,qspp,CB,480,255,226,900.833366,0.09641,900.929776,2699.282668,3600.212444,3364,2306.54306391503,31.4345105851655,0,TIME_LIMIT,TIME_LIMIT_WITH_CHECKPOINT,NaN,NaN,NaN,NaN,NaN,61200,10202,TIME_LIMIT,0.0351686110736771,1,0,31.43451058516558,OK
1137,GRID1_square_24,qspp,GUROBI,480,255,226,0,0.001043,0.001043,3600.723504,3600.724547,3276,2348.78508312322,28.3032636409273,0,TIME_LIMIT,NA,NaN,NaN,NaN,NaN,NaN,0,1519935,TIME_LIMIT,0,1,0,28.30326364092735,OK
1138,GRID1_square_25,qspp,ADMM,544,288,257,18.6861,0.209578,18.895678,13.497424,32.393102,544,544.000000000003,0,1,OPTIMAL,CONVERGED,444,0.000994948024748268,-1.89867335400326,1.05771826856565e-14,2.92816954663531e-06,111548,13,OPTIMAL,0,1,1,0.0,OK
1139,GRID1_square_25,qspp,CB,544,288,257,900.947537,0.116551,901.064088,2699.171608,3600.235696,555,-181.575840439778,132.716367646807,0,TIME_LIMIT,TIME_LIMIT_WITH_CHECKPOINT,NaN,NaN,NaN,NaN,NaN,73861,11039,TIME_LIMIT,0.591962173419662,1,0,132.71636764680684,OK
1140,GRID1_square_25,qspp,GUROBI,544,288,257,0,0.001025,0.001025,3601.474617,3601.475642,554,-274.333094713011,149.518609153973,0,TIME_LIMIT,NA,NaN,NaN,NaN,NaN,NaN,0,3191664,TIME_LIMIT,0,1,0,149.5186091539731,OK
1141,GRID1_square_26,qspp,ADMM,544,288,257,29.805627,0.204896,30.010523,16.401795,46.412318,553,553.000000000003,0,1,OPTIMAL,CONVERGED,711,0.000967362897369907,-2.24637956448917,1.07166788768483e-14,3.23672702420086e-06,130677,1,OPTIMAL,0,1,1,0.0,OK
1142,GRID1_square_26,qspp,CB,544,288,257,900.944861,0.120656,901.065517,2699.16148,3600.226997,650,-313.992867091139,148.306594937098,0,TIME_LIMIT,TIME_LIMIT_WITH_CHECKPOINT,NaN,NaN,NaN,NaN,NaN,72673,9166,TIME_LIMIT,0.697840436108466,1,0,148.3065949370983,OK
1143,GRID1_square_26,qspp,GUROBI,544,288,257,0,0.000855,0.000855,3601.483125,3601.48398,553,-269.958954813283,148.817170852312,0,TIME_LIMIT,NA,NaN,NaN,NaN,NaN,NaN,0,3391452,TIME_LIMIT,0,1,0,148.8171708523116,OK
1144,GRID1_square_27,qspp,ADMM,544,288,257,29.344722,0.203688,29.54841,14.728277,44.276687,2516,2516.00000000001,0,1,OPTIMAL,CONVERGED,744,0.000937646434793078,-3.1577760287634,1.96341460807453e-14,5.01474008200632e-06,143403,1,OPTIMAL,0,1,1,0.0,OK
1145,GRID1_square_27,qspp,CB,544,288,257,901.017934,0.11807,901.136004,2699.119529,3600.255533,2616,1309.85911075566,49.9289330750896,0,TIME_LIMIT,TIME_LIMIT_WITH_CHECKPOINT,NaN,NaN,NaN,NaN,NaN,74724,6580,TIME_LIMIT,0.59169897201333,1,0,49.92893307508945,OK
1146,GRID1_square_27,qspp,GUROBI,544,288,257,0,0.001002,0.001002,3600.791289,3600.792291,2529,1157.20232195498,54.2426918958094,0,TIME_LIMIT,NA,NaN,NaN,NaN,NaN,NaN,0,1190201,TIME_LIMIT,0,1,0,54.24269189580941,OK
1147,GRID1_square_28,qspp,ADMM,544,288,257,30.958082,0.226317,31.184399,13.059483,44.243882,3676,3676.00000000002,0,1,OPTIMAL,CONVERGED,656,0.000999640014512297,-2.80835228215492,2.54346089528913e-14,5.07223369138658e-06,102904,6,OPTIMAL,0,1,1,0.0,OK
1148,GRID1_square_28,qspp,CB,544,288,257,901.064976,0.122007,901.186983,2699.063084,3600.250067,3758,2490.06161462511,33.7397122239195,0,TIME_LIMIT,TIME_LIMIT_WITH_CHECKPOINT,NaN,NaN,NaN,NaN,NaN,76253,6979,TIME_LIMIT,0.620607327612772,1,0,33.739712223919376,OK
1149,GRID1_square_28,qspp,GUROBI,544,288,257,0,0.000948,0.000948,3600.576856,3600.577804,3676,2289.21657746405,37.7253379362338,0,TIME_LIMIT,NA,NaN,NaN,NaN,NaN,NaN,0,962591,TIME_LIMIT,0,1,0,37.72533793623368,OK
1150,GRID1_square_29,qspp,ADMM,612,323,290,28.903261,0.265549,29.16881,81.984961,111.153771,622,621.999999999994,8.95603705523985e-13,1,OPTIMAL,CONVERGED,483,0.000995631547834011,-1.53792452142013,1.19433721078499e-14,3.66682596842112e-06,138329,454,OPTIMAL,0,1,1,9.687142120973713e-13,OK
1151,GRID1_square_29,qspp,CB,612,323,290,901.0633,0.101556,901.164856,2699.120625,3600.285481,622,93.5849463913661,84.9541886830601,0,TIME_LIMIT,TIME_LIMIT_WITH_CHECKPOINT,NaN,NaN,NaN,NaN,NaN,1731,475771,TIME_LIMIT,0,1,0,84.95418868306011,OK
1152,GRID1_square_29,qspp,GUROBI,612,323,290,0,0.001008,0.001008,3602.23358,3602.234588,633,-612.458397005685,196.754881043552,0,TIME_LIMIT,NA,NaN,NaN,NaN,NaN,NaN,0,2510234,TIME_LIMIT,0,1,0,196.75488104355216,OK
1153,GRID1_square_30,qspp,ADMM,612,323,290,31.884214,0.329131,32.213345,26.592123,58.805468,649,648.999999999995,7.0068929258315e-13,1,OPTIMAL,CONVERGED,514,0.000993798131297227,-2.23895252670481,1.26861968853309e-14,3.45577983534433e-06,135342,17,OPTIMAL,0,1,1,7.707582218414646e-13,OK
1154,GRID1_square_30,qspp,CB,612,323,290,901.029155,0.09364,901.122795,2699.112068,3600.234863,658,-24.5993821564252,103.738507926508,0,TIME_LIMIT,TIME_LIMIT_WITH_CHECKPOINT,NaN,NaN,NaN,NaN,NaN,1731,281594,TIME_LIMIT,0,1,0,103.7385079265084,OK
1155,GRID1_square_30,qspp,GUROBI,612,323,290,0,0.000905,0.000905,3601.603296,3601.604201,649,-546.093024691604,184.143763434762,0,TIME_LIMIT,NA,NaN,NaN,NaN,NaN,NaN,0,2524087,TIME_LIMIT,0,1,0,184.1437634347618,OK
1156,GRID1_square_31,qspp,ADMM,612,323,290,26.291935,0.369755,26.66169,41.405932,68.067622,2863,2862.99999999996,1.41364003593766e-12,1,OPTIMAL,CONVERGED,485,0.00099554299808991,-1.91353117328876,3.38649167671379e-14,5.39922335435059e-06,135331,294,OPTIMAL,0,1,1,1.3977564400282515e-12,OK
1157,GRID1_square_31,qspp,CB,612,323,290,901.001525,0.103746,901.105271,2699.091243,3600.196514,2863,2039.12293729318,28.7767049495921,0,TIME_LIMIT,TIME_LIMIT_WITH_CHECKPOINT,NaN,NaN,NaN,NaN,NaN,1731,256547,TIME_LIMIT,0,1,0,28.776704949592038,OK
1158,GRID1_square_31,qspp,GUROBI,612,323,290,0,0.000915,0.000915,3600.52499,3600.525905,2863,939.346444363243,67.1901346712105,0,TIME_LIMIT,NA,NaN,NaN,NaN,NaN,NaN,0,849113,TIME_LIMIT,0,1,0,67.19013467121052,OK
1159,GRID1_square_32,qspp,ADMM,612,323,290,19.747489,0.285042,20.032531,51.527593,71.560124,4149,4148.99999999994,1.33716984353214e-12,1,OPTIMAL,CONVERGED,352,0.000994089993774322,-0.567130336116363,5.09215250724472e-14,5.19915233946415e-06,133965,250,OPTIMAL,0,1,1,1.4467739290675649e-12,OK
1160,GRID1_square_32,qspp,CB,612,323,290,900.942513,0.093587,901.0361,2699.100522,3600.136622,4149,3094.34555170093,25.4194853771769,0,TIME_LIMIT,TIME_LIMIT_WITH_CHECKPOINT,NaN,NaN,NaN,NaN,NaN,1731,62109,TIME_LIMIT,0,1,0,25.419485377176905,OK
1161,GRID1_square_32,qspp,GUROBI,612,323,290,0,0.001571,0.001571,3600.475833,3600.477404,4149,2275.48334647281,45.1558605333138,0,TIME_LIMIT,NA,NaN,NaN,NaN,NaN,NaN,0,723023,TIME_LIMIT,0,1,0,45.15586053331381,OK
1162,GRID1_square_33,qspp,ADMM,684,360,325,27.94527,0.327496,28.272766,1395.942334,1424.2151,715,714.999999999999,1.90803084288027e-13,1,OPTIMAL,CONVERGED,371,0.00099209343430101,-1.49405478855323,1.0691674375547e-14,3.89738996700244e-06,172216,4440,OPTIMAL,0,1,1,1.4310231321602018e-13,OK
1163,GRID1_square_33,qspp,CB,684,360,325,901.05842,0.102686,901.161106,2699.111224,3600.27233,729,-131.985126281668,118.104955594193,0,TIME_LIMIT,TIME_LIMIT_WITH_CHECKPOINT,NaN,NaN,NaN,NaN,NaN,1941,373153,TIME_LIMIT,0,1,0,118.10495559419314,OK
1164,GRID1_square_33,qspp,GUROBI,684,360,325,0,0.000823,0.000823,3601.202476,3601.203299,715,-893.14556412689,224.91546351425,0,TIME_LIMIT,NA,NaN,NaN,NaN,NaN,NaN,0,1978156,TIME_LIMIT,0,1,0,224.91546351425032,OK
1165,GRID1_square_34,qspp,ADMM,684,360,325,37.112828,0.313197,37.426025,66.108244,103.534269,681,680.999999999996,6.00987688396208e-13,1,OPTIMAL,CONVERGED,469,0.000996487720267701,-1.75138094961389,1.1389274424881e-14,3.97392771275752e-06,171382,209,OPTIMAL,0,1,1,5.842935859407579e-13,OK
1166,GRID1_square_34,qspp,CB,684,360,325,901.133386,0.102985,901.236371,2699.038689,3600.27506,681,-93.8876662605194,113.786735133703,0,TIME_LIMIT,TIME_LIMIT_WITH_CHECKPOINT,NaN,NaN,NaN,NaN,NaN,1941,389476,TIME_LIMIT,0,1,0,113.78673513370327,OK
1167,GRID1_square_34,qspp,GUROBI,684,360,325,0,0.001235,0.001235,3601.22202,3601.223255,705,-863.160349401999,222.434092113759,0,TIME_LIMIT,NA,NaN,NaN,NaN,NaN,NaN,0,2095611,TIME_LIMIT,0,1,0,222.43409211375877,OK
1168,GRID1_square_35,qspp,ADMM,684,360,325,28.422427,0.33187,28.754297,599.659274,628.413571,3307,3306.99999999999,1.65012646224299e-13,1,OPTIMAL,CONVERGED,384,0.000993448658545442,-3.6634137273993,1.66727969159827e-14,6.39440564217769e-06,163958,2090,OPTIMAL,0,1,1,3.0252318474454827e-13,OK
1169,GRID1_square_35,qspp,CB,684,360,325,901.074174,0.098753,901.172927,2699.029638,3600.202565,3314,2113.42650674588,36.2273232726047,0,TIME_LIMIT,TIME_LIMIT_WITH_CHECKPOINT,NaN,NaN,NaN,NaN,NaN,1941,224829,TIME_LIMIT,0,1,0,36.22732327260471,OK
1170,GRID1_square_35,qspp,GUROBI,684,360,325,0,0.00079,0.00079,3600.423454,3600.424244,3307,687.940688087697,79.1974391264682,0,TIME_LIMIT,NA,NaN,NaN,NaN,NaN,NaN,0,644744,TIME_LIMIT,0,1,0,79.1974391264682,OK
1171,GRID1_square_36,qspp,ADMM,684,360,325,142.058345,0.325435,142.38378,131.251959,273.635739,4662,4661.99999999999,1.95086808617102e-13,1,OPTIMAL,CONVERGED,1930,0.000995107614560974,-2.49346635812211,2.3852981169204e-14,6.10277071369569e-06,221194,25,OPTIMAL,0,1,1,2.145954894788119e-13,OK
1172,GRID1_square_36,qspp,CB,684,360,325,901.138682,0.107152,901.245834,2698.912017,3600.157851,4662,3325.02576099285,28.6781261048295,0,TIME_LIMIT,TIME_LIMIT_WITH_CHECKPOINT,NaN,NaN,NaN,NaN,NaN,1941,47108,TIME_LIMIT,0,1,0,28.678126104829477,OK
1173,GRID1_square_36,qspp,GUROBI,684,360,325,0,0.000902,0.000902,3600.400776,3600.401678,4662,2263.06756812942,51.4571521207761,0,TIME_LIMIT,NA,NaN,NaN,NaN,NaN,NaN,0,609693,TIME_LIMIT,0,1,0,51.45715212077606,OK
1174,GRID1_square_37,qspp,ADMM,760,399,362,89.180525,0.371404,89.551929,37.883108,127.435037,747,747.00000000001,0,1,OPTIMAL,CONVERGED,829,0.000995867823485774,-1.58546823222745,1.2611598562654e-14,4.36996536441709e-06,222579,10,OPTIMAL,0,1,1,0.0,OK
1175,GRID1_square_37,qspp,CB,760,399,362,901.273559,0.110038,901.383597,2698.755986,3600.139583,829,-442.670609020647,153.398143428305,0,TIME_LIMIT,TIME_LIMIT_WITH_CHECKPOINT,NaN,NaN,NaN,NaN,NaN,2163,85096,TIME_LIMIT,0,1,0,153.39814342830485,OK
1176,GRID1_square_37,qspp,GUROBI,760,399,362,0,0.000944,0.000944,3600.997168,3600.998112,747,-1260.07054236675,268.684142217772,0,TIME_LIMIT,NA,NaN,NaN,NaN,NaN,NaN,0,1519168,TIME_LIMIT,0,1,0,268.68414221777107,OK
1177,GRID1_square_38,qspp,ADMM,760,399,362,44.335963,0.378384,44.714347,649.360565,694.074912,837,837.000000000006,0,1,OPTIMAL,CONVERGED,416,0.000990745202188207,-2.38690513371507,1.2986901668206e-14,4.44253908297012e-06,210635,1888,OPTIMAL,0,1,1,0.0,OK
1178,GRID1_square_38,qspp,CB,760,399,362,900.31205,0,900.31205,NaN,900.31205,1618,-Inf,Inf,0,PHASE1_LIMIT,TIME_LIMIT,NaN,NaN,NaN,NaN,NaN,NaN,0,NOT_RUN,0,1,0,inf,OK
1179,GRID1_square_38,qspp,GUROBI,760,399,362,0,0.000823,0.000823,3601.056319,3601.057142,837,-1164.63278855385,239.143702336183,0,TIME_LIMIT,NA,NaN,NaN,NaN,NaN,NaN,0,1579521,TIME_LIMIT,0,1,0,239.1437023361828,OK
1180,GRID1_square_39,qspp,ADMM,760,399,362,69.445292,0.426678,69.87197,46.518016,116.389986,3580,3580.00000000003,0,1,OPTIMAL,CONVERGED,597,0.000999077174286267,-2.66643276806543,2.67083170268194e-14,6.70769411515649e-06,203698,48,OPTIMAL,0,1,1,0.0,OK
1181,GRID1_square_39,qspp,CB,760,399,362,900.338996,0,900.338996,NaN,900.338996,4774,-Inf,Inf,0,PHASE1_LIMIT,TIME_LIMIT,NaN,NaN,NaN,NaN,NaN,NaN,0,NOT_RUN,0,1,0,inf,OK
1182,GRID1_square_39,qspp,GUROBI,760,399,362,0,0.001266,0.001266,3600.406536,3600.407802,3580,539.392837074461,84.9331609755737,0,TIME_LIMIT,NA,NaN,NaN,NaN,NaN,NaN,0,467509,TIME_LIMIT,0,1,0,84.93316097557371,OK
1183,GRID1_square_40,qspp,ADMM,760,399,362,43.450737,0.400288,43.851025,79.94148,123.792505,5226,5226.00000000004,0,1,OPTIMAL,CONVERGED,393,0.00099363312068417,-1.98758208103535,4.03722495385124e-14,6.50038412167958e-06,200059,283,OPTIMAL,0,1,1,0.0,OK
1184,GRID1_square_40,qspp,CB,760,399,362,900.31267,0,900.31267,NaN,900.31267,6424,-Inf,Inf,0,PHASE1_LIMIT,TIME_LIMIT,NaN,NaN,NaN,NaN,NaN,NaN,0,NOT_RUN,0,1,0,inf,OK
1185,GRID1_square_40,qspp,GUROBI,760,399,362,0,0.000942,0.000942,3600.429044,3600.429986,5239,2151.011177476,58.9423329361328,0,TIME_LIMIT,NA,NaN,NaN,NaN,NaN,NaN,0,270176,TIME_LIMIT,0,1,0,58.94233293613286,OK
1186,GRID3_SQUARE_01,qspp,ADMM,722,362,361,36.352327,0.32687,36.679197,229.484189,266.163386,582,582.000000000001,0,1,OPTIMAL,CONVERGED,396,0.00099579588992595,-0.919146997055343,1.3481185465788e-14,4.88557816617093e-06,193051,1011,OPTIMAL,0,1,1,0.0,OK
1187,GRID3_SQUARE_01,qspp,CB,722,362,361,901.200601,0.10418,901.304781,2698.883661,3600.188442,582,-216.14225429901,137.137844381273,0,TIME_LIMIT,TIME_LIMIT_WITH_CHECKPOINT,NaN,NaN,NaN,NaN,NaN,2223,120455,TIME_LIMIT,0,1,0,137.1378443812732,OK
1188,GRID3_SQUARE_01,qspp,GUROBI,722,362,361,0,0.001725,0.001725,2203.668074,2203.669799,582,582,0,1,OPTIMAL,NA,NaN,NaN,NaN,NaN,NaN,0,2247381,OPTIMAL,0,1,1,0.0,OK
1189,GRID3_SQUARE_02,qspp,ADMM,722,362,361,33.581115,0.374815,33.95593,163.753535,197.709465,579,579,0,1,OPTIMAL,CONVERGED,323,0.000994148323435664,-0.707987246071502,1.35371579259619e-14,4.48051038958432e-06,195790,532,OPTIMAL,0,1,1,0.0,OK
1190,GRID3_SQUARE_02,qspp,CB,722,362,361,901.294011,0.124018,901.418029,2698.817206,3600.235235,644,-177.205240882767,127.516341751983,0,TIME_LIMIT,TIME_LIMIT_WITH_CHECKPOINT,NaN,NaN,NaN,NaN,NaN,2223,130886,TIME_LIMIT,0,1,0,127.51634175198245,OK
1191,GRID3_SQUARE_02,qspp,GUROBI,722,362,361,0,0.001103,0.001103,2398.545479,2398.546582,579,579,0,1,OPTIMAL,NA,NaN,NaN,NaN,NaN,NaN,0,2293190,OPTIMAL,0,1,1,0.0,OK
1192,GRID3_SQUARE_03,qspp,ADMM,722,362,361,169.681788,0.406569,170.088357,78.064748,248.153105,762,762.000000000001,0,1,OPTIMAL,CONVERGED,1735,0.000953464693459492,-3.15468688418445,1.27988219940657e-14,4.48179370828647e-06,250348,11,OPTIMAL,0,1,1,0.0,OK
1193,GRID3_SQUARE_03,qspp,CB,722,362,361,901.597243,0.109151,901.706394,2698.455527,3600.161921,762,-285.510162175905,137.468525219935,0,TIME_LIMIT,TIME_LIMIT_WITH_CHECKPOINT,NaN,NaN,NaN,NaN,NaN,2223,84941,TIME_LIMIT,0,1,0,137.46852521993503,OK
1194,GRID3_SQUARE_03,qspp,GUROBI,722,362,361,0,0.001051,0.001051,1820.064929,1820.06598,762,762,0,1,OPTIMAL,NA,NaN,NaN,NaN,NaN,NaN,0,542291,OPTIMAL,0,1,1,0.0,OK
1195,GRID3_SQUARE_04,qspp,ADMM,722,362,361,60.405112,0.367233,60.772345,31.377788,92.150133,768,767.999999999999,1.33226762955019e-13,1,OPTIMAL,CONVERGED,650,0.000527129312142084,-3.80926383282135,1.33811767140902e-14,4.25073812582786e-06,254123,1,OPTIMAL,0,1,1,1.3322676295501878e-13,OK
1196,GRID3_SQUARE_04,qspp,CB,722,362,361,901.156244,0.101471,901.257715,2698.890277,3600.147992,812,-266.160503034677,132.778387073236,0,TIME_LIMIT,TIME_LIMIT_WITH_CHECKPOINT,NaN,NaN,NaN,NaN,NaN,2223,113284,TIME_LIMIT,0,1,0,132.7783870732361,OK
1197,GRID3_SQUARE_04,qspp,GUROBI,722,362,361,0,0.000944,0.000944,2214.029833,2214.030777,768,768,0,1,OPTIMAL,NA,NaN,NaN,NaN,NaN,NaN,0,673886,OPTIMAL,0,1,1,0.0,OK
1198,GRID3_SQUARE_05,qspp,ADMM,800,401,400,102.121422,0.423962,102.545384,44.10959,146.654974,601,600.999999999998,2.64827908170154e-13,1,OPTIMAL,CONVERGED,835,0.00099864490162905,-0.557953972816907,1.76701836813444e-14,5.19351067723866e-06,243953,14,OPTIMAL,0,1,1,3.4049302479019776e-13,OK
1199,GRID3_SQUARE_05,qspp,CB,800,401,400,900.34822,0,900.34822,NaN,900.34822,1160,-Inf,Inf,0,PHASE1_LIMIT,TIME_LIMIT,NaN,NaN,NaN,NaN,NaN,NaN,0,NOT_RUN,0,1,0,inf,OK
1200,GRID3_SQUARE_05,qspp,GUROBI,800,401,400,0,0.001657,0.001657,3600.538144,3600.539801,601,490,18.4692179700499,0,TIME_LIMIT,NA,NaN,NaN,NaN,NaN,NaN,0,3349270,TIME_LIMIT,0,1,0,18.469217970049918,OK
1201,GRID3_SQUARE_06,qspp,ADMM,800,401,400,34.214023,0.416919,34.630942,2830.511813,2865.142755,671,670.999999999996,6.26887182667629e-13,1,OPTIMAL,CONVERGED,281,0.000993444080393154,-1.17634699149141,1.78831839107191e-14,5.0014778975035e-06,236989,8811,OPTIMAL,0,1,1,5.930013890099196e-13,OK
1202,GRID3_SQUARE_06,qspp,CB,800,401,400,900.365362,0,900.365362,NaN,900.365362,1256,-Inf,Inf,0,PHASE1_LIMIT,TIME_LIMIT,NaN,NaN,NaN,NaN,NaN,NaN,0,NOT_RUN,0,1,0,inf,OK
1203,GRID3_SQUARE_06,qspp,GUROBI,800,401,400,0,0.001096,0.001096,3600.986401,3600.987497,677,476,29.6898079763663,0,TIME_LIMIT,NA,NaN,NaN,NaN,NaN,NaN,0,3484837,TIME_LIMIT,0,1,0,29.68980797636632,OK
1204,GRID3_SQUARE_07,qspp,ADMM,800,401,400,63.849548,0.434841,64.284389,322.684237,386.968626,888,887.999999999994,6.27326018959368e-13,1,OPTIMAL,CONVERGED,475,0.00099482449982038,-3.5584359718207,1.61487288414279e-14,5.01017836433779e-06,229936,771,OPTIMAL,0,1,1,6.785363062213569e-13,OK
1205,GRID3_SQUARE_07,qspp,CB,800,401,400,900.403243,0,900.403243,NaN,900.403243,1105,-Inf,Inf,0,PHASE1_LIMIT,TIME_LIMIT,NaN,NaN,NaN,NaN,NaN,NaN,0,NOT_RUN,0,1,0,inf,OK
1206,GRID3_SQUARE_07,qspp,GUROBI,800,401,400,0,0.001074,0.001074,3600.385491,3600.386565,888,668.852792233877,24.6787396133021,0,TIME_LIMIT,NA,NaN,NaN,NaN,NaN,NaN,0,1108450,TIME_LIMIT,0,1,0,24.678739613302135,OK
1207,GRID3_SQUARE_08,qspp,ADMM,800,401,400,171.933091,0.48436,172.417451,79.266805,251.684256,879,878.999999999995,5.82014527585065e-13,1,OPTIMAL,CONVERGED,1138,0.000999096119788304,-4.51444360344881,1.57702600734378e-14,4.83186555810706e-06,233999,142,OPTIMAL,0,1,1,5.69080871416508e-13,OK
1208,GRID3_SQUARE_08,qspp,CB,800,401,400,900.346829,0,900.346829,NaN,900.346829,1249,-Inf,Inf,0,PHASE1_LIMIT,TIME_LIMIT,NaN,NaN,NaN,NaN,NaN,NaN,0,NOT_RUN,0,1,0,inf,OK
1209,GRID3_SQUARE_08,qspp,GUROBI,800,401,400,0,0.002081,0.002081,3600.407806,3600.409887,879,687.582900892703,21.7766893182362,0,TIME_LIMIT,NA,NaN,NaN,NaN,NaN,NaN,0,1011507,TIME_LIMIT,0,1,0,21.776689318236286,OK
1210,PARK_01,qspp,ADMM,60,16,45,0.235598,0.086141,0.321739,0.234632,0.556371,20,20,0,1,OPTIMAL,CONVERGED,241,0.000941829735973838,2.45641680050342,2.44548863479997e-15,7.54908958622146e-07,1682,1,OPTIMAL,0,1,1,0.0,OK
1211,PARK_01,qspp,CB,60,16,45,5.74928,0.066532,5.815812,0.207044,6.022856,20,19.9999999999927,3.63797880709171e-11,1,OPTIMAL,"1, relative precision criterion satisfied",NaN,NaN,NaN,NaN,NaN,1580,1,OPTIMAL,0,1,1,3.650413304967515e-11,OK
1212,PARK_01,qspp,GUROBI,60,16,45,0,0.003097,0.003097,0.276583,0.27968,20,20,0,1,OPTIMAL,NA,NaN,NaN,NaN,NaN,NaN,0,1,OPTIMAL,0,1,1,0.0,OK
1213,PARK_02,qspp,ADMM,60,16,45,0.313806,0.077237,0.391043,0.232918,0.623961,32,32,0,1,OPTIMAL,CONVERGED,341,0.000759419296844444,1.53376841733222,2.78172432645941e-15,6.7289619764053e-07,1744,1,OPTIMAL,0,1,1,0.0,OK
1214,PARK_02,qspp,CB,60,16,45,7.160971,0.064583,7.225554,0.298997,7.524551,32,31.9979394986559,0.00643906670034777,1,OPTIMAL,"1, relative precision criterion satisfied",NaN,NaN,NaN,NaN,NaN,1530,1,OPTIMAL,0.00206050136594065,1,1,0.006439066700314466,OK
1215,PARK_02,qspp,GUROBI,60,16,45,0,0.002803,0.002803,0.302953,0.305756,32,32,0,1,OPTIMAL,NA,NaN,NaN,NaN,NaN,NaN,0,1,OPTIMAL,0,1,1,0.0,OK
1216,PARK_03,qspp,ADMM,60,16,45,0.213627,0.094129,0.307756,0.232652,0.540408,31,31,8.02225669406565e-14,1,OPTIMAL,CONVERGED,222,0.000890017115294671,1.64441839358721,2.59386861851778e-15,7.99104351949785e-07,1720,1,OPTIMAL,0,1,1,0.0,OK
1217,PARK_03,qspp,CB,60,16,45,9.588267,0.057097,9.645364,0.174513,9.819877,31,30.9994576313267,0.00174957636559037,1,OPTIMAL,"1, relative precision criterion satisfied",NaN,NaN,NaN,NaN,NaN,1401,1,OPTIMAL,0.000542368673331906,1,1,0.0017495763654872302,OK
1218,PARK_03,qspp,GUROBI,60,16,45,0,0.002772,0.002772,0.377006,0.379778,31,31,0,1,OPTIMAL,NA,NaN,NaN,NaN,NaN,NaN,0,155,OPTIMAL,0,1,1,0.0,OK
1219,PARK_04,qspp,ADMM,60,16,45,0.258054,0.073518,0.331572,0.253274,0.584846,28,28,0,1,OPTIMAL,CONVERGED,291,0.000784287861488562,0.887857385512411,2.5296642451315e-15,6.8970921857661e-07,1729,1,OPTIMAL,0,1,1,0.0,OK
1220,PARK_04,qspp,CB,60,16,45,6.755158,0.058691,6.813849,0.231669,7.045518,28,28.0000000000018,0,1,OPTIMAL,"1, relative precision criterion satisfied",NaN,NaN,NaN,NaN,NaN,1381,1,OPTIMAL,0,1,1,0.0,OK
1221,PARK_04,qspp,GUROBI,60,16,45,0,0.002695,0.002695,0.372608,0.375303,28,28,0,1,OPTIMAL,NA,NaN,NaN,NaN,NaN,NaN,0,1,OPTIMAL,0,1,1,0.0,OK
1222,PARK_05,qspp,ADMM,120,25,96,0.938405,0.092688,1.031093,0.427342,1.458435,34,34,4.17966315153e-14,1,OPTIMAL,CONVERGED,471,0.000979051227333084,2.23370174902037,2.88985004132836e-15,1.44912051359929e-06,6886,1,OPTIMAL,0,1,1,0.0,OK
1223,PARK_05,qspp,CB,120,25,96,102.72932,0.044813,102.774133,0.500379,103.274512,34,33.9886108204085,0.0334975870337928,1,OPTIMAL,"1, relative precision criterion satisfied",NaN,NaN,NaN,NaN,NaN,6015,1,OPTIMAL,0.0113891795260048,1,1,0.0334975870338137,OK
1224,PARK_05,qspp,GUROBI,120,25,96,0,0.002808,0.002808,0.742394,0.745202,34,34,0,1,OPTIMAL,NA,NaN,NaN,NaN,NaN,NaN,0,390,OPTIMAL,0,1,1,0.0,OK
1225,PARK_06,qspp,ADMM,120,25,96,0.611143,0.089109,0.700252,0.480222,1.180474,45,45,0,1,OPTIMAL,CONVERGED,271,0.000829686874750423,-0.0562476413653595,2.73403443004033e-15,1.31016848795233e-06,6998,1,OPTIMAL,0,1,1,0.0,OK
1226,PARK_06,qspp,CB,120,25,96,295.175238,0.066996,295.242234,0.583956,295.82619,45,44.9934991840832,0.0144462575929399,1,OPTIMAL,"1, relative precision criterion satisfied",NaN,NaN,NaN,NaN,NaN,6078,1,OPTIMAL,0.00650081585861474,1,1,0.014446257592892506,OK
1227,PARK_06,qspp,GUROBI,120,25,96,0,0.002866,0.002866,0.752068,0.754934,45,45,0,1,OPTIMAL,NA,NaN,NaN,NaN,NaN,NaN,0,1435,OPTIMAL,0,1,1,0.0,OK
1228,PARK_07,qspp,ADMM,120,25,96,0.530131,0.095254,0.625385,0.414957,1.040342,37,36.9999999999999,1.53630861785968e-13,1,OPTIMAL,CONVERGED,215,0.000932129520896507,3.69005171030141,2.64243307255983e-15,1.55191404457424e-06,6959,1,OPTIMAL,0,1,1,2.688540081254433e-13,OK
1229,PARK_07,qspp,CB,120,25,96,149.587613,0.068985,149.656598,1.119196,150.775794,37,36.9829246168418,0.0461496842112181,1,OPTIMAL,"1, relative precision criterion satisfied",NaN,NaN,NaN,NaN,NaN,5749,1,OPTIMAL,0.0170753831872521,1,1,0.04614968421135257,OK
1230,PARK_07,qspp,GUROBI,120,25,96,0,0.001388,0.001388,0.741037,0.742425,37,37,0,1,OPTIMAL,NA,NaN,NaN,NaN,NaN,NaN,0,510,OPTIMAL,0,1,1,0.0,OK
1231,PARK_08,qspp,ADMM,120,25,96,0.758612,0.096112,0.854724,0.431701,1.286425,46,46,9.26794872730565e-14,1,OPTIMAL,CONVERGED,369,0.000916744034814521,-0.248933268450452,3.15942732220446e-15,1.30813138916348e-06,7042,1,OPTIMAL,0,1,1,0.0,OK
1232,PARK_08,qspp,CB,120,25,96,224.839339,0.070621,224.90996,0.72599,225.63595,46,45.987667522362,0.0268097339956001,1,OPTIMAL,"1, relative precision criterion satisfied",NaN,NaN,NaN,NaN,NaN,6064,1,OPTIMAL,0.0123324777543901,1,1,0.02680973399564649,OK
1233,PARK_08,qspp,GUROBI,120,25,96,0,0.003888,0.003888,0.867479,0.871367,46,46,0,1,OPTIMAL,NA,NaN,NaN,NaN,NaN,NaN,0,1494,OPTIMAL,0,1,1,0.0,OK
1234,PARK_09,qspp,ADMM,210,36,175,2.38655,0.087064,2.473614,0.793497,3.267111,41,40.9999999999999,3.29275901937607e-13,1,OPTIMAL,CONVERGED,324,0.000985037351856052,1.0120847514192,6.82416160277231e-15,2.16498849388444e-06,21591,1,OPTIMAL,0,1,1,2.426243487961318e-13,OK
1235,PARK_09,qspp,CB,210,36,175,226.677468,0.049407,226.726875,27.734515,254.46139,41,40.9999997665291,5.69441287619312e-07,1,OPTIMAL,ORACLE_FAILURE_WITH_SNAPSHOT,NaN,NaN,NaN,NaN,NaN,14952,436,OPTIMAL,0,1,1,5.694412182980691e-07,OK
1236,PARK_09,qspp,GUROBI,210,36,175,0,0.00079,0.00079,1.201861,1.202651,41,41,0,1,OPTIMAL,NA,NaN,NaN,NaN,NaN,NaN,0,537,OPTIMAL,0,1,1,0.0,OK
1237,PARK_10,qspp,ADMM,210,36,175,3.301488,0.06542,3.366908,0.860914,4.227822,54,53.9999999999999,1.97372982155583e-13,1,OPTIMAL,CONVERGED,464,0.000990942689848602,1.13357738599369,6.84529470683191e-15,2.30911398839255e-06,21702,1,OPTIMAL,0,1,1,1.8421478334521117e-13,OK
1238,PARK_10,qspp,CB,210,36,175,900.55558,0.072778,900.628358,9.136572,909.76493,54,53.9999466480331,9.87999387784081e-05,1,OPTIMAL,TIME_LIMIT_WITH_CHECKPOINT,NaN,NaN,NaN,NaN,NaN,16415,129,OPTIMAL,5.33519669412286e-05,1,1,9.879993869945893e-05,OK
1239,PARK_10,qspp,GUROBI,210,36,175,0,0.000847,0.000847,1.328401,1.329248,54,54,0,1,OPTIMAL,NA,NaN,NaN,NaN,NaN,NaN,0,738,OPTIMAL,0,1,1,0.0,OK
1240,PARK_11,qspp,ADMM,210,36,175,4.022527,0.075212,4.097739,0.894787,4.992526,46,45.9999999999999,1.54465812121761e-13,1,OPTIMAL,CONVERGED,535,0.000999309257488379,2.34100463591143,6.28615301873075e-15,2.37055903527833e-06,21129,1,OPTIMAL,0,1,1,2.1625213697046528e-13,OK
1241,PARK_11,qspp,CB,210,36,175,234.481352,0.058174,234.539526,30.440828,264.980354,46,45.9998143976826,0.000403483298605994,1,OPTIMAL,ORACLE_FAILURE_WITH_SNAPSHOT,NaN,NaN,NaN,NaN,NaN,14751,554,OPTIMAL,0.000185602200941668,1,1,0.00040348329869867365,OK
1242,PARK_11,qspp,GUROBI,210,36,175,0,0.001426,0.001426,1.316177,1.317603,46,46,0,1,OPTIMAL,NA,NaN,NaN,NaN,NaN,NaN,0,604,OPTIMAL,0,1,1,0.0,OK
1243,PARK_12,qspp,ADMM,210,36,175,2.659855,0.065712,2.725567,0.866131,3.591698,53,52.9999999999998,4.29006934798551e-13,1,OPTIMAL,CONVERGED,377,0.000869463440872981,0.90636850732847,6.49619634452858e-15,2.37871218879681e-06,21519,1,OPTIMAL,0,1,1,3.7538106794873217e-13,OK
1244,PARK_12,qspp,CB,210,36,175,280.629834,0.052263,280.682097,43.330065,324.012162,53,53.0000000003492,0,1,OPTIMAL,ORACLE_FAILURE_WITH_SNAPSHOT,NaN,NaN,NaN,NaN,NaN,15052,779,OPTIMAL,0,1,1,0.0,OK
1245,PARK_12,qspp,GUROBI,210,36,175,0,0.00099,0.00099,1.376725,1.377715,53,53,0,1,OPTIMAL,NA,NaN,NaN,NaN,NaN,NaN,0,947,OPTIMAL,0,1,1,0.0,OK
1246,PARK_13,qspp,ADMM,336,49,288,11.654038,0.131751,11.785789,2.28923,14.075019,75,75,5.6843418860808e-14,1,OPTIMAL,CONVERGED,498,0.000883441275828958,-0.848107806871958,5.33844011614645e-15,3.3780479252423e-06,55079,1,OPTIMAL,0,1,1,0.0,OK
1247,PARK_13,qspp,CB,336,49,288,900.645206,0.068526,900.713732,2699.436818,3600.15055,81,-4.28728879435684,105.292949128836,0,TIME_LIMIT,TIME_LIMIT_WITH_CHECKPOINT,NaN,NaN,NaN,NaN,NaN,36718,19207,TIME_LIMIT,0.000155369077822876,1,0,105.29294912883562,OK
1248,PARK_13,qspp,GUROBI,336,49,288,0,0.000936,0.000936,6.728781,6.729717,75,75,0,1,OPTIMAL,NA,NaN,NaN,NaN,NaN,NaN,0,4051,OPTIMAL,0,1,1,0.0,OK
1249,PARK_14,qspp,ADMM,336,49,288,8.750828,0.108716,8.859544,3.137247,11.996791,68,67.9999999999997,4.17966315153e-13,1,OPTIMAL,CONVERGED,361,0.00086189060089335,0.444627347703986,5.05072426512527e-15,3.48190241788661e-06,55445,1,OPTIMAL,0,1,1,4.388646309106501e-13,OK
1250,PARK_14,qspp,CB,336,49,288,900.655718,0.071367,900.727085,1923.131183,2823.858268,68,67.9999820542759,2.63907707295295e-05,1,OPTIMAL,TIME_LIMIT_WITH_CHECKPOINT,NaN,NaN,NaN,NaN,NaN,36465,21984,OPTIMAL,1.79459569196183e-05,1,1,2.6390770729529538e-05,OK
1251,PARK_14,qspp,GUROBI,336,49,288,0,0.001179,0.001179,7.96389,7.965069,68,68,0,1,OPTIMAL,NA,NaN,NaN,NaN,NaN,NaN,0,3790,OPTIMAL,0,1,1,0.0,OK
1252,PARK_15,qspp,ADMM,336,49,288,16.652566,0.141377,16.793943,3.04671,19.840653,70,69.9999999999998,3.24819536347474e-13,1,OPTIMAL,CONVERGED,689,0.000941687282291963,-1.36419369779015,5.57282811458587e-15,3.20730490694057e-06,54825,1,OPTIMAL,0,1,1,2.8421709430404007e-13,OK
1253,PARK_15,qspp,CB,336,49,288,900.651823,0.079086,900.730909,2396.627655,3297.358564,70,69.999727786471,0.00038887647004263,1,OPTIMAL,TIME_LIMIT_WITH_CHECKPOINT,NaN,NaN,NaN,NaN,NaN,36174,33002,OPTIMAL,0.000272213645440722,1,1,0.00038887647000202766,OK
1254,PARK_15,qspp,GUROBI,336,49,288,0,0.001043,0.001043,6.405318,6.406361,70,70,0,1,OPTIMAL,NA,NaN,NaN,NaN,NaN,NaN,0,3486,OPTIMAL,0,1,1,0.0,OK
1255,PARK_16,qspp,ADMM,336,49,288,10.06894,0.147177,10.216117,3.56672,13.782837,81,80.9999999999999,1.57898385724467e-13,1,OPTIMAL,CONVERGED,399,0.000793041682217376,-1.37654758038391,5.41249475812282e-15,3.27416834516354e-06,55821,1,OPTIMAL,0,1,1,1.228098555634741e-13,OK
1256,PARK_16,qspp,CB,336,49,288,902.140775,0.102046,902.242821,2698.043024,3600.285845,81,-42.197731322449,152.095964595616,0,TIME_LIMIT,TIME_LIMIT_WITH_CHECKPOINT,NaN,NaN,NaN,NaN,NaN,37643,18075,TIME_LIMIT,0.00130979789445085,1,0,152.09596459561604,OK
1257,PARK_16,qspp,GUROBI,336,49,288,0,0.00355,0.00355,11.519482,11.523032,81,81,0,1,OPTIMAL,NA,NaN,NaN,NaN,NaN,NaN,0,4704,OPTIMAL,0,1,1,0.0,OK
1258,PARK_17,qspp,ADMM,504,64,441,58.121855,0.328503,58.450358,11.369578,69.819936,116,116,3.3076989423315e-13,1,OPTIMAL,CONVERGED,579,0.00089083686913384,-5.00286978096085,6.98650974769664e-15,4.47351731302399e-06,125602,1,OPTIMAL,0,1,1,0.0,OK
1259,PARK_17,qspp,CB,504,64,441,902.392015,0.130154,902.522169,2697.805664,3600.327833,144,-457.190076902677,417.493108960192,0,TIME_LIMIT,TIME_LIMIT_WITH_CHECKPOINT,NaN,NaN,NaN,NaN,NaN,78788,3220,TIME_LIMIT,0.00367900916355304,1,0,417.49310896019233,OK
1260,PARK_17,qspp,GUROBI,504,64,441,0,0.00321,0.00321,71.420008,71.423218,116,116,0,1,OPTIMAL,NA,NaN,NaN,NaN,NaN,NaN,0,18770,OPTIMAL,0,1,1,0.0,OK
1261,PARK_18,qspp,ADMM,504,64,441,50.072896,0.259661,50.332557,11.210819,61.543376,113,113,2.26367597233306e-13,1,OPTIMAL,CONVERGED,588,0.00087932323140092,-6.11744749176662,7.04896388343118e-15,4.71051815498389e-06,125015,1,OPTIMAL,0,1,1,0.0,OK
1262,PARK_18,qspp,CB,504,64,441,903.155545,0.156296,903.311841,2697.168499,3600.48034,136,-434.415066259318,419.422842837734,0,TIME_LIMIT,TIME_LIMIT_WITH_CHECKPOINT,NaN,NaN,NaN,NaN,NaN,77848,4723,TIME_LIMIT,0.0025557610675935,1,0,419.4228428377338,OK
1263,PARK_18,qspp,GUROBI,504,64,441,0,0.004084,0.004084,61.546525,61.550609,113,113,0,1,OPTIMAL,NA,NaN,NaN,NaN,NaN,NaN,0,17422,OPTIMAL,0,1,1,0.0,OK
1264,PARK_19,qspp,ADMM,504,64,441,60.173141,0.254646,60.427787,10.924017,71.351804,96,95.9999999999993,7.40148683083438e-13,1,OPTIMAL,CONVERGED,677,0.000955579134242936,-2.98140187575867,6.57577972134224e-15,4.82049210676056e-06,122364,1,OPTIMAL,0,1,1,7.253457094217689e-13,OK
1265,PARK_19,qspp,CB,504,64,441,900.933059,0.115182,901.048241,2699.261679,3600.30992,118,-402.281714581693,440.916707272621,0,TIME_LIMIT,TIME_LIMIT_WITH_CHECKPOINT,NaN,NaN,NaN,NaN,NaN,80986,10202,TIME_LIMIT,0.00321707607634735,1,0,440.9167072726212,OK
1266,PARK_19,qspp,GUROBI,504,64,441,0,0.001034,0.001034,64.056626,64.05766,96,96,0,1,OPTIMAL,NA,NaN,NaN,NaN,NaN,NaN,0,17587,OPTIMAL,0,1,1,0.0,OK
1267,PARK_20,qspp,ADMM,504,64,441,43.404476,0.167565,43.572041,6.172801,49.744842,101,101,2.81403063667366e-13,1,OPTIMAL,CONVERGED,552,0.000717754406550595,-3.42260774215453,6.73082608161836e-15,4.4473305906522e-06,125538,1,OPTIMAL,0,1,1,0.0,OK
1268,PARK_20,qspp,CB,504,64,441,901.13724,0.120368,901.257608,2698.977716,3600.235324,119,-433.106166973885,463.954762162929,0,TIME_LIMIT,TIME_LIMIT_WITH_CHECKPOINT,NaN,NaN,NaN,NaN,NaN,77013,5103,TIME_LIMIT,0.00262710844932694,1,0,463.9547621629286,OK
1269,PARK_20,qspp,GUROBI,504,64,441,0,0.002661,0.002661,77.323665,77.326326,101,101,0,1,OPTIMAL,NA,NaN,NaN,NaN,NaN,NaN,0,17229,OPTIMAL,0,1,1,0.0,OK
1270,PARK_21,qspp,ADMM,720,81,640,235.277249,0.349232,235.626481,57.42708,293.053561,140,139.999999999999,5.6843418860808e-13,1,OPTIMAL,CONVERGED,871,0.000603377476946935,-9.10937543864512,1.54766970148058e-14,6.03600110772357e-06,255424,21,OPTIMAL,0,1,1,7.105427357601002e-13,OK
1271,PARK_21,qspp,CB,720,81,640,902.144987,0.19508,902.340067,2698.075139,3600.415206,270,-1000.20205764234,470.4452065342,0,TIME_LIMIT,TIME_LIMIT_WITH_CHECKPOINT,NaN,NaN,NaN,NaN,NaN,156055,1,TIME_LIMIT,2.00208104559032,1,0,470.44520653420005,OK
1272,PARK_21,qspp,GUROBI,720,81,640,0,0.002089,0.002089,303.362878,303.364967,140,140,0,1,OPTIMAL,NA,NaN,NaN,NaN,NaN,NaN,0,59012,OPTIMAL,0,1,1,0.0,OK
1273,PARK_22,qspp,ADMM,720,81,640,223.216017,0.353317,223.569334,48.238327,271.807661,125,125,7.95807864051312e-14,1,OPTIMAL,CONVERGED,844,0.000897429396907729,-7.93395086285478,1.47502335370263e-14,6.08258790694269e-06,252782,9,OPTIMAL,0,1,1,0.0,OK
1274,PARK_22,qspp,CB,720,81,640,902.266703,0.190171,902.456874,2697.898659,3600.355533,290,-1000.96579793261,445.160619976761,0,TIME_LIMIT,TIME_LIMIT_WITH_CHECKPOINT,NaN,NaN,NaN,NaN,NaN,152441,1,TIME_LIMIT,1.82937467042306,1,0,445.16061997676206,OK
1275,PARK_22,qspp,GUROBI,720,81,640,0,0.002835,0.002835,235.518713,235.521548,125,125,0,1,OPTIMAL,NA,NaN,NaN,NaN,NaN,NaN,0,39811,OPTIMAL,0,1,1,0.0,OK
1276,PARK_23,qspp,ADMM,720,81,640,226.581167,0.360572,226.941739,34.886636,261.828375,136,136,1.4628821030355e-13,1,OPTIMAL,CONVERGED,853,0.000948427890971808,-8.78114101881986,1.50595890670878e-14,6.46226281814947e-06,256867,1,OPTIMAL,0,1,1,0.0,OK
1277,PARK_23,qspp,CB,720,81,640,902.192205,0.19205,902.384255,2697.949546,3600.333801,318,-985.69055103414,409.965582086208,0,TIME_LIMIT,TIME_LIMIT_WITH_CHECKPOINT,NaN,NaN,NaN,NaN,NaN,155510,1,TIME_LIMIT,0.896537716501054,1,0,409.96558208620746,OK
1278,PARK_23,qspp,GUROBI,720,81,640,0,0.002993,0.002993,247.345322,247.348315,136,136,0,1,OPTIMAL,NA,NaN,NaN,NaN,NaN,NaN,0,54600,OPTIMAL,0,1,1,0.0,OK
1279,PARK_24,qspp,ADMM,720,81,640,211.435118,0.371426,211.806544,37.294814,249.101358,137,137,3.31932372909828e-13,1,OPTIMAL,CONVERGED,780,0.000952837396772903,-8.2096850051602,1.47453212796714e-14,5.93126462968636e-06,255345,1,OPTIMAL,0,1,1,0.0,OK
1280,PARK_24,qspp,CB,720,81,640,902.19559,0.190494,902.386084,2697.932318,3600.318402,280,-984.861355648094,451.736198445748,0,TIME_LIMIT,TIME_LIMIT_WITH_CHECKPOINT,NaN,NaN,NaN,NaN,NaN,147522,1,TIME_LIMIT,1.81129485031977,1,0,451.73619844574785,OK
1281,PARK_24,qspp,GUROBI,720,81,640,0,0.002226,0.002226,273.632261,273.634487,137,137,0,1,OPTIMAL,NA,NaN,NaN,NaN,NaN,NaN,0,50871,OPTIMAL,0,1,1,0.0,OK
1282,PARK_25,qspp,ADMM,990,100,891,383.499775,0.62178,384.121555,3216.574605,3600.69616,230,160.950134147767,30.0216808053187,0,TIME_LIMIT,CONVERGED,580,0.000992901120063005,-9.53936104598028,2.72160514191148e-14,6.9425769413907e-06,431567,1291,TIME_LIMIT,0,1,0,30.021680805318702,OK
1283,PARK_25,qspp,CB,990,100,891,902.798445,0.202636,903.001081,2697.176184,3600.177265,179,-1296.82192553441,824.481522644922,0,TIME_LIMIT,TIME_LIMIT_WITH_CHECKPOINT,NaN,NaN,NaN,NaN,NaN,19294,876,TIME_LIMIT,0,1,0,824.4815226449217,OK
1284,PARK_25,qspp,GUROBI,990,100,891,0,0.002599,0.002599,3600.461785,3600.464384,172,93,45.9302325581395,0,TIME_LIMIT,NA,NaN,NaN,NaN,NaN,NaN,0,687766,TIME_LIMIT,0,1,0,45.93023255813954,OK
1285,PARK_26,qspp,ADMM,990,100,891,361.642105,0.623165,362.26527,3238.509769,3600.775039,176,168.892223014924,4.03850965061134,0,TIME_LIMIT,CONVERGED,555,0.000993150474466717,-9.9809992090521,2.7374122100819e-14,8.05059437488789e-06,431752,1601,TIME_LIMIT,0,1,0,4.038509650611356,OK
1286,PARK_26,qspp,CB,990,100,891,902.26087,0.20515,902.46602,2697.713198,3600.179218,206,-1292.31197203665,727.335908755654,0,TIME_LIMIT,TIME_LIMIT_WITH_CHECKPOINT,NaN,NaN,NaN,NaN,NaN,19294,980,TIME_LIMIT,0,1,0,727.3359087556554,OK
1287,PARK_26,qspp,GUROBI,990,100,891,0,0.001245,0.001245,3600.3548,3600.356045,176,113,35.7954545454545,0,TIME_LIMIT,NA,NaN,NaN,NaN,NaN,NaN,0,592691,TIME_LIMIT,0,1,0,35.79545454545455,OK
1288,PARK_27,qspp,ADMM,990,100,891,360.039967,0.613187,360.653154,1309.747231,1670.400385,167,167,0,1,OPTIMAL,CONVERGED,546,0.000992232503410139,-9.76464854913897,2.67174617773136e-14,7.82608603477042e-06,431668,1112,OPTIMAL,0,1,1,0.0,OK
1289,PARK_27,qspp,CB,990,100,891,901.839557,0.189942,902.029499,2698.191384,3600.220883,203,-1282.43675394244,731.742243321401,0,TIME_LIMIT,TIME_LIMIT_WITH_CHECKPOINT,NaN,NaN,NaN,NaN,NaN,19294,1206,TIME_LIMIT,0,1,0,731.742243321399,OK
1290,PARK_27,qspp,GUROBI,990,100,891,0,0.000867,0.000867,2945.494648,2945.495515,167,167,0,1,OPTIMAL,NA,NaN,NaN,NaN,NaN,NaN,0,576334,OPTIMAL,0,1,1,0.0,OK
1291,PARK_28,qspp,ADMM,990,100,891,342.905063,0.700996,343.606059,3257.39842,3601.004479,231,166.020281662766,28.1297481979367,0,TIME_LIMIT,CONVERGED,558,0.000995843172626271,-9.56646832492858,2.69851372546847e-14,7.48216778099418e-06,431343,1228,TIME_LIMIT,0,1,0,28.1297481979368,OK
1292,PARK_28,qspp,CB,990,100,891,901.966731,0.224021,902.190752,2698.034464,3600.225216,194,-1292.17721584221,766.070729815572,0,TIME_LIMIT,TIME_LIMIT_WITH_CHECKPOINT,NaN,NaN,NaN,NaN,NaN,19294,1021,TIME_LIMIT,0,1,0,766.0707298155721,OK
1293,PARK_28,qspp,GUROBI,990,100,891,0,0.000709,0.000709,3209.793541,3209.79425,182,182,0,1,OPTIMAL,NA,NaN,NaN,NaN,NaN,NaN,0,634820,OPTIMAL,0,1,1,0.0,OK
